{"hasZ":true,"hasM":true,"type":"FeatureCollection","features":[{"type":"Feature","id":0,"geometry":{"type":"Polygon","coordinates":[[[-46.316692202283264,-23.063927630255879,0],[-46.316774045086042,-23.063777315770441,0],[-46.317005078221769,-23.063020831246337,0],[-46.316962272290993,-23.062306244337663,0],[-46.317102912769144,-23.061153190267476,0],[-46.317070938273169,-23.060976703711866,0],[-46.316911073886907,-23.060088398360836,0],[-46.316789583572358,-23.059700133154596,0],[-46.316700062357938,-23.059223623771175,0],[-46.316536503556733,-23.059101010203388,0],[-46.31654834672878,-23.059096021663997,0],[-46.316651355975239,-23.059066486129375,0],[-46.316764973624572,-23.059065539143283,0],[-46.316920092288399,-23.059083362806913,0],[-46.31695191569834,-23.059169126653806,0],[-46.31697350302472,-23.059264533031751,0],[-46.317036219945585,-23.059340479879204,0],[-46.31708870078284,-23.05942607015697,0],[-46.317161653787259,-23.059492372674814,0],[-46.317193663356832,-23.059597251611816,0],[-46.317225486766745,-23.059683014559425,0],[-46.31727796760407,-23.059768604837185,0],[-46.317299555829777,-23.059864011215083,0],[-46.317341707953403,-23.059949687827764,0],[-46.317394189690049,-23.060035278105548,0],[-46.317415777016436,-23.060130685382767,0],[-46.317447600426362,-23.06021644922971,0],[-46.317469188652069,-23.060311854708289,0],[-46.317521668590082,-23.060397444986048,0],[-46.31769837907688,-23.060510675926956,0],[-46.317761096897073,-23.060586620975755,0],[-46.317782684223452,-23.060682028252977,0],[-46.317783615021774,-23.060777607300675,0],[-46.317784544920748,-23.060873187247758,0],[-46.317785474819743,-23.060968766295503,0],[-46.317807063045507,-23.06106417177406,0],[-46.317818321658187,-23.061159666285512,0],[-46.31787108398327,-23.061273928748783,0],[-46.31790300092274,-23.061369248791788,0],[-46.317935011391619,-23.061474127728804,0],[-46.3179360348201,-23.06157926477119,0],[-46.317895555435477,-23.061665630264599,0],[-46.317906814947499,-23.061761123876682,0],[-46.31800024101824,-23.061808137735344,0],[-46.318062960637064,-23.061884083683488,0],[-46.318146150624329,-23.061940741871695,0],[-46.318250000736903,-23.061997227390069,0],[-46.318343427706964,-23.06204424124871,0],[-46.318447463079913,-23.062119840957852,0],[-46.318499945715871,-23.062205431235597,0],[-46.318490547800479,-23.062301096618285,0],[-46.318481149885145,-23.062396762000919,0],[-46.31844113455066,-23.062530918367155,0],[-46.318431830164798,-23.062636140845211,0],[-46.318432853593272,-23.062741277887589,0],[-46.318464678801831,-23.062827040835199,0],[-46.318476031843382,-23.062932092442033,0],[-46.318559223629222,-23.062988748831621,0],[-46.318529165588473,-23.063084585984832,0],[-46.318478358389498,-23.063171037813106,0],[-46.318437879904195,-23.063257405105112,0],[-46.318469797742914,-23.063352725148082,0],[-46.318501622951494,-23.063438487196379,0],[-46.318543777773058,-23.063524163809056,0],[-46.318585931695345,-23.063609840421748,0],[-46.318649210692463,-23.06374313433815,0],[-46.318649396852152,-23.06376224942823,0],[-46.318639998037447,-23.063857913911534,0],[-46.318578861225433,-23.063944452074747,0],[-46.318486362355713,-23.063993018163202,0],[-46.31842513111485,-23.064069999231041,0],[-46.318363900773349,-23.06414698119816,0],[-46.318354781647841,-23.064271318766313,0],[-46.318303972650206,-23.064357770594594,0],[-46.318273821979233,-23.0644440515517,0],[-46.318254093551559,-23.064539803269266,0],[-46.318327051052513,-23.064606103988471,0],[-46.318420293661575,-23.064634001857659,0],[-46.318513629800137,-23.064671456822225,0],[-46.318606965039343,-23.064708912686108,0],[-46.318700487337594,-23.064765483640084,0],[-46.318722077361954,-23.064860890017989,0],[-46.318764233082845,-23.064946565731361,0],[-46.318796058291419,-23.065032328678974,0],[-46.318858872339042,-23.065117832621823,0],[-46.318870132750369,-23.06521332533465,0],[-46.318871064448061,-23.065308905281704,0],[-46.318871994347042,-23.065404483430132,0],[-46.318883348287855,-23.065509533238274,0],[-46.318884279985468,-23.065605113185363,0],[-46.318823139576182,-23.065691652247882,0],[-46.318720406421569,-23.065749860867367,0],[-46.318659174281429,-23.065826841935159,0],[-46.3186186939975,-23.065913209227173,0],[-46.318567885899199,-23.065999660156134,0],[-46.318506746389176,-23.066086199218653,0],[-46.318548902110081,-23.066171875831341,0],[-46.318601480074221,-23.066267023204492,0],[-46.318674531104705,-23.066342882817739,0],[-46.318757724689192,-23.066399539207339,0],[-46.318851061727052,-23.066436995071239,0],[-46.31894449229447,-23.066484008030493,0],[-46.31901745069473,-23.066550309649038,0],[-46.319028711106114,-23.066645803261164,0],[-46.319050301130474,-23.066741208739753,0],[-46.319092550380844,-23.066836443347142,0],[-46.31912447001821,-23.066931763390127,0],[-46.319187563755008,-23.06704594041776,0],[-46.31925177714777,-23.067274811583225,0],[-46.319358332421075,-23.067608475350827,0],[-46.3193505173125,-23.06786662394553,0],[-46.319331068573888,-23.067991048747853,0],[-46.31921800310829,-23.068049347299507,0],[-46.319094886819549,-23.068136402572854,0],[-46.319178268362364,-23.068212175851201,0],[-46.319250388594511,-23.068192456416682,0],[-46.319509839407544,-23.068314551075616,0],[-46.319748070716855,-23.068379471335501,0],[-46.31987444884669,-23.068626938682243,0],[-46.319927682416562,-23.068788991118996,0],[-46.319866821696394,-23.068904205064939,0],[-46.319765018440812,-23.069057995430118,0],[-46.319910097972581,-23.06910457491615,0],[-46.320045222009348,-23.069189473615278,0],[-46.320139773131991,-23.069351179813026,0],[-46.32020370773489,-23.06955137789372,0],[-46.320440918313693,-23.069511160211842,0],[-46.320626571658913,-23.069480931299886,0],[-46.320876163204339,-23.069650899569279,0],[-46.320950242159888,-23.069831894426329,0],[-46.321231943099633,-23.070116296929537,0],[-46.321401415842615,-23.070545019037354,0],[-46.321540835940773,-23.07106957919769,0],[-46.321442949232676,-23.071624799944509,0],[-46.321227796325665,-23.071808215776539,0],[-46.321136881162097,-23.072019266875635,0],[-46.321002125847372,-23.071972601953981,0],[-46.32080669867014,-23.072060264269737,0],[-46.320705452094899,-23.072271402603121,0],[-46.320882646416997,-23.072432417222224,0],[-46.321038060058363,-23.07247891037337,0],[-46.321122099005599,-23.072621586916686,0],[-46.321144624324901,-23.072812572342276,0],[-46.321369828954417,-23.072600396191248,0],[-46.321584610441391,-23.072378749279828,0],[-46.321935545688866,-23.072347136311247,0],[-46.322159908552919,-23.072048938207907,0],[-46.322281998715255,-23.071856743194076,0],[-46.32243722619701,-23.071884117657895,0],[-46.322699302131063,-23.072273827175373,0],[-46.322877431748054,-23.072530419043574,0],[-46.322933472102015,-23.072979206824868,0],[-46.323062290092601,-23.073475176638059,0],[-46.323078735994848,-23.073447090810511,0],[-46.323085480910152,-23.07356157001038,0],[-46.323189493800051,-23.073671813403376,0],[-46.323224811076102,-23.073774694046847,0],[-46.323260981808822,-23.073964872780611,0],[-46.323391191949888,-23.074122515841388,0],[-46.323436173340667,-23.074336431281207,0],[-46.323539953306181,-23.07442286602242,0],[-46.323678198889745,-23.074524884215947,0],[-46.323677422774779,-23.074445522642709,0],[-46.323719686414343,-23.074381675274029,0],[-46.323736065766759,-23.074302169809247,0],[-46.323691937832628,-23.074175553359055,0],[-46.323690695868891,-23.074048575381436,0],[-46.323689375664124,-23.073913660886706,0],[-46.323645325970972,-23.073794979154904,0],[-46.323558312066375,-23.073668722433521,0],[-46.323505917563978,-23.073573920400072,0],[-46.323461867870883,-23.073455236869638,0],[-46.323460703248827,-23.073336197207706,0],[-46.32351965740623,-23.073224587744498,0],[-46.323467417587224,-23.073145657845764,0],[-46.323389369923461,-23.073059008166638,0],[-46.323367333835336,-23.072954209269319,0],[-46.323343923583153,-23.072797477221744,0],[-46.323331854681328,-23.072440424785725,0],[-46.323372491447294,-23.072209917753472,0],[-46.323447744018161,-23.072010868107057,0],[-46.323582882444043,-23.071795443604806,0],[-46.323753955980237,-23.071746389184447,0],[-46.323976959968675,-23.071744518594606,0],[-46.324068180002499,-23.071757251196122,0],[-46.324209083082685,-23.071798128980461,0],[-46.324449085157084,-23.071780243263557,0],[-46.324629591682253,-23.07181841318917,0],[-46.324766746388214,-23.071809324640569,0],[-46.324808233912862,-23.071666114799335,0],[-46.324875608422531,-23.071538561255586,0],[-46.324781570812767,-23.071571097827881,0],[-46.324627650045954,-23.0716200101553,0],[-46.324473419013039,-23.071637178213187,0],[-46.324318021559407,-23.071535303011768,0],[-46.32425250504901,-23.071442445312563,0],[-46.324276639255466,-23.071401224886586,0],[-46.324338599846442,-23.071385395019927,0],[-46.324462240440035,-23.071198794688598,0],[-46.324577611767324,-23.071024676047891,0],[-46.324620443778429,-23.070795135786845,0],[-46.324670997368571,-23.070667009374922,0],[-46.324954869271778,-23.070541643881718,0],[-46.32528669842236,-23.070519676142112,0],[-46.325714495127784,-23.070516084249867,0],[-46.326185651746414,-23.07033034187172,0],[-46.32658124103142,-23.070525206972661,0],[-46.32695666391885,-23.071029256295109,0],[-46.327098881807899,-23.07123638365217,0],[-46.327197311706534,-23.071310238676514,0],[-46.327266855381026,-23.071470809929892,0],[-46.327428299876104,-23.071905751749007,0],[-46.327511774948391,-23.072620424992603,0],[-46.327518837324419,-23.072907302429993,0],[-46.327448436596065,-23.073092632918641,0],[-46.327309455367015,-23.073215651181311,0],[-46.327174027359433,-23.073267889201713,0],[-46.326961907865716,-23.07329718641596,0],[-46.32682551668421,-23.073251163610308,0],[-46.324534840010813,-23.072287742385349,0],[-46.324325890627335,-23.072206949990687,0],[-46.324211087671543,-23.072196121253977,0],[-46.324083961305753,-23.072228634443878,0],[-46.323957567887419,-23.072335820141927,0],[-46.323899674030706,-23.072497461588512,0],[-46.323932253770465,-23.072788055923969,0],[-46.324008254577237,-23.073229122126246,0],[-46.324053041714485,-23.073464585322306,0],[-46.324374248073077,-23.074272583912546,0],[-46.324778330555503,-23.075409076967293,0],[-46.325017295711589,-23.076006001076035,0],[-46.325055927888748,-23.076055284823493,0],[-46.325011386266389,-23.076048003912216,0],[-46.324826889449348,-23.075782843303568,0],[-46.324471037608255,-23.075586453851709,0],[-46.324250405132034,-23.075390055406675,0],[-46.324065369621053,-23.075376973868227,0],[-46.32402268240083,-23.075547203840369,0],[-46.324335861410816,-23.076123332925423,0],[-46.32457786627549,-23.076614354668656,0],[-46.324770040604847,-23.076869682090095,0],[-46.324741587853964,-23.077053007090566,0],[-46.324563657886472,-23.076928621858372,0],[-46.324271864754735,-23.076876266026833,0],[-46.324108171055236,-23.076764975822925,0],[-46.323816382420091,-23.076758449442824,0],[-46.323816874349241,-23.076766760977197,0],[-46.323796148573365,-23.076752648815663,0],[-46.323741930245831,-23.075859965564916,0],[-46.323702984205347,-23.075678501261766,0],[-46.323572568119459,-23.075374971078023,0],[-46.323187405574302,-23.074542939904685,0],[-46.322849217317462,-23.073626990293334,0],[-46.322762148554261,-23.073411534314793,0],[-46.322649875391399,-23.073333861668342,0],[-46.322511342924095,-23.073285889132421,0],[-46.32236305461123,-23.073326437764816,0],[-46.322220986009661,-23.07346028656292,0],[-46.322037448769208,-23.073697661717691,0],[-46.321810569602064,-23.073846959969167,0],[-46.321735192025479,-23.073863476018577,0],[-46.321752985112141,-23.073841645875234,0],[-46.321787358999359,-23.073817926256265,0],[-46.321847515550353,-23.07381001581949,0],[-46.32185610857249,-23.07380210898009,0],[-46.32217406208327,-23.073446310199017,0],[-46.322174060284638,-23.073414686438561,0],[-46.322148277620904,-23.073383061778809,0],[-46.322122494957121,-23.073359344857799,0],[-46.322088116573298,-23.073327721097431,0],[-46.322070927831028,-23.073296098236305,0],[-46.322036550346454,-23.073264475375193,0],[-46.322019360704886,-23.073224944775344,0],[-46.322002170163955,-23.073185415074807,0],[-46.321976388399548,-23.073161697254477,0],[-46.321942010915052,-23.073137981232772,0],[-46.321907635229145,-23.073122170251914,0],[-46.321873260442601,-23.073114266110483,0],[-46.321813102992287,-23.073106363767632,0],[-46.321813104790905,-23.07313798932671,0],[-46.32181310479092,-23.073169613087142,0],[-46.321795921444554,-23.073209146384947,0],[-46.321761546658024,-23.073240772843334,0],[-46.321727170972103,-23.073240774641988,0],[-46.321684202264066,-23.073240778239263,0],[-46.321632639634572,-23.073240780037899,0],[-46.321598262150012,-23.073209157176784,0],[-46.321598260351379,-23.073177533416402,0],[-46.321598258552747,-23.073145907857331,0],[-46.3215982567541,-23.073106377257432,0],[-46.321598254056141,-23.073066845758266,0],[-46.321598253156814,-23.073019409218325,0],[-46.321598251358175,-23.07298778275991,0],[-46.32159824866023,-23.072948252160078,0],[-46.321606841682353,-23.072932439380512,0],[-46.321624026827358,-23.072892906082693,0],[-46.321649806793118,-23.072869187363032,0],[-46.321649804994479,-23.072829654964536,0],[-46.32166699013942,-23.072782216625974,0],[-46.321692770105187,-23.072758496107657,0],[-46.321727144891788,-23.072734777387996,0],[-46.321761518778999,-23.072711055071057,0],[-46.321778703923997,-23.072687336351468,0],[-46.321795889068994,-23.072631991173445,0],[-46.321787294248175,-23.072616179293231,0],[-46.321744324640804,-23.072600369211617,0],[-46.32169276021267,-23.072576653189966,0],[-46.3216154149194,-23.072552938067588,0],[-46.321598228875139,-23.07256875174647,0],[-46.321581042830815,-23.07260828414498,0],[-46.321581044629447,-23.072639908804717,0],[-46.321563858585129,-23.072679441203206,0],[-46.321555267361653,-23.072703160822179,0],[-46.321538081317385,-23.072742693220682,0],[-46.321520895273068,-23.072766411940318,0],[-46.321486521385793,-23.072798040197366,0],[-46.321469335341533,-23.072829664857128,0],[-46.321443557174412,-23.072877104994344,0],[-46.321417776309268,-23.072908730553419,0],[-46.321409184186443,-23.072932449273075,0],[-46.321391998142133,-23.072964075731484,0],[-46.321391999940829,-23.07300360723066,0],[-46.321383407817962,-23.073035232789721,0],[-46.321383409616601,-23.073074764288897,0],[-46.32138341231456,-23.073122200828834,0],[-46.321383412314553,-23.073130107668312,0],[-46.321417790698433,-23.073177543308912,0],[-46.321452169082306,-23.073224978050227,0],[-46.321477950846713,-23.07324078903115,0],[-46.321520919554757,-23.073264505052773,0],[-46.321546704017123,-23.073296127913917,0],[-46.321581082400996,-23.073343565353252,0],[-46.321589677221759,-23.073383094154451,0],[-46.321598272941912,-23.073406812874062,0],[-46.321598274740559,-23.07343843933246,0],[-46.321615464382141,-23.07347796813367,0],[-46.321615467080107,-23.073517499632885,0],[-46.321632655822377,-23.073541216553842,0],[-46.321641252441793,-23.073580747153695,0],[-46.321649844564668,-23.073596559033959,0],[-46.321658442982717,-23.073643995573903,0],[-46.321658444781349,-23.073683527073058,0],[-46.321641258737031,-23.073715152632133,0],[-46.321624071793451,-23.073723061270222,0],[-46.321615478771257,-23.073754685929938,0],[-46.321589699704823,-23.073794219227807,0],[-46.321563922437015,-23.073857470345953,0],[-46.321529546751151,-23.073865378084687,0],[-46.321503765886064,-23.073889097703656,0],[-46.321504049172461,-23.073889618411108,0],[-46.321258448818291,-23.073861409376494,0],[-46.320918336911696,-23.073834775954086,0],[-46.320637398597,-23.073886260342611,0],[-46.320431420573584,-23.074000986855982,0],[-46.319941971744583,-23.074452191115711,0],[-46.319811000777008,-23.07463507724697,0],[-46.319399955743343,-23.07550325397192,0],[-46.319269366088356,-23.075725442275317,0],[-46.319110933422792,-23.075815207206016,0],[-46.318983687447215,-23.075835923089347,0],[-46.318845152281938,-23.075787947855471,0],[-46.318764547845561,-23.075690355225671,0],[-46.318725846420655,-23.075533453206273,0],[-46.318727756580635,-23.075184593594088,0],[-46.318760903792622,-23.074771598830178,0],[-46.318838062026884,-23.074515462918217,0],[-46.319051550288755,-23.074081309804573,0],[-46.319097470571762,-23.073889307245679,0],[-46.319053508112859,-23.073737362289421,0],[-46.318956733866116,-23.07361533867692,0],[-46.318662160030613,-23.073357394228314,0],[-46.318399924916548,-23.073148312644491,0],[-46.318116356084943,-23.072929582234373,0],[-46.31800858223022,-23.072768343684061,0],[-46.317959264308577,-23.072611528898918,0],[-46.317957015104128,-23.072380622567582,0],[-46.31796046040688,-23.072188975240973,0],[-46.31791697638733,-23.072086159348707,0],[-46.317794040862282,-23.072003659141494,0],[-46.317543576075138,-23.071912396839576,0],[-46.317138748054731,-23.071783116597498,0],[-46.317011171128634,-23.07176943970785,0],[-46.316894788063969,-23.071814630640645,0],[-46.316842457413436,-23.07189368014917,0],[-46.316791176271749,-23.072080813778481,0],[-46.316825272268431,-23.07226822619765,0],[-46.316693499105668,-23.072069102806783,0],[-46.316774092750151,-23.071858139841268,0],[-46.316999675094912,-23.071684201964359,0],[-46.316997815296872,-23.071493043868823,0],[-46.316913689115438,-23.071340806632868,0],[-46.317033926674355,-23.070957457120912,0],[-46.317231778423782,-23.070057290611448,0],[-46.317203306787114,-23.069254598920558,0],[-46.317196610435197,-23.068566431395666,0],[-46.317317589035433,-23.06825954314337,0],[-46.317295256171121,-23.068087672807785,0],[-46.317181544992238,-23.067018049743179,0],[-46.316947416390114,-23.066312660201046,0],[-46.316861619268245,-23.065988379959741,0],[-46.316771919988078,-23.065262669336668,0],[-46.316643878112416,-23.06484315358864,0],[-46.316597541443343,-23.064327370811451,0],[-46.316692202283264,-23.063927630255879,0]],[[-46.326842030035607,-23.071549825264203,0],[-46.326829347796149,-23.071579000170694,0],[-46.326823007575683,-23.071596506373613,0],[-46.326810325336233,-23.071625681280118,0],[-46.326810328933504,-23.07165485528731,0],[-46.326810330732144,-23.071678192694385,0],[-46.326829360386618,-23.071707364902931,0],[-46.326842045324099,-23.071719032707158,0],[-46.326873757218088,-23.071730701410669,0],[-46.326892784174625,-23.071742368315597,0],[-46.326924496068614,-23.071742365617631,0],[-46.326949863245552,-23.071730693316798,0],[-46.326981572441589,-23.071707351413067,0],[-46.326987913561318,-23.071689846109443,0],[-46.327013279838987,-23.071666506004391,0],[-46.327025962078451,-23.071648999801479,0],[-46.32705133015476,-23.071643163201394,0],[-46.327108411024312,-23.071648992606868,0],[-46.327159148975518,-23.071660657713135,0],[-46.327184518850402,-23.071666489816593,0],[-46.327203545806924,-23.071672322819381,0],[-46.327235258600247,-23.07167815492291,0],[-46.327102042924892,-23.071374758738106,0],[-46.327083016867675,-23.071380596237461,0],[-46.327051307671695,-23.071398103339735,0],[-46.327019597576346,-23.071415611341369,0],[-46.326994230399357,-23.071433116644979,0],[-46.326968864121739,-23.071450623747239,0],[-46.3269434969448,-23.07146812995018,0],[-46.32691178774877,-23.071485637052497,0],[-46.326880077653421,-23.071503143255431,0],[-46.326861051596211,-23.071520651256993,0],[-46.326842030035607,-23.071549825264203,0]],[[-46.326772238148237,-23.071252260283526,0],[-46.326835657439574,-23.071234748684695,0],[-46.326848342377055,-23.071228913883203,0],[-46.326873708654716,-23.071211406780943,0],[-46.32687370685602,-23.071182233673099,0],[-46.326867363038332,-23.071164730168103,0],[-46.326835649345696,-23.071135557959561,0],[-46.326816619691222,-23.071106386650388,0],[-46.326810275873484,-23.071083048343954,0],[-46.326810274074823,-23.07105970913824,0],[-46.326721471418757,-23.070902179392021,0],[-46.326708784682637,-23.070890510688461,0],[-46.326696097946531,-23.070867173281368,0],[-46.326670727172257,-23.070843835874282,0],[-46.326651698417102,-23.070820499366498,0],[-46.326632670561253,-23.070802995861523,0],[-46.326619984724466,-23.070779657555093,0],[-46.326600956868624,-23.07076215584873,0],[-46.326588271031824,-23.070744653243072,0],[-46.32656290115694,-23.070727150637435,0],[-46.326556556439868,-23.070697976630299,0],[-46.32655021442082,-23.070680473125243,0],[-46.326537525886067,-23.070651300916779,0],[-46.326531182068372,-23.070627961711008,0],[-46.326467758280387,-23.070598793999128,0],[-46.326436046386391,-23.070587127094196,0],[-46.32641067741082,-23.070575460189268,0],[-46.326391648655601,-23.070552123681519,0],[-46.326385305737233,-23.070534619277215,0],[-46.326385303039267,-23.070505445270051,0],[-46.326372617202495,-23.070487942664389,0],[-46.326328220371003,-23.070458773153799,0],[-46.326302849596807,-23.070441271447461,0],[-46.326258453664657,-23.070417934939716,0],[-46.326233082890425,-23.0703829297284,0],[-46.326220397952966,-23.070377094926926,0],[-46.326169660901087,-23.070377101222217,0],[-46.326156976862933,-23.070377101222217,0],[-46.326106240710374,-23.070377105718833,0],[-46.326080872634137,-23.070377108416753,0],[-46.326068190394615,-23.070406283323283,0],[-46.326061850174199,-23.070429623428286,0],[-46.326061852872158,-23.070458797435499,0],[-46.326061854670797,-23.070482134842635,0],[-46.326074541406911,-23.070511307950476,0],[-46.326087226344384,-23.070522975754688,0],[-46.326112595319962,-23.070534643558915,0],[-46.326150650132377,-23.070557980066667,0],[-46.326156993950057,-23.070587152275206,0],[-46.326163339566456,-23.070622160184481,0],[-46.326163343163742,-23.070657169892439,0],[-46.326144318005866,-23.07068050909816,0],[-46.326125293747289,-23.070698016200446,0],[-46.326112612407087,-23.070721356305516,0],[-46.326099929268253,-23.070744696410546,0],[-46.326087247028795,-23.070762200814904,0],[-46.326074563889961,-23.070785541819252,0],[-46.326068224568886,-23.070808880125689,0],[-46.326068226367518,-23.070838054132821,0],[-46.326080913103631,-23.070861394237909,0],[-46.326099940959466,-23.070890564647797,0],[-46.326118967016654,-23.07088472804768,0],[-46.326144334193614,-23.070867221844761,0],[-46.326201412365258,-23.070861383446072,0],[-46.326233121561238,-23.070849710245909,0],[-46.326264830757282,-23.070838037045746,0],[-46.326271173675707,-23.070838037045757,0],[-46.326296541751958,-23.070832201344949,0],[-46.326328251847322,-23.070832196848347,0],[-46.326353622621532,-23.070861368157573,0],[-46.326372649578055,-23.070867202059684,0],[-46.326398018553675,-23.070878868964602,0],[-46.326410705289796,-23.07090220727099,0],[-46.326417049107476,-23.070925544678119,0],[-46.326404367767338,-23.070954719584609,0],[-46.326391684628497,-23.07097222578756,0],[-46.32636631655226,-23.07098389718907,0],[-46.326328267135764,-23.071007239992078,0],[-46.326283874800943,-23.07103058279511,0],[-46.326271191662109,-23.071053922900205,0],[-46.326258510321964,-23.071083097806643,0],[-46.32623948696272,-23.07111227271314,0],[-46.326239487862047,-23.071129777117445,0],[-46.326245832579048,-23.071164785026781,0],[-46.326264861334266,-23.07118228763245,0],[-46.326283889190108,-23.071205625039532,0],[-46.326309259064999,-23.071217291944432,0],[-46.326353654997149,-23.071234792751458,0],[-46.326372681953664,-23.071240625754214,0],[-46.326404392049028,-23.071240622156942,0],[-46.326429761024599,-23.071234787355479,0],[-46.326486839196214,-23.071228946258856,0],[-46.326493181215312,-23.071228946258827,0],[-46.326518548392237,-23.071211439156574,0],[-46.326537574449446,-23.07119393295358,0],[-46.326562940727101,-23.071182260652783,0],[-46.326594650822415,-23.071170589251267,0],[-46.326639045855245,-23.07116474995318,0],[-46.326670755950609,-23.071164747255246,0],[-46.32670880896432,-23.071164743657988,0],[-46.326721493002481,-23.071170577560057,0],[-46.326734180637857,-23.071193914967175,0],[-46.326753207594436,-23.071217253273552,0],[-46.326759552311458,-23.071234756778541,0],[-46.326772238148237,-23.071252260283526,0]],[[-46.319187230106543,-23.074841602957587,0],[-46.319203388225731,-23.07482178100036,0],[-46.319214159405881,-23.074797003778638,0],[-46.3192357035648,-23.074782137985206,0],[-46.319251861684052,-23.074757361662869,0],[-46.319257246824471,-23.074732586239804,0],[-46.319273404943658,-23.074707808118813,0],[-46.319289562163533,-23.074683032695745,0],[-46.319316492362212,-23.074668165103667,0],[-46.319332651380705,-23.074658254574736,0],[-46.319354194640312,-23.074638432617494,0],[-46.319375738799245,-23.074618611559629,0],[-46.319402668098633,-23.074598789602412,0],[-46.319424212257559,-23.074574013280014,0],[-46.319440370376753,-23.074544280793873,0],[-46.319445756416485,-23.074529414101093,0],[-46.31945652759665,-23.074509593942533,0],[-46.319456525797989,-23.074479863255018,0],[-46.319456524898669,-23.074450130768877,0],[-46.319456523999349,-23.074425356245175,0],[-46.319456523100037,-23.074400579922777,0],[-46.319440364081515,-23.074380758864887,0],[-46.319429591102733,-23.074365894870077,0],[-46.319408046044451,-23.074351029076695,0],[-46.319391887025922,-23.074336165081888,0],[-46.319354182949155,-23.074331210716753,0],[-46.319305707692202,-23.074321302885767,0],[-46.31928954867368,-23.074321302885782,0],[-46.319251844596927,-23.074316351218616,0],[-46.319214142318799,-23.074316351218599,0],[-46.319052559328114,-23.07438573121647,0],[-46.319036401208912,-23.074395641745415,0],[-46.319009471010268,-23.074415462803316,0],[-46.319004085869835,-23.074425374231563,0],[-46.318982541710909,-23.074465017246741,0],[-46.318982542610229,-23.07446997161184,0],[-46.318982544408875,-23.074494747934242,0],[-46.3189879304486,-23.074519524256569,0],[-46.318993315589019,-23.074534389150696,0],[-46.31900947640618,-23.074559163674397,0],[-46.319009477305485,-23.074574028568517,0],[-46.319009478204812,-23.074603761054671,0],[-46.319009478204805,-23.074613670684297,0],[-46.319020251183595,-23.074633491742183,0],[-46.319036411101422,-23.074648355736961,0],[-46.319047183180942,-23.074668175895571,0],[-46.319057956159725,-23.074683041688932,0],[-46.319057957059044,-23.074712773275841,0],[-46.319057957958371,-23.074742503064034,0],[-46.319057958857684,-23.074767280285705,0],[-46.319057959757004,-23.07479205570877,0],[-46.319057960656323,-23.074811876766642,0],[-46.319068735433753,-23.074841608353502,0],[-46.31907412057415,-23.074856473247618,0],[-46.319090279592672,-23.074871337242392,0],[-46.31913337060854,-23.074881245972676,0],[-46.319149528727735,-23.074881245073374,0],[-46.319165686846922,-23.074881245073364,0],[-46.319187230106543,-23.074841602957587,0]],[[-46.318971783121242,-23.074861431210028,0],[-46.318944852023279,-23.074841611950777,0],[-46.31892869300475,-23.074826746157388,0],[-46.318907147946504,-23.074816838326406,0],[-46.31888021774779,-23.074826748855337,0],[-46.318864058729275,-23.074836661182932,0],[-46.318847900610081,-23.074856482240818,0],[-46.318842514570349,-23.07488125766389,0],[-46.318842517268315,-23.074915943615842,0],[-46.318842517268322,-23.074925854144794,0],[-46.318842519066948,-23.074960540996113,0],[-46.318842519066948,-23.074990271683621,0],[-46.318842519966267,-23.075024957635659,0],[-46.318837134825863,-23.075044779592858,0],[-46.318831749685451,-23.075059645386236,0],[-46.31885329474369,-23.075074510280388,0],[-46.318880226741044,-23.075089374275141,0],[-46.31890177089997,-23.075099283005443,0],[-46.318923315958223,-23.075114148798885,0],[-46.318939475876043,-23.075133968058147,0],[-46.318950248854833,-23.075148833851543,0],[-46.318961021833665,-23.075163698745655,0],[-46.318971794812455,-23.075188475068046,0],[-46.318987953830977,-23.075198384697678,0],[-46.31901488582826,-23.07520333906281,0],[-46.319031043048142,-23.07520333816348,0],[-46.319052588106395,-23.075198381999726,0],[-46.319079519204429,-23.075193424936586,0],[-46.319101063363362,-23.075178560042445,0],[-46.31910644940308,-23.075163694249053,0],[-46.319106449403087,-23.075143873191177,0],[-46.319095674625657,-23.075109187239157,0],[-46.319090287686606,-23.07508936618126,0],[-46.319090286787286,-23.075064589858869,0],[-46.319090285887967,-23.075039814435861,0],[-46.319090285887974,-23.075010082849023,0],[-46.319074125070749,-23.074980352161479,0],[-46.31906335209198,-23.074955576738418,0],[-46.319047193073459,-23.07494071184432,0],[-46.319014875935764,-23.074925846950229,0],[-46.318982557898657,-23.074896117162037,0],[-46.318982556100032,-23.074891161897529,0],[-46.318971783121242,-23.074861431210028,0]]]},"properties":{"FID":0}},{"type":"Feature","id":1,"geometry":{"type":"Polygon","coordinates":[[[-46.314397966992559,-23.074946257963372,0],[-46.314180774423164,-23.075079174164493,0],[-46.314143995748751,-23.075135565254072,0],[-46.314107218872998,-23.075169398648772,0],[-46.314070440198641,-23.075214512239867,0],[-46.314033663322846,-23.07527090243013,0],[-46.313996886447129,-23.075327290821747,0],[-46.313960108672056,-23.075372404412857,0],[-46.313935589555804,-23.075417516205405,0],[-46.313898811780689,-23.075473904596926,0],[-46.313862034904965,-23.075530294787228,0],[-46.313837516688018,-23.075564129081268,0],[-46.313788480254118,-23.075597964274611,0],[-46.313751703378379,-23.075643074268452,0],[-46.313690407386332,-23.075676908562446,0],[-46.313653629611295,-23.075710742856476,0],[-46.313604594076729,-23.075755854648939,0],[-46.313580075859761,-23.07577841234383,0],[-46.313543297185397,-23.075812243939879,0],[-46.313482002092655,-23.075857356631676,0],[-46.3134574847751,-23.075868634130138,0],[-46.313396188783024,-23.075891190026393,0],[-46.313347152349138,-23.075913746821918,0],[-46.313310374574087,-23.075947580216624,0],[-46.313249078582089,-23.075958858614396,0],[-46.313200043047509,-23.075992692009098,0],[-46.313175524830569,-23.076037804700881,0],[-46.313114229737899,-23.076082917392668,0],[-46.313077451962798,-23.076105473288912,0],[-46.31302841642821,-23.076139304884975,0],[-46.312991638653152,-23.076150584182102,0],[-46.312942602219266,-23.076173140078307,0],[-46.312881307126588,-23.07620697257369,0],[-46.312820011134612,-23.076229530268549,0],[-46.312758716041849,-23.076252085265502,0],[-46.312709679607963,-23.076308473657086,0],[-46.312697420049858,-23.076353586348883,0],[-46.31268516139103,-23.076376141345804,0],[-46.312660641375444,-23.076421252238962,0],[-46.312611604941594,-23.076455087432297,0],[-46.312574828065806,-23.076488919927669,0],[-46.312501274314343,-23.076500198325437,0],[-46.312439978322288,-23.076534030820834,0],[-46.312317388136933,-23.076545309218599,0],[-46.312231573927932,-23.076567864215548,0],[-46.312194797951527,-23.076545309218599,0],[-46.312158021975108,-23.076488919028339,0],[-46.312133504657481,-23.076455084734356,0],[-46.312072209564803,-23.076376140446488,0],[-46.312059951805281,-23.076364861149369,0],[-46.312035435386974,-23.076308471858454,0],[-46.312010918968667,-23.076240805069062,0],[-46.312010918968667,-23.076195694175922,0],[-46.312023179426141,-23.076150583282754,0],[-46.312035438984253,-23.076094193092487,0],[-46.31203543988363,-23.076037804700881,0],[-46.312035440782957,-23.075970137012188,0],[-46.312035442581589,-23.075925025219689,0],[-46.312010926163282,-23.075834803433391,0],[-46.311998668403774,-23.075812246637849,0],[-46.311986409744982,-23.075755858246239,0],[-46.31197415108614,-23.075699468055962,0],[-46.311961892427355,-23.075676912159732,0],[-46.311851563598736,-23.075643078765047,0],[-46.31175349342891,-23.075597966972573,0],[-46.31165542325914,-23.07554157678231,0],[-46.311618648182048,-23.075507744286934,0],[-46.311594130864421,-23.075462631595144,0],[-46.311569614446114,-23.075417519802645,0],[-46.31154509712848,-23.075383687307284,0],[-46.31152058071018,-23.075338574615497,0],[-46.311471546074927,-23.075304741220812,0],[-46.311287665293492,-23.075225795134315,0],[-46.310999573771255,-23.075408182141878,0],[-46.310810831254791,-23.075590497203631,0],[-46.310622088738342,-23.075712037880212,0],[-46.310301232216027,-23.075729398392973,0],[-46.309942630248145,-23.075633892190375,0],[-46.309936487878588,-23.075638977856492,0],[-46.309932515573109,-23.07561372579277,0],[-46.310020125728158,-23.075580456272991,0],[-46.310123149363797,-23.075550925234957,0],[-46.310215844285722,-23.075521478733211,0],[-46.310318774391888,-23.075482389700475,0],[-46.310432221170004,-23.075462331221544,0],[-46.310524915192616,-23.07543288471982,0],[-46.310617423055596,-23.075384323127988,0],[-46.310730777203553,-23.07535470665437,0],[-46.310823285066533,-23.075306145062505,0],[-46.310915979988465,-23.075276698560742,0],[-46.311008673111765,-23.075247252958302,0],[-46.311111695848069,-23.075217721020984,0],[-46.311193780568487,-23.075159687769311,0],[-46.311275681827233,-23.075082537628987,0],[-46.311336921161967,-23.075005560158456,0],[-46.311367078128114,-23.074919280999971,0],[-46.311428316563536,-23.074842304428785,0],[-46.311520826225099,-23.074793741038267,0],[-46.31162384896141,-23.074764209100916,0],[-46.31171654208471,-23.074734762599192,0],[-46.311819750081391,-23.074724345751903,0],[-46.311912350574467,-23.07468534215479,0],[-46.311984013051692,-23.074617836344032,0],[-46.3120764273852,-23.074559714958806,0],[-46.312127242678059,-23.074473264929164,0],[-46.312209327398477,-23.074415230778246,0],[-46.312280989875724,-23.074347724068183,0],[-46.312331806067959,-23.074261273139211,0],[-46.312372291747828,-23.07417490944448,0],[-46.312381695059123,-23.074079244061792,0],[-46.312360108632063,-23.073983836784581,0],[-46.312390264698948,-23.07389755762615,0],[-46.312430748580141,-23.073811193032103,0],[-46.312471143428468,-23.073715270443333,0],[-46.312449556102088,-23.073619863166137,0],[-46.312376596802444,-23.073553557950277,0],[-46.31230363840217,-23.07348725543244,0],[-46.312220348590195,-23.073421035652235,0],[-46.312157628971377,-23.073345087006075,0],[-46.312125712031964,-23.073249766063771,0],[-46.31210412560489,-23.07315435788724,0],[-46.312103198403861,-23.073058779738883,0],[-46.312061045380915,-23.07297310222684,0],[-46.31197766473742,-23.072897326250544,0],[-46.311894467555582,-23.072840663565703,0],[-46.311811180441573,-23.072774445584166,0],[-46.311738222940619,-23.072708141267643,0],[-46.311633996911382,-23.072613420173177,0],[-46.311571276393252,-23.07253747242634,0],[-46.311539452983311,-23.072451707680102,0],[-46.311486876817867,-23.072356556709668,0],[-46.311444632064081,-23.072261321202969,0],[-46.311401643570946,-23.072089621738595,0],[-46.311390110665073,-23.071965455041667,0],[-46.311337535398877,-23.071870304071247,0],[-46.311326278584829,-23.071774812257715,0],[-46.311315023569421,-23.071679317746248,0],[-46.311303767654692,-23.071583825033436,0],[-46.311271945144085,-23.071498061186503,0],[-46.311271018842376,-23.071402481239492,0],[-46.311270000809834,-23.071297344197035,0],[-46.311269075407438,-23.071201764249956,0],[-46.311330312943554,-23.071124786779432,0],[-46.311350046767203,-23.071029035961178,0],[-46.311286030326016,-23.070819277187869,0],[-46.311325404443835,-23.070618216657348,0],[-46.311428981162521,-23.07064603268822,0],[-46.311532092931706,-23.070626058745585,0],[-46.31163492770969,-23.070577410818828,0],[-46.311727618135023,-23.070547965216349,0],[-46.311820029770502,-23.07048984473051,0],[-46.311912534935509,-23.070441282239365,0],[-46.312005040100473,-23.070392720647469,0],[-46.312108337129999,-23.070391862694247,0],[-46.312211635058873,-23.070391003841731,0],[-46.312315395239239,-23.070437934063342,0],[-46.312408641445593,-23.070465837328481,0],[-46.312511939374481,-23.070464977576613,0],[-46.312605184681502,-23.070492878143742,0],[-46.312698524417328,-23.070530336705673,0],[-46.312801914077063,-23.070539034948492,0],[-46.312915541618906,-23.070538090660317,0],[-46.313018838648418,-23.070537231807748,0],[-46.313122043947146,-23.070526814960505,0],[-46.313172859240012,-23.070440364031523,0],[-46.313223672734232,-23.070353913102569,0],[-46.313336650066333,-23.070286062851491,0],[-46.313346053377636,-23.07019039836814,0],[-46.313303898556057,-23.070104719956813,0],[-46.313272076045443,-23.070018956109877,0],[-46.313229923022504,-23.069933278597869,0],[-46.313187768200926,-23.069847601085865,0],[-46.313166182673164,-23.069752193808629,0],[-46.313144502716561,-23.069647229436047,0],[-46.313112586676489,-23.06955190759442,0],[-46.313090907619255,-23.069446943221806,0],[-46.313089980418226,-23.069351363274727,0],[-46.313078723604171,-23.069255869662573,0],[-46.313057137177111,-23.069160462385412,0],[-46.313056117345923,-23.069055325342951,0],[-46.313034530019479,-23.068959918065762,0],[-46.313002708408256,-23.0688741542188,0],[-46.312981121081812,-23.068778746941579,0],[-46.312959534654745,-23.068683339664346,0],[-46.312917383430431,-23.068597661253023,0],[-46.312844240669108,-23.068512240947129,0],[-46.31278152105034,-23.06843629320031,0],[-46.312759934623216,-23.068340885923071,0],[-46.312738349994802,-23.068245478645924,0],[-46.3127373301636,-23.068140340704129,0],[-46.312798102750207,-23.068015573260041,0],[-46.312950301315304,-23.067810907347418,0],[-46.312935472394081,-23.067809608726421,0],[-46.313210218876463,-23.067448419409029,0],[-46.313323730405799,-23.067286452407824,0],[-46.313391502415875,-23.067032422708124,0],[-46.313529947648938,-23.066823299755395,0],[-46.31354241944706,-23.066660719416614,0],[-46.313748698743396,-23.066204065265374,0],[-46.313824124883411,-23.06601496302012,0],[-46.313836909645602,-23.065884875186779,0],[-46.313954600324507,-23.065708420107448,0],[-46.314129484288237,-23.065635475196959,0],[-46.314381759410651,-23.06575395188332,0],[-46.314680239001802,-23.065906796161642,0],[-46.314843930003349,-23.066155955133183,0],[-46.315091381162297,-23.066322870204246,0],[-46.315219628982675,-23.066510277227458,0],[-46.315501456726793,-23.066700497330032,0],[-46.315579577235667,-23.066689252207194,0],[-46.315637025927984,-23.066818757279812,0],[-46.315749838684056,-23.066863309693918,0],[-46.315851353257301,-23.066829013148393,0],[-46.315833339836729,-23.066757238255903,0],[-46.315833247206569,-23.066747680261223,0],[-46.315770434957585,-23.066662176318346,0],[-46.315863028256103,-23.066623168224574,0],[-46.315924261295606,-23.066546188955403,0],[-46.315985402604213,-23.066459650792197,0],[-46.316025883787454,-23.066373286198139,0],[-46.315952927185776,-23.066306982781001,0],[-46.315921009347065,-23.066211661838665,0],[-46.315878763693952,-23.066116427231321,0],[-46.315846939384706,-23.066030665182996,0],[-46.315815115075452,-23.065944902235394,0],[-46.315783290766198,-23.065859139287795,0],[-46.315751465557639,-23.065773376340186,0],[-46.315709313434013,-23.065687697928837,0],[-46.31567748822544,-23.065601934981274,0],[-46.31564557218536,-23.065506614938279,0],[-46.315623891329494,-23.065401649666338,0],[-46.315581738306548,-23.065315973053682,0],[-46.31558080930688,-23.065220393106596,0],[-46.315569551593519,-23.065124900393812,0],[-46.315547964267076,-23.065029493116576,0],[-46.315520377563359,-23.0649471044253,0],[-46.315808930437761,-23.0647430707361,0],[-46.31655859180551,-23.064172873579192,0],[-46.316698032588079,-23.063916770942193,0],[-46.316603371748158,-23.064316512397056,0],[-46.316649708417287,-23.064832294274936,0],[-46.316777750292893,-23.065251808224335,0],[-46.316867449573124,-23.065977520645998,0],[-46.316953246694936,-23.066301799988018,0],[-46.317187375297067,-23.067007190429422,0],[-46.317301085576617,-23.068076814393411,0],[-46.317323420239632,-23.068248682930339,0],[-46.317202440739997,-23.068555571182628,0],[-46.31720913709195,-23.069243739606836,0],[-46.317237609627966,-23.070046432197049,0],[-46.317039756979185,-23.070946596907916,0],[-46.316919519420253,-23.071329948218473,0],[-46.317003645601744,-23.071482184555141,0],[-46.317005506299033,-23.071673342650559,0],[-46.316779923054995,-23.071847281426873,0],[-46.316699330309802,-23.072058244392387,0],[-46.316831102573303,-23.07225736598463,0],[-46.31683627817165,-23.072285810641635,0],[-46.316828478351567,-23.072575760163161,0],[-46.316766816335473,-23.072787546907712,0],[-46.31664627120842,-23.072950691121431,0],[-46.315987378414718,-23.073452429186201,0],[-46.315723800612886,-23.073651156875361,0],[-46.315365747231404,-23.073759162755099,0],[-46.314954659030278,-23.073805578564535,0],[-46.314636369173058,-23.073838938016529,0],[-46.314511098108653,-23.073925965410954,0],[-46.314393476677537,-23.074117333947761,0],[-46.314318064027418,-23.074554017753652,0],[-46.314359558746609,-23.074725637178343,0],[-46.314455710662465,-23.074793557576577,0],[-46.314397966992559,-23.074946257963372,0]]]},"properties":{"FID":1}},{"type":"Feature","id":2,"geometry":{"type":"Polygon","coordinates":[[[-46.310914033855511,-23.061282785272283,0],[-46.310977895613334,-23.061210565215404,0],[-46.311015820923338,-23.061126610804425,0],[-46.311092710260318,-23.061066231221563,0],[-46.311169599597285,-23.061005849840068,0],[-46.311259401400207,-23.060945363237881,0],[-46.311323147145458,-23.060861194788295,0],[-46.311400035583105,-23.060800815205429,0],[-46.311424933313958,-23.060705021219697,0],[-46.311436918578863,-23.06060933425335,0],[-46.311450888647528,-23.060555582673942,0],[-46.311895150141041,-23.060663153281837,0],[-46.312422892102745,-23.060663154181153,0],[-46.312437070814099,-23.060680679269872,0],[-46.312977967159433,-23.061349278446428,0],[-46.312903189430592,-23.061349899877925,0],[-46.312904115732302,-23.061445478026375,0],[-46.312917953600625,-23.061540950954051,0],[-46.31290596923504,-23.061636637021138,0],[-46.312855829332989,-23.061792383411706,0],[-46.312844192105729,-23.061923911958907,0],[-46.312858029974052,-23.062019383987312,0],[-46.312872331892542,-23.062162645089956,0],[-46.312886169760873,-23.062258118017667,0],[-46.312913035208339,-23.062365428721531,0],[-46.312901050842754,-23.062461115687888,0],[-46.312876154910548,-23.062556909673621,0],[-46.312825435845127,-23.062652918597273,0],[-46.312826362146851,-23.062748497645021,0],[-46.312891730269087,-23.062831593203441,0],[-46.312957330416403,-23.062938582849284,0],[-46.313035378080201,-23.062997677300935,0],[-46.31317867875299,-23.063127916220306,0],[-46.313256727316073,-23.063187009772648,0],[-46.313347456319995,-23.06322210041958,0],[-46.313412709329043,-23.063293246685927,0],[-46.313452254318065,-23.06337655718232,0],[-46.313466209098223,-23.06348397580479,0],[-46.313467136299273,-23.063579555751858,0],[-46.313481091079439,-23.063686975273654,0],[-46.313482018280467,-23.063782554321417,0],[-46.313483060594713,-23.06389008086251,0],[-46.313483988695054,-23.063985659910248,0],[-46.313472003430157,-23.064081345977279,0],[-46.313460019064564,-23.064177033843027,0],[-46.31346141031576,-23.064320401964952,0],[-46.313449425950189,-23.064416088031972,0],[-46.313398589972913,-23.064500151260908,0],[-46.313360667360875,-23.064584103873262,0],[-46.313309831383549,-23.064668166202843,0],[-46.313271907872206,-23.064752119714512,0],[-46.313182106069291,-23.064812608115346,0],[-46.313131270092008,-23.064896668646274,0],[-46.313067407434879,-23.064968891401175,0],[-46.313120096914879,-23.065075987167027,0],[-46.31312704597633,-23.065259936296986,0],[-46.313137374690029,-23.065259849062745,0],[-46.313107221321168,-23.065346128221218,0],[-46.313066738339273,-23.065432492815276,0],[-46.313047098944423,-23.065537801628185,0],[-46.313027366919421,-23.065633554245093,0],[-46.312997398810872,-23.065738946694971,0],[-46.312967245441996,-23.0658252267528,0],[-46.312937182904655,-23.065921063006616,0],[-46.312907030435042,-23.066007342165044,0],[-46.312876967897694,-23.06610318021756,0],[-46.312826154403467,-23.066189630247191,0],[-46.312785764051746,-23.066285552835947,0],[-46.31272452831427,-23.066362531205787,0],[-46.312642541619937,-23.066430124250804,0],[-46.312591728125717,-23.066516574280463,0],[-46.312551244244496,-23.066602938874489,0],[-46.312458835306977,-23.066661060259662,0],[-46.31235581886591,-23.066690592197016,0],[-46.312263132037863,-23.066720038698783,0],[-46.312159929437144,-23.066730454646745,0],[-46.31203597587956,-23.066731485269766,0],[-46.311932680648631,-23.066732343223006,0],[-46.311900672877698,-23.066627464285997,0],[-46.311878994719791,-23.066522497215434,0],[-46.311826514781785,-23.066436905139028,0],[-46.311763703432128,-23.066351399397536,0],[-46.311731881820826,-23.066265635550614,0],[-46.31168954623552,-23.066160841149838,0],[-46.311647209750902,-23.066056046749104,0],[-46.311625531592995,-23.065951082376511,0],[-46.311583381268008,-23.065865403065857,0],[-46.311548340983109,-23.065822971253066,0],[-46.311596648066832,-23.065770448147649,0],[-46.311751276600084,-23.065645969385915,0],[-46.311751280197377,-23.065512598127839,0],[-46.3118092666843,-23.065379226869762,0],[-46.311809266684293,-23.065370335272704,0],[-46.311809267583612,-23.0652903117984,0],[-46.311809269382245,-23.065254747208776,0],[-46.311809269382245,-23.065245854712373,0],[-46.31191557644263,-23.065228074216162,0],[-46.312012215791071,-23.065228074216162,0],[-46.312108856938153,-23.065228074216179,0],[-46.312137849282301,-23.065228074216162,0],[-46.312215163099268,-23.065228074216162,0],[-46.312273146888174,-23.065228074216179,0],[-46.312350460705147,-23.065210291921403,0],[-46.312398782178036,-23.065192509626574,0],[-46.312418110407414,-23.065174726432435,0],[-46.312456766866262,-23.065148051641252,0],[-46.312456767765589,-23.065103594555183,0],[-46.312437440435474,-23.065032463577264,0],[-46.312437441334794,-23.065005788786095,0],[-46.312447105449522,-23.064979114894189,0],[-46.312447106348827,-23.064943549405246,0],[-46.312466434578262,-23.064907983916246,0],[-46.312505091037053,-23.064881309125099,0],[-46.312553413409248,-23.064845743636141,0],[-46.312563078423295,-23.064810177247875,0],[-46.312582406652723,-23.064756830363368,0],[-46.31258240665273,-23.06469458918389,0],[-46.312582407552043,-23.064659023694961,0],[-46.312582407552043,-23.064596785213439,0],[-46.312582407552043,-23.064570110422213,0],[-46.312582409350682,-23.064516760839801,0],[-46.312563082020574,-23.064454522358258,0],[-46.312534090575745,-23.064418955070675,0],[-46.312495434116968,-23.064392281178812,0],[-46.312437450328062,-23.064365607286902,0],[-46.312398795667839,-23.064321150200897,0],[-46.312360139209026,-23.064294476308998,0],[-46.312302155420078,-23.064267802417074,0],[-46.312253835745885,-23.064250019222989,0],[-46.312234506617138,-23.064250019222989,0],[-46.312137866369369,-23.064223344431756,0],[-46.312108874924604,-23.064205561237593,0],[-46.312070219365083,-23.064169994849347,0],[-46.312021899690883,-23.064134430259706,0],[-46.312002572360768,-23.064081080677269,0],[-46.312002573260088,-23.064063299281777,0],[-46.312002574159401,-23.064009949699379,0],[-46.312002575058727,-23.063947709419196,0],[-46.312002576857374,-23.063903252333215,0],[-46.312002576857374,-23.063841012053054,0],[-46.311963921297888,-23.063796554966981,0],[-46.311934930752386,-23.063769880175812,0],[-46.311886611977513,-23.063707638996277,0],[-46.311867284647413,-23.063672075305984,0],[-46.31181896497322,-23.063627617320659,0],[-46.311780310313054,-23.063574267738201,0],[-46.311780311212367,-23.063556485443435,0],[-46.311780311212381,-23.063512028357362,0],[-46.311461399923651,-23.063503134961657,0],[-46.311113492693494,-23.063618721226945,0],[-46.310475662921469,-23.06383210786543,0],[-46.310195400897001,-23.06400993261224,0],[-46.310060093398533,-23.064347804307662,0],[-46.310205046125937,-23.064641224312986,0],[-46.310127724215086,-23.064916855728249,0],[-46.309934432028392,-23.065236944229518,0],[-46.309741138942343,-23.065494793350013,0],[-46.309779790904599,-23.065619273011013,0],[-46.309886095267025,-23.065663730996324,0],[-46.309953739573366,-23.065814887247214,0],[-46.310340307758963,-23.065779327154182,0],[-46.310543264060371,-23.065468130249943,0],[-46.310678569760171,-23.065192497935428,0],[-46.310852523824863,-23.065192499734053,0],[-46.311036136608379,-23.065379220574506,0],[-46.311123109144148,-23.065565941415009,0],[-46.31128739729553,-23.065690422874695,0],[-46.311459014022262,-23.065855842373203,0],[-46.311449098996661,-23.065866518225146,0],[-46.311439695685351,-23.065962183607859,0],[-46.311430290575402,-23.066057848990514,0],[-46.311420888163411,-23.066153514373116,0],[-46.311411576582941,-23.066258735951862,0],[-46.311391844557924,-23.066354487669404,0],[-46.311361689390409,-23.066440765928586,0],[-46.311331534222866,-23.06652704508701,0],[-46.311332459625248,-23.066622624134776,0],[-46.311307105038857,-23.066695168846937,0],[-46.311287383805684,-23.066695169746257,0],[-46.311229397318819,-23.066695168846923,0],[-46.311152082602469,-23.066695167947628,0],[-46.311132754373091,-23.06670406044401,0],[-46.311103760230317,-23.066730735235197,0],[-46.311084431101563,-23.066766300724154,0],[-46.311084430202243,-23.066810757810153,0],[-46.311084428403603,-23.066864107392568,0],[-46.31107476159093,-23.066908565377954,0],[-46.311055431562856,-23.066944129967556,0],[-46.31103610243413,-23.066997480449345,0],[-46.311026437420082,-23.067033044139638,0],[-46.311016770607424,-23.06708639372204,0],[-46.311007104694063,-23.067130851707439,0],[-46.310997438780774,-23.067184200390507,0],[-46.310987774666039,-23.067219765879422,0],[-46.310958779623945,-23.067255332267738,0],[-46.310939449595885,-23.067282006159587,0],[-46.31090079313708,-23.067317571648569,0],[-46.310871798094986,-23.067344246439813,0],[-46.310842804851525,-23.067379811029429,0],[-46.310823474823451,-23.06741537741771,0],[-46.310794481580039,-23.067433158813174,0],[-46.310755823322559,-23.067450942007309,0],[-46.310717167763016,-23.067406484921321,0],[-46.310697840432979,-23.067362026935943,0],[-46.310639856644002,-23.06732646144701,0],[-46.310591535171177,-23.067299785756468,0],[-46.310562542827029,-23.067290894159392,0],[-46.310533549583631,-23.067264219368226,0],[-46.310504559038129,-23.067219762282164,0],[-46.310475567593301,-23.067175304296811,0],[-46.31045623936393,-23.067157521102679,0],[-46.310427247919101,-23.067121953815057,0],[-46.31038859056099,-23.067113062218027,0],[-46.310349934102135,-23.067121953815057,0],[-46.310262954371808,-23.067130845412112,0],[-46.310253290257094,-23.067130843613491,0],[-46.310214633798296,-23.067130843613466,0],[-46.310166312325407,-23.067121952016404,0],[-46.310127655866609,-23.067113060419331,0],[-46.310069671178326,-23.067086383829519,0],[-46.310031014719527,-23.067059708138959,0],[-46.310002023274706,-23.06702414265002,0],[-46.30994403858648,-23.066988576261746,0],[-46.309915046242338,-23.066970793067576,0],[-46.309886055696886,-23.066935225780021,0],[-46.309866726568146,-23.066908550988785,0],[-46.30982807190793,-23.066872984600533,0],[-46.309789415449131,-23.066846309809304,0],[-46.309731430760912,-23.066828525715845,0],[-46.309692774302057,-23.066801850924666,0],[-46.309663782857228,-23.06678406683119,0],[-46.30962512729775,-23.066757392039971,0],[-46.309576806724174,-23.066721825651719,0],[-46.309547814380096,-23.066704040658898,0],[-46.309499494705847,-23.06666847427061,0],[-46.309451175031654,-23.066641798580125,0],[-46.309412518572834,-23.066615123788885,0],[-46.309335204755833,-23.066606232191845,0],[-46.309286885081626,-23.066588447199027,0],[-46.309248228622842,-23.066579553803287,0],[-46.309219236278693,-23.066561770609177,0],[-46.309180579819838,-23.066552879012146,0],[-46.30914711694583,-23.066552878112823,0],[-46.309103265103545,-23.066552877213422,0],[-46.309016273682062,-23.066899643203968,0],[-46.309064587061016,-23.067095257440137,0],[-46.309151561395424,-23.067219738899777,0],[-46.309112894144732,-23.067486482315257,0],[-46.309103219238139,-23.0677354416373,0],[-46.309141874797668,-23.067771008924865,0],[-46.309170867141745,-23.067797683716094,0],[-46.309209522701281,-23.06784214170143,0],[-46.309238513246719,-23.067895491283878,0],[-46.309238513246726,-23.06790438198157,0],[-46.309238512347413,-23.067948839067636,0],[-46.309238509649454,-23.068002187750722,0],[-46.309238508750127,-23.068046644836734,0],[-46.309238506052168,-23.068082211225036,0],[-46.309238505152848,-23.06813555900878,0],[-46.309228839239495,-23.068180016094811,0],[-46.309219172426822,-23.068224473180852,0],[-46.309219170628182,-23.068251147072711,0],[-46.309219169728863,-23.068286711662395,0],[-46.309209503815509,-23.068331169647703,0],[-46.309190173787457,-23.068366734237372,0],[-46.309170843759382,-23.068420082920458,0],[-46.309151513731308,-23.068446755912973,0],[-46.309132183703305,-23.068482323200641,0],[-46.309112853675231,-23.068526779387291,0],[-46.309093523647171,-23.068553453279211,0],[-46.309083857733818,-23.068589017868781,0],[-46.309074191820464,-23.068624583357831,0],[-46.309074189122498,-23.068677931141565,0],[-46.309141838824765,-23.068713499328513,0],[-46.309219152641745,-23.068731283421933,0],[-46.309270368132957,-23.068761270416253,0],[-46.309167087291193,-23.068912891616595,0],[-46.308872268840105,-23.069116722059068,0],[-46.308749149853334,-23.069284461808419,0],[-46.308712854114901,-23.069300572263568,0],[-46.308595104080723,-23.069444209282789,0],[-46.308413909574192,-23.069549463237085,0],[-46.308198430213338,-23.069732815217204,0],[-46.308004663184576,-23.069987315262303,0],[-46.307824971445257,-23.070248185205539,0],[-46.307827977878844,-23.070559417183294,0],[-46.307830797253473,-23.070851196825231,0],[-46.307835495311792,-23.07088922555727,0],[-46.307876413565559,-23.071220435974286,0],[-46.307990354071542,-23.071407542623948,0],[-46.308215789826811,-23.071528880953014,0],[-46.308496786597409,-23.071597882336324,0],[-46.308712673351131,-23.07158246435921,0],[-46.30893892209356,-23.071917257675228,0],[-46.309556325563904,-23.072333215705271,0],[-46.309895703623809,-23.072486720985356,0],[-46.309935250411456,-23.072641304552519,0],[-46.309976769412351,-23.072842346197277,0],[-46.310216492696966,-23.073078357080462,0],[-46.310515394969464,-23.073295569434944,0],[-46.310643403570168,-23.073294507335614,0],[-46.310695209016622,-23.073357235947643,0],[-46.310758113895815,-23.073452300583149,0],[-46.3108105974311,-23.073537892659623,0],[-46.310883832822583,-23.073632871859498,0],[-46.310946645970887,-23.073718379399619,0],[-46.310999130405499,-23.073803970576755,0],[-46.31104137515927,-23.073899206083457,0],[-46.311073198569204,-23.073984970829709,0],[-46.311105021979131,-23.074070734676638,0],[-46.311126608406191,-23.074166141953874,0],[-46.311158894966987,-23.074299695774304,0],[-46.311170150881701,-23.074395190285777,0],[-46.311129664302541,-23.074481553980501,0],[-46.311068424967807,-23.074558532350355,0],[-46.311028029220154,-23.07465445403977,0],[-46.310977305658071,-23.074750462064095,0],[-46.310905643180838,-23.074817967874893,0],[-46.310823557561086,-23.07487600202581,0],[-46.310731049698106,-23.074924563617678,0],[-46.310668617862419,-23.074957336711691,0],[-46.310527576286574,-23.074770229162706,0],[-46.310363350188425,-23.074613873931082,0],[-46.310137907238584,-23.074536886568001,0],[-46.309858995096477,-23.074539201422976,0],[-46.309770094414262,-23.0741599806985,0],[-46.309367568658331,-23.074199164160067,0],[-46.30933132777853,-23.074457550175744,0],[-46.30932545340692,-23.074651161621773,0],[-46.309139997013226,-23.074702884330549,0],[-46.308792049313588,-23.074777458812605,0],[-46.308558979213501,-23.074827411655694,0],[-46.30787842984563,-23.074537951365294,0],[-46.307889934872549,-23.074433654289709,0],[-46.307833970061608,-23.074254892449307,0],[-46.307732371851444,-23.0741965282471,0],[-46.307657908885346,-23.074104754230962,0],[-46.307291044845783,-23.073812630148719,0],[-46.307107077729427,-23.073601362312949,0],[-46.306870153135037,-23.073137337318204,0],[-46.306702402593771,-23.072615386091169,0],[-46.30675384561345,-23.0723806882181,0],[-46.306773853730306,-23.072394494610194,0],[-46.306841506130581,-23.072403388905247,0],[-46.306928487659547,-23.072403390703869,0],[-46.306976810931019,-23.072403393401832,0],[-46.307025134202547,-23.072403395200464,0],[-46.30708312158874,-23.072403396099809,0],[-46.307170104017011,-23.072403399697059,0],[-46.307237756417294,-23.07239450989869,0],[-46.307286080588078,-23.072385620999572,0],[-46.307334403859613,-23.072367839604055,0],[-46.307411723072505,-23.072350059107912,0],[-46.307440717215286,-23.072341169309496,0],[-46.307489039587438,-23.072332278611722,0],[-46.307527699643572,-23.072323388813274,0],[-46.307576022015773,-23.072323390611928,0],[-46.307624347085891,-23.072296717619398,0],[-46.307672671256746,-23.072278936223881,0],[-46.30770166629884,-23.072252263231302,0],[-46.307730661340891,-23.072234480936526,0],[-46.307759656382984,-23.072190024749769,0],[-46.307788652324405,-23.072154460160153,0],[-46.307798319137078,-23.072127786268258,0],[-46.307798320935724,-23.072065545988089,0],[-46.307798322734364,-23.07203887209625,0],[-46.307788660418289,-23.071994415010181,0],[-46.307769332188911,-23.071967740218991,0],[-46.307730674830729,-23.071941065427797,0],[-46.307663024229157,-23.07191438793858,0],[-46.307624366870982,-23.071914387039271,0],[-46.307595371828882,-23.071914385240639,0],[-46.307508391199235,-23.071914383441989,0],[-46.307479397056504,-23.071914383441989,0],[-46.307431074684303,-23.071914380744019,0],[-46.307363421384764,-23.071923269643154,0],[-46.307344093155336,-23.071923268743799,0],[-46.307308721020618,-23.071927918238785,0],[-46.307325720005899,-23.071899811726869,0],[-46.307399389769955,-23.071778009347611,0],[-46.307327932338183,-23.071599375210958,0],[-46.307243202711618,-23.071547193847891,0],[-46.307229213757182,-23.07150424942154,0],[-46.30709552144112,-23.07140708936565,0],[-46.306909208892819,-23.071359498142264,0],[-46.305988260849531,-23.071121452992603,0],[-46.305737662063393,-23.071015433715267,0],[-46.305614306554965,-23.070888706648475,0],[-46.305474123831679,-23.07066876665019,0],[-46.30547185484221,-23.070628011173739,0],[-46.305461276116951,-23.070437947553209,0],[-46.305644746807559,-23.069640473728853,0],[-46.305694905595374,-23.069335432683999,0],[-46.305655036850453,-23.069055703058208,0],[-46.305551785686305,-23.068810892308754,0],[-46.305299819031404,-23.068562396137597,0],[-46.305059562448832,-23.06842680895004,0],[-46.304777631282612,-23.068375093435744,0],[-46.304437913279052,-23.068387726212567,0],[-46.30415157363614,-23.068429398098207,0],[-46.303955828998262,-23.068504713621572,0],[-46.303850630801939,-23.068608763383679,0],[-46.303829231433845,-23.068696098346219,0],[-46.30337468889077,-23.068223307659476,0],[-46.303828547949088,-23.06815264972494,0],[-46.304118606288618,-23.068236282178656,0],[-46.304252523435146,-23.068196942235037,0],[-46.304334516424774,-23.068129352787366,0],[-46.304396216212353,-23.068100167088993,0],[-46.304633521220019,-23.068069530784168,0],[-46.304746133427273,-23.067963453950213,0],[-46.304837258132928,-23.06777152693439,0],[-46.304856811192856,-23.067656661026049,0],[-46.304907630082994,-23.067570211895724,0],[-46.304926446598188,-23.067378882929077,0],[-46.305059994123383,-23.067301309207998,0],[-46.305277927734153,-23.06740465390163,0],[-46.305350788108342,-23.06746140382068,0],[-46.305442740190244,-23.067355497857857,0],[-46.305431488772172,-23.067260004245785,0],[-46.305410184732182,-23.067193268254695,0],[-46.305471240605257,-23.067097176593403,0],[-46.305574258844906,-23.067067649152655,0],[-46.305679398585312,-23.067257953791518,0],[-46.305774392174435,-23.067467459855337,0],[-46.305900191140893,-23.067657593622982,0],[-46.305974526403247,-23.067867270558047,0],[-46.305999264954096,-23.068063679794935,0],[-46.306108573951462,-23.068086628694925,0],[-46.306121554765923,-23.068092601092641,0],[-46.30615691341081,-23.068100736359831,0],[-46.306209951827789,-23.068100737259147,0],[-46.30625415080835,-23.068100739057773,0],[-46.306289508553959,-23.06810074085644,0],[-46.30634254787028,-23.06810074175576,0],[-46.306369067078712,-23.068100742655073,0],[-46.306413266059337,-23.06808448021458,0],[-46.30643094673075,-23.068051949038193,0],[-46.306457468637227,-23.068011286191844,0],[-46.306483989644391,-23.067986890282725,0],[-46.306492832678032,-23.067938093068499,0],[-46.306492833577352,-23.06789743022215,0],[-46.30649283717463,-23.067856765577204,0],[-46.30649283807395,-23.067832366970087,0],[-46.30647516010049,-23.067799835793735,0],[-46.306448642690668,-23.067775437186633,0],[-46.306413285844428,-23.067742904211617,0],[-46.306413289441707,-23.067710373035251,0],[-46.306404450005338,-23.067669709289596,0],[-46.306404452703312,-23.067637177213903,0],[-46.306404456300584,-23.067588380899,0],[-46.30640445809923,-23.06753958368477,0],[-46.306404460797182,-23.067507053407748,0],[-46.30641330293156,-23.067450125422894,0],[-46.306430985401619,-23.067401328208696,0],[-46.306457506408776,-23.067368797931643,0],[-46.30648402741587,-23.067336267654586,0],[-46.30650170898663,-23.067295603908967,0],[-46.306519390557419,-23.067271206201138,0],[-46.306519392356059,-23.067230544254183,0],[-46.306519395054011,-23.067189879609195,0],[-46.306510557416232,-23.067157348432833,0],[-46.30646636023431,-23.067141079697048,0],[-46.306431001589438,-23.067132946228462,0],[-46.30638680440746,-23.06711667929126,0],[-46.306351444863253,-23.067124810061891,0],[-46.306324924755415,-23.067149207769646,0],[-46.306263046902075,-23.067157339439635,0],[-46.306192329612259,-23.067165469310904,0],[-46.306130451758925,-23.067165465713629,0],[-46.306095093114038,-23.067157332245007,0],[-46.306050895032755,-23.067149196977844,0],[-46.305989018977975,-23.067132928242017,0],[-46.30596250156816,-23.06709226359704,0],[-46.305944825393325,-23.067059732420667,0],[-46.305927147419887,-23.067035332914259,0],[-46.305882949338596,-23.067019065977075,0],[-46.305856431928767,-23.067010931609165,0],[-46.305794554075376,-23.06701906237976,0],[-46.305644274663507,-23.067100383575777,0],[-46.305622533553048,-23.067062873752626,0],[-46.3056393301909,-23.067031083617572,0],[-46.305684406010471,-23.066945773028962,0],[-46.305720219712327,-23.066852044786003,0],[-46.305756116151763,-23.066766808841127,0],[-46.305828809252091,-23.066689763022122,0],[-46.305901502352413,-23.066612717203093,0],[-46.305983619448455,-23.066561075433242,0],[-46.30606573744376,-23.066509431864748,0],[-46.306138510583764,-23.06644087924316,0],[-46.306211286421672,-23.066372326621536,0],[-46.306265620761735,-23.066295431888648,0],[-46.306329133582608,-23.066218461612642,0],[-46.306411087901324,-23.066149833448037,0],[-46.306483862839968,-23.066081279927054,0],[-46.30652893596158,-23.06599596933847,0],[-46.306546391802492,-23.065902392181609,0],[-46.306582287342614,-23.065817156236715,0],[-46.306636622582005,-23.06574026240315,0],[-46.306672435384549,-23.065646533260857,0],[-46.306726687886282,-23.065561146229868,0],[-46.306781022226346,-23.065484250597653,0],[-46.306853796265671,-23.065415697976054,0],[-46.306926569405604,-23.065347145354451,0],[-46.307008440087372,-23.065270022193719,0],[-46.307090392607499,-23.065201393129787,0],[-46.307153905428379,-23.065124422853771,0],[-46.30718053885073,-23.065030769254584,0],[-46.307170377410962,-23.064928928227403,0],[-46.30719692899504,-23.064826782330101,0],[-46.307205204556496,-23.064733280716279,0],[-46.307213481916619,-23.064639780001801,0],[-46.307175865074051,-23.064546658801206,0],[-46.307134134732507,-23.064313160623829,0],[-46.30709389996349,-23.064158164267862,0],[-46.307119261744504,-23.064110162054298,0],[-46.307182896873137,-23.064014047010637,0],[-46.307285612940646,-23.06395345518774,0],[-46.307388444121337,-23.063904809958949,0],[-46.30745219436325,-23.063820644207322,0],[-46.307489891245439,-23.063712795708909,0],[-46.307553756600555,-23.063640578349968,0],[-46.307604596175111,-23.063556517818981,0],[-46.307603672571418,-23.063460937871923,0],[-46.307576926733766,-23.063365572862843,0],[-46.307537269329487,-23.063270313973767,0],[-46.307523435058442,-23.063174841046017,0],[-46.307509484774869,-23.063067422423558,0],[-46.307534270090457,-23.062959680045115,0],[-46.307611046112875,-23.062887354767554,0],[-46.307661884788111,-23.062803295135893,0],[-46.307699695884196,-23.062707394130872,0],[-46.307750534559489,-23.062623336297865,0],[-46.30778846166811,-23.062539381886896,0],[-46.307852327023227,-23.062467162729309,0],[-46.307929103045637,-23.062394836552432,0],[-46.307992852388161,-23.062310669901411,0],[-46.308082655090402,-23.062250184198572,0],[-46.308159431112813,-23.062177858021681,0],[-46.308249349827577,-23.062129319812229,0],[-46.308339267643021,-23.062080780703415,0],[-46.308429070345255,-23.062020295000593,0],[-46.308531900626697,-23.061971648872426,0],[-46.308647756688572,-23.061934845017042,0],[-46.308737559390806,-23.061874359314171,0],[-46.308814449627107,-23.061813979731312,0],[-46.308904252329334,-23.06175349312916,0],[-46.3090070817114,-23.06170484700105,0],[-46.309148644893995,-23.06165587981496,0],[-46.309238446696888,-23.061595393212752,0],[-46.309315337832516,-23.061535015428543,0],[-46.30940525474864,-23.061486476319772,0],[-46.309495172564141,-23.061437937211029,0],[-46.309584974367056,-23.061377449709482,0],[-46.30967489128318,-23.061328910600707,0],[-46.309777835778448,-23.061292211965956,0],[-46.309906948746637,-23.061291140873383,0],[-46.310009893241961,-23.061254442238688,0],[-46.310099925271288,-23.061217849723963,0],[-46.310203100892352,-23.061205045176621,0],[-46.310306390727305,-23.061204188122758,0],[-46.310409682360898,-23.061203331068846,0],[-46.31051320422096,-23.061226369901021,0],[-46.310617072319999,-23.061285250314004,0],[-46.310720826205106,-23.061332182334272,0],[-46.310824232052653,-23.06134327187446,0],[-46.310914033855511,-23.061282785272283,0]],[[-46.312572719155639,-23.066517333308223,0],[-46.312679028914033,-23.066321720870693,0],[-46.312698358042731,-23.066197241209686,0],[-46.312640374253817,-23.066161675720711,0],[-46.312611381010363,-23.066135000929478,0],[-46.312563060436865,-23.066126110231789,0],[-46.312514738964012,-23.066126110231792,0],[-46.312456754275722,-23.066143893425874,0],[-46.312360111330008,-23.06616167482138,0],[-46.312321454871203,-23.06616167482138,0],[-46.312244140154924,-23.066161674821391,0],[-46.312215147810775,-23.066161674821391,0],[-46.311944546303728,-23.066366176158049,0],[-46.31189622213293,-23.066570679293353,0],[-46.312002528293974,-23.066632919573511,0],[-46.312253797974336,-23.066641811170609,0],[-46.312572719155639,-23.066517333308223,0]],[[-46.306598833069643,-23.069255604362581,0],[-46.306607674304701,-23.069223074085517,0],[-46.306616516439014,-23.06918241033992,0],[-46.306634198009775,-23.069149879163547,0],[-46.306651878681237,-23.069117349785813,0],[-46.306651881379196,-23.069084817710134,0],[-46.306643042842097,-23.069052287433074,0],[-46.306625364868651,-23.069027887027357,0],[-46.306625366667284,-23.068995355850987,0],[-46.30659000892171,-23.068962824674596,0],[-46.306563492411222,-23.068930291699523,0],[-46.306536974102023,-23.068897759623837,0],[-46.3065281373636,-23.068848964208314,0],[-46.306528139162261,-23.068824564701842,0],[-46.306554661068745,-23.06878390275488,0],[-46.30655466376669,-23.068735106440013,0],[-46.306554665565322,-23.068702575263615,0],[-46.306536987591869,-23.068661910618644,0],[-46.306510470181983,-23.068637510212898,0],[-46.30647511423507,-23.068596845567921,0],[-46.306448596825248,-23.06855618092294,0],[-46.306430919751108,-23.068523648847254,0],[-46.306395562005548,-23.068491116771547,0],[-46.306377884032088,-23.068458585595174,0],[-46.306342528085175,-23.068426052620154,0],[-46.306307170339608,-23.06839351964517,0],[-46.306271812594048,-23.068360987569463,0],[-46.306209937438609,-23.068344719732991,0],[-46.306165739357368,-23.068328452795804,0],[-46.306121542175404,-23.068304053289388,0],[-46.306095023866185,-23.068287786352204,0],[-46.306015468039391,-23.068263384147841,0],[-46.305962431421051,-23.06823898374207,0],[-46.305909393903391,-23.068206450767018,0],[-46.305874037956478,-23.068182051260628,0],[-46.305863363903093,-23.068174193883927,0],[-46.305949070193378,-23.068441002949903,0],[-46.305930808559935,-23.068689680784082,0],[-46.305993523682112,-23.068765632128191,0],[-46.306077360281904,-23.068889201675297,0],[-46.306224280725928,-23.069126953645917,0],[-46.306091655005844,-23.069300108213383,0],[-46.305918724369569,-23.069578740666323,0],[-46.305919646174694,-23.06967431971399,0],[-46.305982639187391,-23.069778945042245,0],[-46.306106595442998,-23.069777918915818,0],[-46.3063130986705,-23.069766652209175,0],[-46.306520062350963,-23.069803174576776,0],[-46.306640032811231,-23.069759826354876,0],[-46.306625324399135,-23.069751704577492,0],[-46.306589966653576,-23.069711039932486,0],[-46.306563449243761,-23.069678506957459,0],[-46.306528090598874,-23.069662240919627,0],[-46.306501572289676,-23.069637842312549,0],[-46.306475055779174,-23.06959717586891,0],[-46.306457376906394,-23.069572777261826,0],[-46.306439699832254,-23.069540246085481,0],[-46.306430862194482,-23.069507714009777,0],[-46.306430864892434,-23.069467050264105,0],[-46.306430865791761,-23.069442651657038,0],[-46.306457387698231,-23.069401988810668,0],[-46.306475068369657,-23.069377591102896,0],[-46.306519269148907,-23.069336928256579,0],[-46.306545790156065,-23.069320664017376,0],[-46.306589989136626,-23.069320665815994,0],[-46.306598833069643,-23.069255604362581,0]],[[-46.307199883267977,-23.070377953779488,0],[-46.307208725402297,-23.070337290033887,0],[-46.307182207992476,-23.070280360250361,0],[-46.307182208891781,-23.070264094212519,0],[-46.307182209791108,-23.070239694706117,0],[-46.307182213388387,-23.070182764922606,0],[-46.307164535414913,-23.070142100277678,0],[-46.307120338233005,-23.070093302164146,0],[-46.307102660259552,-23.07005263661982,0],[-46.307067301614609,-23.070036369682683,0],[-46.307031944768369,-23.06999570503773,0],[-46.306961226579283,-23.069979437201198,0],[-46.30689934692726,-23.069979433603915,0],[-46.306837468174599,-23.069979431805272,0],[-46.306708488306064,-23.070059699895182,0],[-46.306719556262465,-23.070136079316569,0],[-46.306916098599004,-23.070163128225719,0],[-46.306958433285047,-23.070267922626506,0],[-46.306969408611295,-23.070334743153801,0],[-46.306939613172574,-23.070378700216803,0],[-46.30698772510339,-23.070386079154122,0],[-46.307040764419696,-23.070386080952819,0],[-46.307084963400314,-23.070386082751504,0],[-46.307129163280194,-23.070386085449439,0],[-46.307155683388032,-23.070386086348766,0],[-46.307199883267977,-23.070377953779488,0]]]},"properties":{"FID":2}},{"type":"Feature","id":3,"geometry":{"type":"Polygon","coordinates":[[[-46.298121694860292,-23.057321765387147,0],[-46.298357777689262,-23.056117502120983,0],[-46.298921562679936,-23.0547282950747,0],[-46.299382633401777,-23.054438373432159,0],[-46.300453496631519,-23.054568794913891,0],[-46.299897670640974,-23.056604279963494,0],[-46.30056968814057,-23.057243023446741,0],[-46.301610168674301,-23.05697510191936,0],[-46.302366201738778,-23.054965709799593,0],[-46.302932735956972,-23.055204165040159,0],[-46.302572939689355,-23.056617168147753,0],[-46.304259156834569,-23.056567391571821,0],[-46.305831643915212,-23.055566001869451,0],[-46.305924839759484,-23.056017937277961,0],[-46.305209704264385,-23.056738880594825,0],[-46.303874863933792,-23.057249217976938,0],[-46.302256755145102,-23.057509312704539,0],[-46.301136754757408,-23.05798262319945,0],[-46.299664669788626,-23.058266556256509,0],[-46.29901378455849,-23.058285067901519,0],[-46.298209376061834,-23.058098070069814,0],[-46.298121694860292,-23.057321765387147,0]]]},"properties":{"FID":3}},{"type":"Feature","id":4,"geometry":{"type":"Polygon","coordinates":[[[-46.29826884373211,-23.058374476700717,0],[-46.299038145394036,-23.058515311432409,0],[-46.299688409192704,-23.058707893154669,0],[-46.299481182910206,-23.0589987204146,0],[-46.299147527236528,-23.059553680358036,0],[-46.299796503206039,-23.060380320994952,0],[-46.302019562552744,-23.059489007411742,0],[-46.302429397098919,-23.058833767664208,0],[-46.303676203693783,-23.058489562942952,0],[-46.305312386157652,-23.058660668854714,0],[-46.306999402800159,-23.057984057618118,0],[-46.30803205473552,-23.05700687856454,0],[-46.309034195371815,-23.057172447350524,0],[-46.308157545234494,-23.058052252309565,0],[-46.307778230980546,-23.057791740296526,0],[-46.307014878333916,-23.058200338274965,0],[-46.30747609744391,-23.058902375144438,0],[-46.306703042911067,-23.059212350769293,0],[-46.305719841097762,-23.059409993876052,0],[-46.305023578775099,-23.059068651696865,0],[-46.303455884181695,-23.059134935328995,0],[-46.302057103852235,-23.059830292933619,0],[-46.300537918689933,-23.060910038767243,0],[-46.299045196078907,-23.060906364137335,0],[-46.298525093857961,-23.060597789656239,0],[-46.298140019446301,-23.059956376985156,0],[-46.297911401889642,-23.058770392439595,0],[-46.29826884373211,-23.058374476700717,0]]]},"properties":{"FID":4}},{"type":"Feature","id":5,"geometry":{"type":"Polygon","coordinates":[[[-46.30043728365365,-23.063301066291096,0],[-46.301410067720376,-23.063202869316914,0],[-46.302556404754228,-23.062790388965251,0],[-46.303629855333504,-23.061571961376895,0],[-46.305084392730521,-23.062536763960455,0],[-46.301993176443879,-23.063603305947769,0],[-46.302874647846693,-23.064395013319174,0],[-46.303853201963648,-23.064475240040245,0],[-46.303249958318872,-23.065155762428454,0],[-46.301969051230692,-23.064933888887818,0],[-46.301094699760547,-23.064729795843345,0],[-46.300437349304161,-23.065710196268522,0],[-46.299167658560577,-23.064750768932793,0],[-46.298208744737728,-23.063195624378498,0],[-46.298110312141148,-23.061705020570169,0],[-46.298843000603938,-23.061230788270208,0],[-46.30043728365365,-23.063301066291096,0]]]},"properties":{"FID":5}},{"type":"Feature","id":6,"geometry":{"type":"Polygon","coordinates":[[[-46.447475147659873,-22.956928381439578,0],[-46.447821672632017,-22.956760867420044,0],[-46.447672554244946,-22.95757155498324,0],[-46.447424427695125,-22.957907044374572,0],[-46.447250736232434,-22.958322676849978,0],[-46.446683672313611,-22.958664164719366,0],[-46.445875795131769,-22.958642652036712,0],[-46.445258662357332,-22.958550402279176,0],[-46.444810065232268,-22.958370142168292,0],[-46.444378030022044,-22.95826399608648,0],[-46.444148755060951,-22.958371311286978,0],[-46.443833686575317,-22.95851805366522,0],[-46.44360287287423,-22.958535753222385,0],[-46.443115181320529,-22.958578471918877,0],[-46.442851905690866,-22.958603065678933,0],[-46.442322714921318,-22.958662905668522,0],[-46.44197084617759,-22.958253450636231,0],[-46.442340394693417,-22.957882462305754,0],[-46.442382081867549,-22.95753018077319,0],[-46.442281071813952,-22.957170674087312,0],[-46.44196029892862,-22.957258709621705,0],[-46.441797652939272,-22.957079106015893,0],[-46.441950924395599,-22.9567921125659,0],[-46.442221106818579,-22.95664533241608,0],[-46.442279438645144,-22.956620932010381,0],[-46.442321770633157,-22.956608946745465,0],[-46.442398538561697,-22.956601272830429,0],[-46.442488068769308,-22.956606621098601,0],[-46.442666762261247,-22.956630865022358,0],[-46.442775733113535,-22.956640233260096,0],[-46.442886259793006,-22.956639767411275,0],[-46.443066679983247,-22.956626357620266,0],[-46.443144904813444,-22.956630573642016,0],[-46.443260054008256,-22.956651660046035,0],[-46.443343859131744,-22.956672657417183,0],[-46.443507865795311,-22.956719893408309,0],[-46.443618324126305,-22.956756764712861,0],[-46.44372700179963,-22.956790798656421,0],[-46.443810936425521,-22.956813317680435,0],[-46.443880090693597,-22.95683398500034,0],[-46.443929215261051,-22.956850391332463,0],[-46.44400329241796,-22.956872543433061,0],[-46.44406875406969,-22.956884317357332,0],[-46.444184042659408,-22.956887935329917,0],[-46.444363808143187,-22.956886312952914,0],[-46.444519444816478,-22.95687881980167,0],[-46.44462174989382,-22.956865827296046,0],[-46.444704240208466,-22.956864605117389,0],[-46.444781459596641,-22.956870868895468,0],[-46.44491125425094,-22.956857531050186,0],[-46.445076925559654,-22.956831625179291,0],[-46.44522543240771,-22.956798479766007,0],[-46.44527555342399,-22.956788399265175,0],[-46.445310314019707,-22.956829073802655,0],[-46.445281461070522,-22.957301586598881,0],[-46.445435583285473,-22.957473471323627,0],[-46.445576578995876,-22.957540093100768,0],[-46.445769458393734,-22.957471566559491,0],[-46.446573744582629,-22.956058582337661,0],[-46.447475147659873,-22.956928381439578,0]]]},"properties":{"FID":6}},{"type":"Feature","id":7,"geometry":{"type":"Polygon","coordinates":[[[-46.443891323225962,-22.956810176348544,0],[-46.443842776922573,-22.956790839125869,0],[-46.44382251699551,-22.956778095732485,0],[-46.443814337661557,-22.956768985600149,0],[-46.443808727690559,-22.956759408719673,0],[-46.443805356132259,-22.956751749193792,0],[-46.443800906286754,-22.956738683843135,0],[-46.443796992437235,-22.956720943816446,0],[-46.443795398838517,-22.956698804306306,0],[-46.443795878177184,-22.956688126655635,0],[-46.443798855832469,-22.956664678631967,0],[-46.443803236430199,-22.956649829925656,0],[-46.443808775354682,-22.956630972041701,0],[-46.443813531868955,-22.956612900165162,0],[-46.443817943942925,-22.956588617570617,0],[-46.443823151017568,-22.956522006585313,0],[-46.443821084375486,-22.956501778134509,0],[-46.4438110866123,-22.956470914301217,0],[-46.443797986188102,-22.956444135188622,0],[-46.443778756884065,-22.956410398920735,0],[-46.443767731195805,-22.956392463741167,0],[-46.443748890398922,-22.956362163782764,0],[-46.443722857723685,-22.956315822617075,0],[-46.443705411775284,-22.956272691131748,0],[-46.443692896809694,-22.956223144782253,0],[-46.443678913251176,-22.956135476171248,0],[-46.443669545013456,-22.95608578413157,0],[-46.44365795005433,-22.95604051136046,0],[-46.443631581032605,-22.955959019293299,0],[-46.443605510585833,-22.95586330444792,0],[-46.443603881014269,-22.955818865348274,0],[-46.443609142048217,-22.955788581577739,0],[-46.44361954180836,-22.955757086420387,0],[-46.443648802150449,-22.955693759759182,0],[-46.443679171356621,-22.955625840260275,0],[-46.443725040378297,-22.955509746777356,0],[-46.443768082830736,-22.955421943268064,0],[-46.443812817807277,-22.955338774864529,0],[-46.443881565581769,-22.955202764096221,0],[-46.44392589766197,-22.955109126684835,0],[-46.443931006710564,-22.955110550311591,0],[-46.443936774962133,-22.955106757870499,0],[-46.443939439653377,-22.955104211889832,0],[-46.443941473020516,-22.955101015699253,0],[-46.443943000069346,-22.955099528220615,0],[-46.443944534312777,-22.955100227893183,0],[-46.44394689593247,-22.955103246017931,0],[-46.44395221722101,-22.955102057114161,0],[-46.44395461301491,-22.955098704441657,0],[-46.443956544758706,-22.95509800297042,0],[-46.443958926163475,-22.955094092718177,0],[-46.443961267098757,-22.95509659373278,0],[-46.443960505372971,-22.955099158599246,0],[-46.443956641885457,-22.955103049965711,0],[-46.443959166282468,-22.955108846995639,0],[-46.443962555827227,-22.955115806848944,0],[-46.443967311442236,-22.955121102956468,0],[-46.443968343863958,-22.955127653618259,0],[-46.443972071553837,-22.955132452400743,0],[-46.443979448692573,-22.955134773550917,0],[-46.443985535304208,-22.955135453438405,0],[-46.443989658695727,-22.955136135124526,0],[-46.443993623806655,-22.95513910828317,0],[-46.444005192685438,-22.955137646884857,0],[-46.444010102084526,-22.955138194571969,0],[-46.444014012336773,-22.955142584162928,0],[-46.444020608863987,-22.955144133694748,0],[-46.444032615712615,-22.955143537444275,0],[-46.444049633583695,-22.955142605746623,0],[-46.444077614190526,-22.955149379440289,0],[-46.444094212078198,-22.955160174902119,0],[-46.444105620877686,-22.955178534561707,0],[-46.444154144697961,-22.95518677594891,0],[-46.444195991951403,-22.955204838832177,0],[-46.444236538785219,-22.955204687746122,0],[-46.444269861364951,-22.955215717031635,0],[-46.444322072405669,-22.955263135585195,0],[-46.444350237373499,-22.955283622141398,0],[-46.444382648940071,-22.955297261259535,0],[-46.444423547408761,-22.955308145754255,0],[-46.444474315037546,-22.955325794949427,0],[-46.444525074572482,-22.955353352874905,0],[-46.444552180138942,-22.955360692242099,0],[-46.444582794860025,-22.955356886311229,0],[-46.444604304844745,-22.955350146791755,0],[-46.444614916844898,-22.95535111356299,0],[-46.444613867336038,-22.95535875240444,0],[-46.444617609415126,-22.955364903767247,0],[-46.444627823914921,-22.955368670128006,0],[-46.444626940780665,-22.955373780075814,0],[-46.444628130583737,-22.955378925996573,0],[-46.444632403262759,-22.955381179697671,0],[-46.444638712906226,-22.955380211127821,0],[-46.444643836343921,-22.955377398048419,0],[-46.44464967744063,-22.955383392929217,0],[-46.444645472210709,-22.955387565783525,0],[-46.44464539307041,-22.955397836041247,0],[-46.444651566916278,-22.955405750974609,0],[-46.444660587116338,-22.955410573139361,0],[-46.444669342915816,-22.955405278830472,0],[-46.444674978967043,-22.955404437065059,0],[-46.444680029559663,-22.955410599219785,0],[-46.444689715258107,-22.955407402129872,0],[-46.444702322853864,-22.955407817616621,0],[-46.444720031404295,-22.955413977073366,0],[-46.444735918827575,-22.955415746039815,0],[-46.444758778694627,-22.955421797577849,0],[-46.444754873838292,-22.955431012930859,0],[-46.44475953322587,-22.955435498749228,0],[-46.444768845705603,-22.95543623439465,0],[-46.444778174373198,-22.955432272881058,0],[-46.444779240969126,-22.95543649339939,0],[-46.44478618013806,-22.955439660811638,0],[-46.444794384653107,-22.955439600557099,0],[-46.44479655741516,-22.955443182556781,0],[-46.444799080912787,-22.955448979586709,0],[-46.444804379718335,-22.955454168674944,0],[-46.444810763106204,-22.955457945827529,0],[-46.444821926390773,-22.955453679443679,0],[-46.444831693927483,-22.955457024022387,0],[-46.444839780631355,-22.955458240805129,0],[-46.44484333205407,-22.95546495694213,0],[-46.444859681728879,-22.955468499371719,0],[-46.444875711245054,-22.955466483091691,0],[-46.444881351792908,-22.955473495105629,0],[-46.444893480050041,-22.955478616744706,0],[-46.444925128092166,-22.955488360899107,0],[-46.44492747622202,-22.955492974421201,0],[-46.444932236333614,-22.955494984405945,0],[-46.444937506360816,-22.955494808138834,0],[-46.444942422954405,-22.955491709974421,0],[-46.444947823383302,-22.955496586997867,0],[-46.444953443246789,-22.955496548326995,0],[-46.44495846506107,-22.955491689289982,0],[-46.444964873630013,-22.955492516666233,0],[-46.444967728977481,-22.955499874019917,0],[-46.444963375359464,-22.95549937039959,0],[-46.444960603648887,-22.95550242179927,0],[-46.444958272606122,-22.955508244010236,0],[-46.444952859586749,-22.955512320637059,0],[-46.444951632911511,-22.955524240251457,0],[-46.444953091611872,-22.955530790913201,0],[-46.444961871693017,-22.955536465635372,0],[-46.444971197662596,-22.955540205016398,0],[-46.444984878149576,-22.955541928117455,0],[-46.445003733335568,-22.955541538711003,0],[-46.4450119576357,-22.95554465486191,0],[-46.445021032694463,-22.955551753210813,0],[-46.445029744427131,-22.955562877824494,0],[-46.445044019365987,-22.955575798384366,0],[-46.445059182835003,-22.955581843627137,0],[-46.445071795826664,-22.955582263610552,0],[-46.445084254135004,-22.955583340098993,0],[-46.445094062141209,-22.955585277238697,0],[-46.445100182027709,-22.955589748667929,0],[-46.445105927796305,-22.955589977095709,0],[-46.445111346211618,-22.955591321582183,0],[-46.445110398326165,-22.955595575375469,0],[-46.445111892100101,-22.955597847962292,0],[-46.445115413845258,-22.955599152878559,0],[-46.445117911262571,-22.955598693324987,0],[-46.445122503200935,-22.955595814595132,0],[-46.445122489711089,-22.955600277031113,0],[-46.445125199368412,-22.95560388331252,0],[-46.445129350638986,-22.955603948063693,0],[-46.445134022617026,-22.955601429062657,0],[-46.445138160397732,-22.955602721388445,0],[-46.445141249568962,-22.95560614960409,0],[-46.445146026767695,-22.955606333965093,0],[-46.445151357049454,-22.955609392559385,0],[-46.445150346211449,-22.955610690281105,0],[-46.445150873214175,-22.955612453851632,0],[-46.44515419620916,-22.955614032161805,0],[-46.445157270991203,-22.955616856932352,0],[-46.44516086288349,-22.955617463075441,0],[-46.445163149859418,-22.955619437986616,0],[-46.445165483600128,-22.955621045075123,0],[-46.445167830830719,-22.955621109826321,0],[-46.445171878679226,-22.955619788722238,0],[-46.445174846441944,-22.955616608719481,0],[-46.445174623410075,-22.955612434066538,0],[-46.445175557805733,-22.955608409600355,0],[-46.445174624309402,-22.955606121725118,0],[-46.445169022432424,-22.955602811320659,0],[-46.445167936950682,-22.955599186153446,0],[-46.445174713342297,-22.955603582039657,0],[-46.445177367241683,-22.955603683663014,0],[-46.445178380777634,-22.955605413059345,0],[-46.445177292597918,-22.955617755355096,0],[-46.44517903098744,-22.955621113423604,0],[-46.445178987819986,-22.955622875195537,0],[-46.445179652418979,-22.955624161225991,0],[-46.445180912369153,-22.955624943636167,0],[-46.445182579712259,-22.955625499417238,0],[-46.445185024968907,-22.95562472779892,0],[-46.44518563021262,-22.955626844803021,0],[-46.445187663579759,-22.955628515743335,0],[-46.445191328317094,-22.955629895303403,0],[-46.445189127676088,-22.955629838646079,0],[-46.44518783175301,-22.955630173193882,0],[-46.445185990840749,-22.955631098596253,0],[-46.445184354074627,-22.955632524921054,0],[-46.445183793797014,-22.955633549248837,0],[-46.445183924198716,-22.955634934204809,0],[-46.445184999787848,-22.955638613331306,0],[-46.44518463915972,-22.955646316923943,0],[-46.445184854097704,-22.955652298314867,0],[-46.445186799331282,-22.955657765293605,0],[-46.44519023474151,-22.95566156942586,0],[-46.44519517022087,-22.955665584898789,0],[-46.44520286212235,-22.955670033844967,0],[-46.445213273573714,-22.955676083584358,0],[-46.445218215348291,-22.955681793379988,0],[-46.445220013093099,-22.955686019294323,0],[-46.445220254111405,-22.95569000598891,0],[-46.445218341253401,-22.9556962526799,0],[-46.445215109089986,-22.955701861751479,0],[-46.44521043261534,-22.95570963279329,0],[-46.445209523400756,-22.955711974627874,0],[-46.445209596245839,-22.955714199550638,0],[-46.445211180851288,-22.95571660973371,0],[-46.445214012816393,-22.955719053191721,0],[-46.445218461762593,-22.955720764601541,0],[-46.445221350384998,-22.955723224247389,0],[-46.445224051049095,-22.955729273087449,0],[-46.445225653640939,-22.955739551439073,0],[-46.445225728284697,-22.955761086604817,0],[-46.445228604316576,-22.955775275208733,0],[-46.445234163925477,-22.955790227337122,0],[-46.445243818147688,-22.955809274978037,0],[-46.44525636818679,-22.955825943012822,0],[-46.445265206723889,-22.955837415664206,0],[-46.445279321583378,-22.955848346024307,0],[-46.445294523723248,-22.955854850820689,0],[-46.445308832836304,-22.955857882435282,0],[-46.445325056606009,-22.95585676008135,0],[-46.445339910708306,-22.95585038208942,0],[-46.445356528381019,-22.955836936325504,0],[-46.445376700174506,-22.955827121124685,0],[-46.445306473015251,-22.956761854875648,0],[-46.445280310837639,-22.956765159884192,0],[-46.445191021648277,-22.9567812622454,0],[-46.445045373744968,-22.956809861585764,0],[-46.444906697386152,-22.956829587315564,0],[-46.444784173750577,-22.956842800155062,0],[-46.444649143243346,-22.956841748847577,0],[-46.444531625234276,-22.956853336612145,0],[-46.444395907645003,-22.956866215803185,0],[-46.444223227020252,-22.956866693343144,0],[-46.444071017663312,-22.956862999827532,0],[-46.443983114329228,-22.956845472040893,0],[-46.443891323225962,-22.956810176348544,0]]]},"properties":{"FID":7}},{"type":"Feature","id":8,"geometry":{"type":"Polygon","coordinates":[[[-46.442725246073223,-22.95616204394317,0],[-46.44301309657709,-22.95598461579732,0],[-46.442732383092959,-22.955766185760798,0],[-46.443262180005547,-22.955674977418266,0],[-46.443600113754201,-22.95535476121319,0],[-46.443758674123444,-22.95507775023793,0],[-46.443793888876819,-22.955080607384104,0],[-46.443815086796803,-22.955080564216665,0],[-46.443832419430592,-22.955077213342673,0],[-46.443857481737325,-22.955070397380887,0],[-46.443876256883698,-22.955068982747342,0],[-46.443891129871702,-22.955073482055507,0],[-46.443899459392476,-22.95507735723417,0],[-46.443901085366754,-22.955083597629869,0],[-46.44389895577217,-22.955089114071306,0],[-46.44389694938468,-22.955095820315808,0],[-46.443901526034566,-22.955104048213247,0],[-46.443882871397363,-22.955143405243923,0],[-46.443853718074607,-22.955201921431463,0],[-46.443819255154445,-22.955268177184564,0],[-46.443792037172727,-22.955320854973422,0],[-46.443763329913686,-22.95537917600814,0],[-46.443749894941675,-22.955407674624439,0],[-46.443734887954697,-22.955440275947922,0],[-46.44372080367215,-22.955471492315493,0],[-46.443705901006474,-22.955505055014211,0],[-46.443699218144332,-22.955520249060211,0],[-46.443679919592562,-22.955564482215035,0],[-46.44366665908899,-22.955595981869006,0],[-46.443648928954872,-22.955641735777416,0],[-46.44364230275005,-22.95565819157224,0],[-46.443634155791642,-22.95567660069451,0],[-46.443612995643207,-22.955721478663289,0],[-46.44360076666203,-22.955752721111125,0],[-46.443593272611395,-22.955778016342315,0],[-46.443588491815383,-22.955804477094883,0],[-46.443587491769279,-22.955828000661665,0],[-46.443588872228645,-22.955848519593474,0],[-46.443591450584954,-22.955865056327237,0],[-46.44360025135046,-22.955911267091277,0],[-46.443610021585187,-22.955953311296248,0],[-46.44361993661073,-22.95599645177478,0],[-46.443632410207499,-22.956044459384259,0],[-46.443641129134733,-22.956077650663019,0],[-46.443644942260221,-22.956092439114737,0],[-46.443650443413212,-22.956118534742533,0],[-46.443662138197055,-22.956179884693878,0],[-46.443668364203575,-22.956212849343508,0],[-46.443672779874873,-22.956234102122096,0],[-46.443681395380054,-22.956269086649005,0],[-46.443686998156416,-22.95628785190279,0],[-46.443699731657262,-22.956323078347339,0],[-46.443710388623508,-22.956345193575789,0],[-46.443721605867381,-22.956365350980089,0],[-46.443741550132415,-22.956396176142562,0],[-46.443767461399204,-22.956432467384452,0],[-46.443781166167867,-22.956453619438925,0],[-46.443791531753725,-22.956474464824623,0],[-46.443797856685705,-22.956494463049019,0],[-46.443800795670143,-22.956512049291575,0],[-46.443801389222706,-22.956532439620332,0],[-46.443797571600605,-22.956573390249737,0],[-46.443794635314141,-22.956600994040567,0],[-46.44379155873338,-22.956617934569987,0],[-46.443785789582478,-22.956636190807476,0],[-46.443781950376653,-22.956646034786612,0],[-46.443774747706414,-22.956667666179776,0],[-46.443772231403344,-22.95668618412002,0],[-46.443771758359901,-22.956701941141603,0],[-46.443773557004015,-22.95672304912938,0],[-46.443776105682673,-22.956737761138701,0],[-46.443779649910887,-22.956754590152162,0],[-46.443780205691901,-22.956762943055306,0],[-46.443778509570507,-22.956768145633351,0],[-46.443773539916904,-22.956772820309368,0],[-46.443768688973769,-22.956773706141597,0],[-46.443760068072663,-22.956772898550359,0],[-46.443718766707669,-22.956760834145133,0],[-46.4436323157787,-22.956734974139696,0],[-46.443519172971435,-22.956699870002979,0],[-46.443351004245415,-22.956651837212451,0],[-46.443182132249554,-22.956614516246873,0],[-46.443094260391774,-22.956606180430814,0],[-46.442964275980501,-22.956612088976676,0],[-46.442898381754837,-22.956613258095327,0],[-46.442809015223816,-22.956613517100116,0],[-46.442673525163002,-22.956608066309197,0],[-46.442587362017093,-22.956599441810713,0],[-46.442396185035875,-22.956584903370523,0],[-46.442356340572651,-22.95658654733128,0],[-46.442325973165111,-22.956590195880775,0],[-46.442280523227517,-22.95660041038056,0],[-46.442232252116696,-22.956618811408983,0],[-46.442160440351984,-22.956656955254221,0],[-46.442024396308788,-22.956726466553171,0],[-46.441971626789098,-22.956755854598956,0],[-46.44200480997398,-22.956691214927556,0],[-46.442048768835548,-22.9563084940417,0],[-46.442725246073223,-22.95616204394317,0]]]},"properties":{"FID":8}},{"type":"Feature","id":9,"geometry":{"type":"Polygon","coordinates":[[[-46.451039398349508,-22.955281495244762,0],[-46.451499772096788,-22.95471454733843,0],[-46.45188104777209,-22.954384273115725,0],[-46.452065624628865,-22.954303918690837,0],[-46.452169295776343,-22.95458411326614,0],[-46.4520370315837,-22.954965048997771,0],[-46.451554699989344,-22.955401567328423,0],[-46.451433867978608,-22.955513896249265,0],[-46.45101898733634,-22.955690181356719,0],[-46.45103832995494,-22.9557465508626,0],[-46.451155084439563,-22.955732664430858,0],[-46.451237187146432,-22.955711130164502,0],[-46.451326266793728,-22.955738025289577,0],[-46.451391018880379,-22.955797620663645,0],[-46.451408502600252,-22.955916046987905,0],[-46.451357830299578,-22.955967319136448,0],[-46.451234242766077,-22.955988285930641,0],[-46.451128894382919,-22.955980565250854,0],[-46.451140412899704,-22.956044042098821,0],[-46.451360777377936,-22.956237590592298,0],[-46.451542463813617,-22.956389742392673,0],[-46.45179903319876,-22.95654541683745,0],[-46.451976328244889,-22.956652991942004,0],[-46.452477768634083,-22.956873866335808,0],[-46.4527576853189,-22.957048920271404,0],[-46.453104562825274,-22.957243655870009,0],[-46.453392663340729,-22.957439888839769,0],[-46.453597817585141,-22.95754968616907,0],[-46.453896702770578,-22.957706846293885,0],[-46.454136919782961,-22.957889619110556,0],[-46.454020327176288,-22.958069927784887,0],[-46.453769136636311,-22.958121888814031,0],[-46.453508478933088,-22.958081057794491,0],[-46.453275710105927,-22.958088103083483,0],[-46.45325878306636,-22.958212215821042,0],[-46.453396150911587,-22.958336466154947,0],[-46.453673062961457,-22.958528132367345,0],[-46.453826213009279,-22.958880507429459,0],[-46.454008356300562,-22.959182838816901,0],[-46.454230602160528,-22.959317601326177,0],[-46.454413702330449,-22.959480041370782,0],[-46.454376016240133,-22.959940952013255,0],[-46.45460408341166,-22.959973914864229,0],[-46.455093539435275,-22.959947703223836,0],[-46.455100814950583,-22.959653457640901,0],[-46.455610012891725,-22.959509585898616,0],[-46.455998842872248,-22.959698705231009,0],[-46.456261747981223,-22.959460464029121,0],[-46.456332693698812,-22.95950501464468,0],[-46.45603870712057,-22.959899159618484,0],[-46.455866971683349,-22.959902777591093,0],[-46.455141987712537,-22.960016132638358,0],[-46.454349363931946,-22.960071599224872,0],[-46.454245390612236,-22.960119167965161,0],[-46.454094631861722,-22.960267435593629,0],[-46.45400356291406,-22.960192328712935,0],[-46.454006013566641,-22.960115305376981,0],[-46.45398679865179,-22.960000513213082,0],[-46.453729490023932,-22.959507930246748,0],[-46.45352169267192,-22.959185889317261,0],[-46.453395603224457,-22.95888208843758,0],[-46.453275748776719,-22.95862382293102,0],[-46.453125443284534,-22.958306314584718,0],[-46.453069077375964,-22.957974766022591,0],[-46.452865567092196,-22.957618743310306,0],[-46.452739473148149,-22.957415752834656,0],[-46.452576076224886,-22.957177647430466,0],[-46.452256849274143,-22.956946553140856,0],[-46.451966729780736,-22.956776741353512,0],[-46.45159087342001,-22.956544396106949,0],[-46.451264679421399,-22.956300954125709,0],[-46.450973471748284,-22.956049307629375,0],[-46.45084231462107,-22.955427672848785,0],[-46.451039398349508,-22.955281495244762,0]]]},"properties":{"FID":9}},{"type":"Feature","id":10,"geometry":{"type":"Polygon","coordinates":[[[-46.45233476563687,-22.945316994383738,0],[-46.452145324347214,-22.94527712114218,0],[-46.451847839406256,-22.944950560220146,0],[-46.451193194110601,-22.944886396290109,0],[-46.451066536291592,-22.944683298795155,0],[-46.451281247631414,-22.944109864978255,0],[-46.451558678590118,-22.943561196691807,0],[-46.451777883842233,-22.943116792206123,0],[-46.451946148795678,-22.942653352670046,0],[-46.452093430767157,-22.942285852809771,0],[-46.45215469438358,-22.941663826824097,0],[-46.452387546847795,-22.941776037933781,0],[-46.452647402355694,-22.941462463222098,0],[-46.452466363431881,-22.941095338379114,0],[-46.452627486868998,-22.94088557600848,0],[-46.453182781360233,-22.941126068213396,0],[-46.453202764296073,-22.94283988465293,0],[-46.45312618792321,-22.94291946206345,0],[-46.452930074563255,-22.94264483788891,0],[-46.45231147859181,-22.94249810989983,0],[-46.452176591976077,-22.94272183514456,0],[-46.452009922419961,-22.942902846189394,0],[-46.451997280649948,-22.942968369894302,0],[-46.451899387646563,-22.943475812358823,0],[-46.451638007787786,-22.943621036681471,0],[-46.451589552315966,-22.943967558955652,0],[-46.452072419906187,-22.944386445178292,0],[-46.45244056458035,-22.944814903784724,0],[-46.452864251384028,-22.944782942778556,0],[-46.453016950871522,-22.944526472318802,0],[-46.45310100061068,-22.944231735706012,0],[-46.453216594070511,-22.944290138578999,0],[-46.453219086991226,-22.94454737975779,0],[-46.452903838641205,-22.944979649691049,0],[-46.452662698025065,-22.945219806448844,0],[-46.453006150013771,-22.945508189351411,0],[-46.453165002662729,-22.945816396909152,0],[-46.453038583164016,-22.946338506416904,0],[-46.45296697824341,-22.946575335683175,0],[-46.452532570621599,-22.945674504574701,0],[-46.45233476563687,-22.945316994383738,0]]]},"properties":{"FID":10}},{"type":"Feature","id":11,"geometry":{"type":"Polygon","coordinates":[[[-46.444845511111396,-22.939309818992903,0],[-46.444638443109611,-22.939282163940685,0],[-46.444532949935642,-22.939418181903534,0],[-46.444451796912865,-22.939536646898716,0],[-46.444294386776519,-22.939482526597253,0],[-46.444257638679062,-22.939102456013462,0],[-46.444318327628643,-22.939000950433488,0],[-46.444426468406725,-22.938994150659486,0],[-46.444499341371454,-22.938824028605993,0],[-46.444632137962742,-22.938777203605007,0],[-46.444815555593387,-22.939002253551106,0],[-46.44499584088534,-22.939285435674268,0],[-46.444845511111396,-22.939309818992903,0]]]},"properties":{"FID":11}},{"type":"Feature","id":12,"geometry":{"type":"Polygon","coordinates":[[[-46.444678124795587,-22.942149973342577,0],[-46.444775619399252,-22.942259106072868,0],[-46.444675993402313,-22.942493964924495,0],[-46.444563120391649,-22.942606982726033,0],[-46.444310874047567,-22.942576668378475,0],[-46.444181912165448,-22.942451918920874,0],[-46.443787840036748,-22.942407309849475,0],[-46.443958834432635,-22.942253909790058,0],[-46.444219967877189,-22.942169610938773,0],[-46.444316043350675,-22.94204386323365,0],[-46.444318716135804,-22.941769900060812,0],[-46.444654878220035,-22.94178217310877,0],[-46.444678124795587,-22.942149973342577,0]]]},"properties":{"FID":12}},{"type":"Feature","id":13,"geometry":{"type":"Polygon","coordinates":[[[-46.44517659562338,-22.940882461656265,0],[-46.445215880708297,-22.941199764957172,0],[-46.444968462824249,-22.941502985774157,0],[-46.444810367404507,-22.941346176384918,0],[-46.444879104387098,-22.941265750913594,0],[-46.444824425606726,-22.941113707931205,0],[-46.444646528014808,-22.940947649014728,0],[-46.444543899181554,-22.940753866697534,0],[-46.444650202644716,-22.940597231776803,0],[-46.444963370862823,-22.940459192137943,0],[-46.44517659562338,-22.940882461656265,0]]]},"properties":{"FID":13}},{"type":"Feature","id":14,"geometry":{"type":"Polygon","coordinates":[[[-46.444882866251248,-22.939966161309261,0],[-46.444726117116538,-22.940059322079993,0],[-46.444579708386811,-22.939934354087125,0],[-46.444627565809469,-22.939841006257364,0],[-46.444653570605738,-22.939581843227391,0],[-46.444849388988082,-22.939501783780251,0],[-46.445046396274115,-22.939574038011425,0],[-46.445227092556244,-22.939809888815255,0],[-46.445240719083877,-22.93994238683166,0],[-46.444882866251248,-22.939966161309261,0]]]},"properties":{"FID":14}},{"type":"Feature","id":15,"geometry":{"type":"Polygon","coordinates":[[[-46.445126685048429,-22.941902220910716,0],[-46.445011023240106,-22.941690509709211,0],[-46.445058224157656,-22.941456289376216,0],[-46.445303852390872,-22.941574439608637,0],[-46.445456429570527,-22.941506573169754,0],[-46.44565246738739,-22.941247198799147,0],[-46.445780888776945,-22.940863762052928,0],[-46.44546402074792,-22.940311673644771,0],[-46.445620453321226,-22.940196571214752,0],[-46.445836384141785,-22.94053142388606,0],[-46.445893883196113,-22.940643111590312,0],[-46.445948085335829,-22.940735313683721,0],[-46.445925651747416,-22.941141275749274,0],[-46.445678381352195,-22.941499624108289,0],[-46.445132652050241,-22.941928679864645,0],[-46.445126685048429,-22.941902220910716,0]]]},"properties":{"FID":15}},{"type":"Feature","id":16,"geometry":{"type":"Polygon","coordinates":[[[-46.44311686665003,-22.942859632865702,0],[-46.44274527487449,-22.942522386199126,0],[-46.442582783568589,-22.942434590783719,0],[-46.442463136864205,-22.942402602797813,0],[-46.442438207657119,-22.942277615919185,0],[-46.442506182913974,-22.942161008024073,0],[-46.442608560836405,-22.942064440621369,0],[-46.442800067868802,-22.942108028062989,0],[-46.442961522256375,-22.942212112898634,0],[-46.443119419825337,-22.942210676681331,0],[-46.443253075269183,-22.942307465317242,0],[-46.443133424068208,-22.942400123366948,0],[-46.443752174723045,-22.943336648567417,0],[-46.444006531775983,-22.943675342243168,0],[-46.444217868859539,-22.943864531722728,0],[-46.444241806114405,-22.944034847130464,0],[-46.44311686665003,-22.942859632865702,0]]]},"properties":{"FID":16}},{"type":"Feature","id":17,"geometry":{"type":"Polygon","coordinates":[[[-46.444526121383376,-22.94424964660384,0],[-46.444494925700205,-22.944098377937731,0],[-46.444808003086841,-22.943723843580475,0],[-46.444949137292838,-22.943476397817435,0],[-46.445105191251514,-22.943836548417952,0],[-46.44524793524397,-22.943842143999682,0],[-46.44545463991966,-22.943879830090047,0],[-46.445250676377555,-22.944381542074449,0],[-46.444847979750421,-22.944395934824513,0],[-46.444526121383376,-22.94424964660384,0]]]},"properties":{"FID":17}},{"type":"Feature","id":18,"geometry":{"type":"Polygon","coordinates":[[[-46.434360377429421,-22.931702966418698,0],[-46.434496806382469,-22.931784858684246,0],[-46.434639319249129,-22.931851599171921,0],[-46.434843193758368,-22.931940995380607,0],[-46.435132850100885,-22.932044535227085,0],[-46.435386695439604,-22.932138857921927,0],[-46.43559756397633,-22.932239978592062,0],[-46.435763996111461,-22.93234419293011,0],[-46.435894563283455,-22.932447820010854,0],[-46.436016219073224,-22.932576691960733,0],[-46.43606691925288,-22.932623570921002,0],[-46.436147308751217,-22.932681402724505,0],[-46.436258515318173,-22.932793912409082,0],[-46.436335803954137,-22.932896389256943,0],[-46.436414472150148,-22.93302082125388,0],[-46.436482147033431,-22.93313253323976,0],[-46.436542594065429,-22.933222274788072,0],[-46.436575094664818,-22.933270417295883,0],[-46.436592558599678,-22.933309902030331,0],[-46.436597351086853,-22.93334670318773,0],[-46.436586186003638,-22.933389637721582,0],[-46.436561449251435,-22.933417846756171,0],[-46.436480203598485,-22.933457386349222,0],[-46.436405928590716,-22.933485929931713,0],[-46.436319726773945,-22.933527258276303,0],[-46.4362406862586,-22.933577998026117,0],[-46.436108080323613,-22.933686452667594,0],[-46.435996921420731,-22.933775832688461,0],[-46.435959004204619,-22.933802634284113,0],[-46.43576995232138,-22.933908970122854,0],[-46.435647563584155,-22.933978334832265,0],[-46.435498000931943,-22.934078614636288,0],[-46.435434896403308,-22.934121151669775,0],[-46.435341206831197,-22.934183144636393,0],[-46.435203818301545,-22.93427549062136,0],[-46.435032617061616,-22.934386162091634,0],[-46.434924211882858,-22.934438774230014,0],[-46.434891130321375,-22.93446320791066,0],[-46.434057515441971,-22.934809124941136,0],[-46.433857183362313,-22.936326943133871,0],[-46.433475332120864,-22.936215259026941,0],[-46.433611330298625,-22.935952601231527,0],[-46.43346605201662,-22.935734439192956,0],[-46.433528386725641,-22.935070136077844,0],[-46.433306968241936,-22.935051181067081,0],[-46.433146206332317,-22.935098526775562,0],[-46.433065618083788,-22.934926462186407,0],[-46.433302003084918,-22.934717235811718,0],[-46.433481812635478,-22.934440840872053,0],[-46.433432144877543,-22.934309062313325,0],[-46.433394317593638,-22.934026400897658,0],[-46.433405042908362,-22.933691064391052,0],[-46.433876991829678,-22.93357428472542,0],[-46.434171460444475,-22.933379860292302,0],[-46.434283195812782,-22.933015127645984,0],[-46.434268250879029,-22.932587088123583,0],[-46.434055161916149,-22.932270151746081,0],[-46.433812227152551,-22.932533187256745,0],[-46.43335464669957,-22.932642748963634,0],[-46.433034755149791,-22.932601944024452,0],[-46.432663172367498,-22.93258992368602,0],[-46.43269122671871,-22.932857301123477,0],[-46.432550597931709,-22.932919350747394,0],[-46.432291436700389,-22.933009246079791,0],[-46.432128901327708,-22.933667620863936,0],[-46.432181410044002,-22.933883423081443,0],[-46.432122734676405,-22.933985985364885,0],[-46.431978397984665,-22.934146921742972,0],[-46.431924321749989,-22.934363333700841,0],[-46.431766822580755,-22.934478484694292,0],[-46.431541645830244,-22.934602032657622,0],[-46.43152351819576,-22.934826327173198,0],[-46.431495828069949,-22.934940498804917,0],[-46.431509865587756,-22.935087825742524,0],[-46.431651048357139,-22.935166963384631,0],[-46.431867758889886,-22.935183804988579,0],[-46.432042544827539,-22.935139468411709,0],[-46.432257289442305,-22.935212532032676,0],[-46.432342706150905,-22.935303159413255,0],[-46.432215483557691,-22.935387740651656,0],[-46.432128266406323,-22.935593284302591,0],[-46.432137744361398,-22.935776619195568,0],[-46.43221723004109,-22.935916891851022,0],[-46.431663446410887,-22.936415011943208,0],[-46.431503082900932,-22.936411724021795,0],[-46.43164816063404,-22.936106450052595,0],[-46.430991785942133,-22.935395294057489,0],[-46.430673084195455,-22.935034778332295,0],[-46.430978290715515,-22.934931266364785,0],[-46.431031823759618,-22.934468027377545,0],[-46.430252404724683,-22.934653192390922,0],[-46.429860511653274,-22.934044300104354,0],[-46.429423209113793,-22.933876945264785,0],[-46.429069610973748,-22.933587751173725,0],[-46.42911528574183,-22.932510821117432,0],[-46.429954569048114,-22.932377852755682,0],[-46.430515548154006,-22.932004048647872,0],[-46.430465462211259,-22.932243895139603,0],[-46.43054557741641,-22.932486899151048,0],[-46.43075244486937,-22.932854208354982,0],[-46.430860323944728,-22.933088279400511,0],[-46.431159367410828,-22.933280439340766,0],[-46.431341020571608,-22.933433091164211,0],[-46.431650588803571,-22.933568163040242,0],[-46.431902819859204,-22.933610576866556,0],[-46.431908376770153,-22.933449463322003,0],[-46.431573553776452,-22.933275919348151,0],[-46.431422964997807,-22.933059312237461,0],[-46.43139305804317,-22.932548739232868,0],[-46.431694893004867,-22.932303388890258,0],[-46.431827953996844,-22.932061939806662,0],[-46.432080276783317,-22.931828593614679,0],[-46.432809311300623,-22.931714352735135,0],[-46.43312155321707,-22.931976577956664,0],[-46.433843080193981,-22.931979737275,0],[-46.434035181678269,-22.931848607127449,0],[-46.434299130000795,-22.931656501146559,0],[-46.434360377429421,-22.931702966418698,0]]]},"properties":{"FID":18}},{"type":"Feature","id":19,"geometry":{"type":"Polygon","coordinates":[[[-46.456969821999621,-22.954005862680383,0],[-46.457271453714554,-22.954161208872627,0],[-46.457735872612389,-22.954275674582679,0],[-46.458244036333156,-22.954213437000476,0],[-46.458462775736457,-22.954157454203088,0],[-46.458592903139902,-22.954130345938658,0],[-46.457168008296904,-22.956299838067032,0],[-46.457647057365769,-22.956411336014312,0],[-46.45773703813375,-22.956426216196871,0],[-46.458216140262607,-22.956490873854708,0],[-46.458422407867772,-22.956583879942059,0],[-46.457875148819028,-22.957429917156901,0],[-46.456853149353314,-22.958924540035468,0],[-46.456662241269385,-22.95909753991948,0],[-46.455998842872248,-22.959698705231009,0],[-46.455610012891725,-22.959509585898616,0],[-46.455100814950583,-22.959653457640901,0],[-46.455093539435275,-22.959947703223836,0],[-46.454603675119472,-22.959973856408272,0],[-46.454376016240133,-22.959940952013255,0],[-46.454413702330449,-22.959480041370782,0],[-46.454229791871349,-22.959317110296354,0],[-46.454008356300562,-22.959182838816901,0],[-46.45382256176179,-22.958872105962886,0],[-46.453673062961457,-22.958528132367345,0],[-46.453395658083139,-22.95833602009122,0],[-46.45325878306636,-22.958212215821042,0],[-46.453275710105927,-22.958088103083483,0],[-46.453507587704962,-22.958081084774228,0],[-46.453769136636311,-22.958121888814031,0],[-46.454020327176288,-22.958069927784887,0],[-46.454136919782961,-22.957889619110556,0],[-46.453896702770578,-22.957706846293885,0],[-46.453392663340729,-22.957439888839769,0],[-46.453103541195446,-22.957243082102529,0],[-46.453083065431095,-22.957231586968142,0],[-46.453073824897047,-22.957226399678575,0],[-46.453072076615001,-22.957225417618869,0],[-46.452989777855919,-22.957179152895566,0],[-46.45297999413139,-22.957173723688374,0],[-46.452787862070117,-22.957067459795379,0],[-46.452665308756934,-22.95699111544759,0],[-46.452477768634083,-22.956873866335808,0],[-46.45236509527291,-22.956824264228366,0],[-46.452237136134904,-22.956767873138819,0],[-46.451976328244889,-22.956652991942004,0],[-46.451542463813617,-22.956389742392673,0],[-46.451140412899704,-22.956044042098821,0],[-46.451128894382919,-22.955980565250854,0],[-46.451234242766077,-22.955988285930641,0],[-46.451357830299578,-22.955967319136448,0],[-46.451408502600252,-22.955916046987905,0],[-46.451391018880379,-22.955797620663645,0],[-46.451326266793728,-22.955738025289577,0],[-46.451252690559159,-22.955706934827163,0],[-46.4511822241803,-22.95572555798805,0],[-46.451155084439563,-22.955732664430858,0],[-46.45103832995494,-22.9557465508626,0],[-46.45101898733634,-22.955690181356719,0],[-46.451432593639254,-22.955515392721178,0],[-46.451754019432428,-22.955221180413105,0],[-46.4520370315837,-22.954965048997771,0],[-46.452090427031528,-22.954811265827242,0],[-46.452169295776343,-22.95458411326614,0],[-46.452102679395075,-22.954363571621506,0],[-46.452083322387352,-22.954308927914681,0],[-46.452291644943443,-22.954390113313035,0],[-46.452613391794557,-22.954492987661162,0],[-46.453590593331185,-22.954874609575533,0],[-46.454365730693901,-22.955055781599036,0],[-46.454903277064552,-22.95520091868741,0],[-46.455367927987425,-22.955339109412293,0],[-46.455877777937076,-22.954496193744333,0],[-46.456467249364039,-22.953559077689249,0],[-46.456969821999621,-22.954005862680383,0]],[[-46.452614785743719,-22.956034181032575,0],[-46.452468683682753,-22.956114935655677,0],[-46.452532766673805,-22.956266201623858,0],[-46.452396477115713,-22.956365611783493,0],[-46.452485769902296,-22.956487921380418,0],[-46.452484734782615,-22.956489175934667,0],[-46.452611278387735,-22.956493742692004,0],[-46.452615176948825,-22.956488935815695,0],[-46.452766021134941,-22.956313058101092,0],[-46.452885577007748,-22.956183910958654,0],[-46.452834605232795,-22.956065818282863,0],[-46.452744505754318,-22.955924443058564,0],[-46.452614785743719,-22.956034181032575,0]],[[-46.453262104262642,-22.956270800756815,0],[-46.453286320307384,-22.956499081067705,0],[-46.453367209828855,-22.956602924885033,0],[-46.453513801121005,-22.95646282759737,0],[-46.453587509555867,-22.956467796351642,0],[-46.453598019033336,-22.956626794690813,0],[-46.453390959125429,-22.95669309810798,0],[-46.453331252235458,-22.956834495815276,0],[-46.453332399770375,-22.956851748409409,0],[-46.453330407772057,-22.956853651374843,0],[-46.453370637145156,-22.95691597439264,0],[-46.453572381160427,-22.956810195234272,0],[-46.453772429054311,-22.956717628915413,0],[-46.45388621127961,-22.956551010620618,0],[-46.453936690226044,-22.956386630738379,0],[-46.453675858054346,-22.956235146234985,0],[-46.453633560240576,-22.956046582683594,0],[-46.453424041586231,-22.95594745760906,0],[-46.453299498972683,-22.956033282609845,0],[-46.453262104262642,-22.956270800756815,0]]]},"properties":{"FID":19}},{"type":"Feature","id":20,"geometry":{"type":"Polygon","coordinates":[[[-46.450621683943503,-22.948982400817105,0],[-46.451121643149293,-22.949191245879256,0],[-46.451362531055899,-22.949104425328912,0],[-46.451612303365046,-22.949019646239659,0],[-46.45198225387788,-22.948791871347751,0],[-46.451828027341548,-22.948454741593036,0],[-46.452046778436056,-22.948214808766345,0],[-46.452153936255108,-22.947880556842168,0],[-46.452008592322613,-22.947802589218096,0],[-46.451783391290405,-22.948158607433751,0],[-46.451340182903095,-22.94834501531016,0],[-46.451187336826095,-22.948294478807089,0],[-46.450807000042985,-22.947699537703457,0],[-46.450795930287939,-22.947305352260173,0],[-46.450964122396286,-22.946973750638062,0],[-46.451046976037041,-22.946808579352425,0],[-46.451003306757173,-22.945951853695011,0],[-46.451578732572393,-22.945965755415219,0],[-46.451882169226678,-22.945854041630707,0],[-46.452145324347214,-22.94527712114218,0],[-46.45233476563687,-22.945316994383738,0],[-46.452532570621599,-22.945674504574701,0],[-46.452399529414727,-22.946035216352122,0],[-46.452332419305662,-22.946294647380018,0],[-46.452280521229056,-22.946495034318332,0],[-46.452271718664868,-22.946574592843159,0],[-46.4522488560998,-22.946775934861492,0],[-46.452228663621895,-22.946963701613463,0],[-46.452228974787317,-22.947037044923668,0],[-46.45223660103823,-22.947365304665027,0],[-46.452240218111513,-22.947520989002388,0],[-46.452344527777711,-22.947683708736118,0],[-46.452295446377718,-22.948128362333996,0],[-46.45258037318564,-22.948203959345236,0],[-46.452606220600558,-22.947954788682534,0],[-46.452623812239104,-22.9477852134168,0],[-46.452674776819435,-22.947554337662503,0],[-46.452776802207609,-22.947501303742115,0],[-46.452754733743916,-22.947646902182711,0],[-46.452748237940789,-22.947752532053642,0],[-46.452742529044421,-22.947832640963579,0],[-46.452746863776717,-22.947882746691349,0],[-46.452754906413759,-22.947919201609803,0],[-46.452765463555231,-22.947967061730488,0],[-46.452770810924171,-22.948015044158922,0],[-46.45276312261997,-22.948105646358442,0],[-46.452750066262524,-22.948170947930858,0],[-46.452711831585702,-22.948315560714505,0],[-46.452685376229113,-22.948486966999891,0],[-46.452509262892136,-22.948829335305582,0],[-46.452388250117629,-22.949061033040209,0],[-46.452322229986862,-22.949198394590212,0],[-46.452174108048609,-22.949376072747498,0],[-46.452085609363337,-22.94947247107762,0],[-46.451951078879119,-22.949591389331104,0],[-46.451753445664963,-22.949725309175626,0],[-46.451699811896788,-22.949735556051056,0],[-46.451639700311894,-22.949702930445827,0],[-46.450374150946274,-22.949053262897724,0],[-46.45043156816228,-22.948877532671926,0],[-46.450621683943503,-22.948982400817105,0]]]},"properties":{"FID":20}},{"type":"Feature","id":21,"geometry":{"type":"Polygon","coordinates":[[[-46.449978077825961,-22.94887688066348,0],[-46.449877178389045,-22.948833205987626,0],[-46.449084442193232,-22.948409663075417,0],[-46.448948800146979,-22.948316915992841,0],[-46.448870653557776,-22.948237391642227,0],[-46.448774863169383,-22.948111753654455,0],[-46.448743904007927,-22.948025336000406,0],[-46.448659302984424,-22.947790653415886,0],[-46.448542224743846,-22.947496136237653,0],[-46.448310386714923,-22.946970023847484,0],[-46.448524979344256,-22.946938141981601,0],[-46.448807318802679,-22.94687665083671,0],[-46.449057030857261,-22.946820975607466,0],[-46.449316747869609,-22.946781024124888,0],[-46.44959798565845,-22.946757629161194,0],[-46.450308359243365,-22.946716708209454,0],[-46.450273143590664,-22.946758462832747,0],[-46.450172547225236,-22.946790543448795,0],[-46.449705880022293,-22.946813911432791,0],[-46.449422273419152,-22.946802159991663,0],[-46.449223265141541,-22.946857129253083,0],[-46.449351373566977,-22.947036034085656,0],[-46.449394664232329,-22.947186470878872,0],[-46.449444849999793,-22.947360871906639,0],[-46.44953606913424,-22.947458031063253,0],[-46.449635705923072,-22.94771187999919,0],[-46.449850008071401,-22.947673096735958,0],[-46.449926837153789,-22.947769765762025,0],[-46.449889175345106,-22.948020172093209,0],[-46.449859867338958,-22.948140862011133,0],[-46.44981594085295,-22.948321739956285,0],[-46.449792374118715,-22.948629220861811,0],[-46.450049745699175,-22.948747891801691,0],[-46.450016558017701,-22.948889546715179,0],[-46.449978077825961,-22.94887688066348,0]]]},"properties":{"FID":21}},{"type":"Feature","id":22,"geometry":{"type":"Polygon","coordinates":[[[-46.45310100061068,-22.944231735706012,0],[-46.453016950871522,-22.944526472318802,0],[-46.452864320631889,-22.944782825866689,0],[-46.45244056458035,-22.944814903784724,0],[-46.452072419906187,-22.944386445178292,0],[-46.451589552315966,-22.943967558955652,0],[-46.451638007787786,-22.943621036681471,0],[-46.451899387646563,-22.943475812358823,0],[-46.452009922419961,-22.942902846189394,0],[-46.452176591976077,-22.94272183514456,0],[-46.45231147859181,-22.94249810989983,0],[-46.452930074563255,-22.94264483788891,0],[-46.45312618792321,-22.94291946206345,0],[-46.453202764296073,-22.94283988465293,0],[-46.453216594070511,-22.944290138578999,0],[-46.45310100061068,-22.944231735706012,0]]]},"properties":{"FID":22}},{"type":"Feature","id":23,"geometry":{"type":"Polygon","coordinates":[[[-46.447271193111021,-22.942198971105608,0],[-46.447476853673848,-22.942309202807394,0],[-46.447634610948498,-22.942256948599265,0],[-46.448646382424556,-22.942570429781476,0],[-46.448580870410808,-22.942683375637213,0],[-46.448511502104111,-22.942712787964741,0],[-46.448399427691406,-22.942684739009472,0],[-46.44830885786746,-22.942614953417333,0],[-46.448227059131447,-22.94257413139098,0],[-46.448211516148497,-22.942614439005133,0],[-46.448173733830686,-22.942712424638636,0],[-46.448104584958571,-22.94276755038209,0],[-46.448065301672273,-22.942893915921445,0],[-46.447962123353236,-22.943077428880212,0],[-46.447853464565696,-22.943177450578833,0],[-46.447857383811197,-22.943334011755216,0],[-46.447861557564806,-22.943523244402183,0],[-46.447847545228001,-22.943636085936589,0],[-46.448041052352664,-22.94393595767826,0],[-46.448100478654119,-22.943872165168226,0],[-46.44813678878171,-22.943697342358412,0],[-46.448155636773166,-22.943606592670044,0],[-46.448230624943335,-22.943483575306693,0],[-46.448283208303394,-22.943332617806057,0],[-46.448412415700375,-22.943178360692752,0],[-46.448544598954015,-22.943191158045469,0],[-46.448587867136325,-22.943146494115354,0],[-46.448670731568946,-22.942978232759181,0],[-46.44874151091193,-22.942879998912751,0],[-46.448838033348537,-22.94274603769939,0],[-46.448837411917012,-22.942701929550353,0],[-46.448836407374266,-22.942630510789417,0],[-46.448978011026334,-22.942675118961539,0],[-46.448640473878697,-22.943232144647709,0],[-46.448786732421702,-22.94332406974997,0],[-46.449048513378159,-22.943285896227106,0],[-46.449289029864815,-22.943339575860708,0],[-46.449403131349413,-22.943420970801146,0],[-46.449441880438371,-22.94317148807372,0],[-46.450010420144736,-22.943223757570294,0],[-46.450090352787527,-22.943343756808869,0],[-46.450116880989242,-22.943470793242451,0],[-46.450211905155243,-22.943532986757869,0],[-46.450284720563388,-22.943704429915442,0],[-46.45030605158297,-22.943818722056328,0],[-46.450244832932647,-22.943886283625048,0],[-46.450108969653172,-22.943833738036513,0],[-46.450072479661173,-22.943777235431018,0],[-46.449987962274569,-22.943763020746754,0],[-46.449980551860961,-22.943824892304935,0],[-46.449870232025546,-22.943850934872746,0],[-46.449767356778061,-22.943775896340519,0],[-46.449756072084995,-22.943611559625726,0],[-46.449693701403127,-22.943579612109378,0],[-46.449527674862281,-22.943689637866438,0],[-46.449505143247734,-22.943845615382823,0],[-46.449511431307485,-22.943959793309769,0],[-46.449615193286498,-22.944084344017195,0],[-46.449854217797849,-22.944274263746262,0],[-46.449991983143491,-22.944381657187698,0],[-46.450054046257208,-22.944286314661657,0],[-46.45013810229154,-22.94431896185057,0],[-46.45017582795208,-22.944282694890433,0],[-46.450108444449086,-22.944222146234978,0],[-46.45008588585489,-22.944146365762151,0],[-46.450132868237233,-22.943962925648488,0],[-46.450213895354935,-22.943956985626375,0],[-46.450265550614631,-22.944019832948879,0],[-46.45029545217335,-22.944165581576289,0],[-46.450256847875224,-22.944352363570665,0],[-46.450214380988825,-22.944650378212327,0],[-46.450227555157483,-22.944929143764931,0],[-46.450246091983495,-22.945233686585322,0],[-46.450234693076595,-22.945501120680156,0],[-46.450009475856575,-22.945539976788435,0],[-46.449940074274991,-22.945497018872295,0],[-46.44986346102985,-22.945489525720959,0],[-46.449756311304668,-22.945596897578696,0],[-46.449686780220702,-22.945603745016761,0],[-46.449693399230974,-22.94545626609376,0],[-46.449619414704166,-22.945341571955971,0],[-46.449596293134391,-22.945404096421839,0],[-46.449538503598994,-22.945409189282596,0],[-46.449492818938381,-22.945446337578336,0],[-46.449469033668947,-22.945409069672802,0],[-46.449400728360899,-22.945402607144587,0],[-46.449430942883673,-22.945338498073159,0],[-46.449419946873036,-22.945231456266637,0],[-46.449446488564547,-22.945207274396143,0],[-46.449602670227023,-22.945234075991767,0],[-46.449711501684419,-22.945435709390445,0],[-46.449787510585111,-22.945471736231585,0],[-46.449922326154358,-22.945464113577941,0],[-46.450096023013025,-22.945241150958285,0],[-46.450136404371499,-22.945028769761848,0],[-46.450093484226876,-22.944928861377846,0],[-46.449992103652626,-22.944883599398555,0],[-46.449953922035832,-22.944799448036065,0],[-46.449900288267663,-22.944710275758531,0],[-46.44980634418738,-22.94485536878021,0],[-46.449712928009198,-22.944851215710951,0],[-46.449623053361186,-22.944920936551902,0],[-46.44961464829732,-22.945066106915238,0],[-46.44956635470345,-22.945099877357389,0],[-46.449495103216407,-22.945104292129315,0],[-46.449457849699975,-22.945060856673113,0],[-46.449480068350439,-22.94486087802705,0],[-46.449321546652023,-22.944844596700719,0],[-46.449216641634678,-22.944927390986265,0],[-46.449103880139887,-22.94488932178475,0],[-46.449063806349557,-22.944957371685309,0],[-46.44899761534765,-22.944956868064988,0],[-46.448966951163811,-22.944862216218255,0],[-46.448877032449047,-22.944862842146378,0],[-46.44888171971553,-22.945062371131471,0],[-46.44875604485555,-22.945133210729065,0],[-46.448666459789258,-22.945088861561654,0],[-46.448603517138579,-22.945057701851393,0],[-46.448590923032611,-22.945051466851677,0],[-46.448542639331315,-22.945070473123799,0],[-46.448582300332873,-22.945136655132522,0],[-46.448718858788261,-22.945212920339934,0],[-46.448771407974057,-22.945317757908139,0],[-46.449099674010704,-22.945548946626559,0],[-46.449226854335798,-22.94572736042932,0],[-46.449383620557626,-22.946012138849081,0],[-46.44950467739892,-22.946282302386305,0],[-46.449359741758656,-22.9463094754019,0],[-46.449284276947765,-22.94630026724349,0],[-46.449310863605433,-22.946510846198528,0],[-46.449544514667586,-22.946623438620758,0],[-46.449998255914743,-22.94662439909672,0],[-46.450166294239068,-22.94665067099163,0],[-46.450229654175146,-22.94668748384025,0],[-46.450196006040812,-22.9466884020481,0],[-46.450039974565136,-22.946697290947156,0],[-46.449915131578003,-22.946706243698152,0],[-46.449732596182344,-22.946719372900709,0],[-46.449371816056455,-22.946747626901438,0],[-46.449269666561804,-22.946756381801553,0],[-46.449090302175641,-22.94678488491444,0],[-46.448937858994967,-22.946818104072179,0],[-46.448668672121471,-22.946883974016146,0],[-46.448556916068753,-22.946903459626924,0],[-46.448493119961483,-22.946913699307746,0],[-46.448321980774779,-22.946936031272806,0],[-46.448294010060472,-22.946940670875222,0],[-46.448154749142304,-22.946653260139783,0],[-46.448235087379317,-22.946688653858232,0],[-46.448394515594373,-22.946736501388386,0],[-46.448426029637517,-22.946845840962727,0],[-46.448524027861538,-22.946870584010192,0],[-46.448740206894975,-22.946788201614126,0],[-46.448765460757386,-22.946715219831535,0],[-46.448878084655867,-22.946625439612333,0],[-46.449032510841683,-22.946535129692478,0],[-46.449177038189703,-22.94634436190276,0],[-46.449061933961055,-22.946271622936969,0],[-46.448918090997033,-22.946312739940954,0],[-46.448798444292713,-22.946215191377924,0],[-46.448727924853813,-22.946126174683155,0],[-46.448563530582419,-22.946191182177245,0],[-46.448479873847077,-22.94628253531075,0],[-46.448472164858451,-22.94640455892322,0],[-46.448133134836269,-22.946561132690061,0],[-46.448121040753392,-22.946573796043815,0],[-46.447914065381781,-22.946156523204934,0],[-46.447782011630466,-22.945819639864446,0],[-46.447768814978751,-22.945711350698236,0],[-46.447733973444087,-22.945337418886719,0],[-46.447748307738166,-22.944912240107733,0],[-46.447777849568084,-22.944535773107408,0],[-46.447812125429209,-22.943825923827262,0],[-46.447815503282811,-22.943178048627992,0],[-46.447820446856099,-22.942909829425052,0],[-46.44777919585318,-22.942788200614913,0],[-46.44774836079818,-22.94269650843707,0],[-46.447692700857438,-22.942586584303402,0],[-46.447600594991414,-22.942475070168296,0],[-46.447494615284199,-22.942378556724975,0],[-46.447409548411883,-22.942321794215406,0],[-46.44725880944646,-22.942258052966743,0],[-46.447271193111021,-22.942198971105608,0]],[[-46.448256534411485,-22.944150693299804,0],[-46.448349780617832,-22.944401317266919,0],[-46.448492153190273,-22.94467716541881,0],[-46.448580558346066,-22.944742557822732,0],[-46.448561002588171,-22.944802779124934,0],[-46.448597637371059,-22.944837566700297,0],[-46.448637966568874,-22.944847706556342,0],[-46.448749524770733,-22.944829247971377,0],[-46.448748110137103,-22.944708054433125,0],[-46.448793550182138,-22.944673567231312,0],[-46.448672195665274,-22.94448878802713,0],[-46.448635618438971,-22.9442332249833,0],[-46.448615932279381,-22.944096230356706,0],[-46.448639152774668,-22.943987030177251,0],[-46.448573318803597,-22.943776083399484,0],[-46.448544345345226,-22.943660542999634,0],[-46.448410787927457,-22.943539321582364,0],[-46.448297721562547,-22.943967379990564,0],[-46.448256534411485,-22.944150693299804,0]],[[-46.448543071005872,-22.944858001095856,0],[-46.448420570752724,-22.944860345628392,0],[-46.448435825952579,-22.944936193550461,0],[-46.448472805175747,-22.94499745536827,0],[-46.448479211046724,-22.945002748777775,0],[-46.448557538399648,-22.945021594970573,0],[-46.448586021727465,-22.944884556277181,0],[-46.448583928105734,-22.944870665348901,0],[-46.448545672744558,-22.944849989035735,0],[-46.448543071005872,-22.944858001095856,0]]]},"properties":{"FID":23}},{"type":"Feature","id":24,"geometry":{"type":"Polygon","coordinates":[[[-46.442945169883615,-22.938003311803374,0],[-46.44315309943596,-22.937891935264535,0],[-46.443186335680814,-22.937823471675813,0],[-46.443183527098029,-22.93774137616354,0],[-46.443177255226097,-22.937540536866262,0],[-46.443348426788418,-22.937553365695219,0],[-46.443421661280595,-22.937558972068864,0],[-46.443588469332326,-22.937684091147851,0],[-46.443801283102687,-22.937845755077475,0],[-46.444098222155162,-22.938115961782152,0],[-46.444238741224858,-22.938246551437167,0],[-46.444299145089403,-22.938302196089428,0],[-46.444393171008031,-22.938411055425835,0],[-46.444463739010303,-22.938499608070401,0],[-46.44454936076437,-22.938602242299638,0],[-46.444672645226376,-22.938749901087014,0],[-46.444632137962742,-22.938777203605007,0],[-46.444499341371454,-22.938824028605993,0],[-46.444426468406725,-22.938994150659486,0],[-46.444318327628643,-22.939000950433488,0],[-46.444257638679062,-22.939102456013462,0],[-46.444264663283541,-22.939175106845649,0],[-46.444294386776519,-22.939482526597253,0],[-46.444451796912865,-22.939536646898716,0],[-46.44453401922955,-22.939416804142105,0],[-46.444638443109611,-22.939282163940685,0],[-46.444845511111396,-22.939309818992903,0],[-46.444903329425081,-22.93930044086262,0],[-46.44499584088534,-22.939285435674268,0],[-46.445198059742609,-22.939573180058161,0],[-46.445431235962708,-22.939904972336521,0],[-46.445533366571567,-22.940050297383266,0],[-46.445596475596801,-22.940139939106857,0],[-46.444770093964621,-22.940143013888935,0],[-46.444768964416141,-22.940173561160883,0],[-46.444792995200544,-22.940173642999184,0],[-46.444790933954387,-22.940168267751279,0],[-46.444900578398922,-22.940169989953002,0],[-46.444902371647117,-22.940174018915787,0],[-46.445609123662123,-22.940176445286674,0],[-46.445620453321226,-22.940196571214752,0],[-46.44546402074792,-22.940311673644771,0],[-46.445780888776945,-22.940863762052928,0],[-46.44565246738739,-22.941247198799147,0],[-46.445456429570527,-22.941506573169754,0],[-46.445303852390872,-22.941574439608637,0],[-46.445058224157656,-22.941456289376216,0],[-46.445011023240106,-22.941690509709211,0],[-46.445126685048429,-22.941902220910716,0],[-46.445167947742561,-22.942085171793238,0],[-46.445006362053903,-22.942339964117988,0],[-46.444999171974189,-22.942359428145053,0],[-46.444800375936545,-22.942881478297544,0],[-46.444866485999512,-22.942996446728603,0],[-46.445093608882928,-22.942955124679205,0],[-46.445235214333657,-22.942829737602249,0],[-46.445530627236636,-22.942645159846212,0],[-46.445788291996053,-22.942461601022021,0],[-46.445827300989102,-22.94231739023531,0],[-46.446021813555831,-22.942096889060103,0],[-46.445999361980931,-22.941947342595764,0],[-46.446061833386857,-22.942007312087728,0],[-46.446230943703029,-22.942169574066572,0],[-46.446371368343925,-22.942282551398581,0],[-46.4464281749203,-22.94231148528678,0],[-46.44646755623269,-22.942323659409293,0],[-46.446687794805833,-22.942333569938295,0],[-46.4469001733043,-22.94233215980131,0],[-46.446975122803629,-22.942337285936958,0],[-46.447118880332027,-22.942366075933599,0],[-46.447192045576408,-22.942398786075053,0],[-46.447194905420538,-22.942398771685927,0],[-46.447214560103824,-22.942408851287411,0],[-46.44722356591479,-22.942412877552194,0],[-46.447226951862326,-22.942414370426814,0],[-46.447225470678852,-22.94241444686919,0],[-46.447417337440136,-22.942512838096949,0],[-46.447420280921165,-22.942511981043037,0],[-46.447431494567752,-22.942520099223167,0],[-46.447433566605753,-22.942521162221791,0],[-46.447433193387099,-22.942521327697051,0],[-46.447450009810048,-22.942533502718899,0],[-46.447541515828291,-22.942636063203736,0],[-46.447558970769819,-22.942669886705847,0],[-46.447570382267259,-22.942775010258462,0],[-46.447584067250887,-22.942903089006325,0],[-46.447591531623843,-22.943010578675231,0],[-46.447602253341302,-22.943101097237783,0],[-46.447617021108606,-22.943223889770625,0],[-46.447664062846172,-22.943618504190585,0],[-46.447641178697381,-22.94362605489847,0],[-46.447517235032308,-22.943505275947697,0],[-46.447421057935451,-22.943558283787713,0],[-46.44737662962774,-22.943655504997537,0],[-46.447396221358474,-22.943829773824977,0],[-46.447439307877694,-22.944023182024196,0],[-46.447553905788084,-22.944034624098592,0],[-46.447588891214309,-22.943955189680196,0],[-46.447623328054078,-22.943831455557206,0],[-46.447661102278012,-22.943781793195168,0],[-46.447656260328138,-22.944058779888742,0],[-46.44762981756196,-22.944327199640497,0],[-46.447625136590716,-22.944414394308808,0],[-46.447614004782452,-22.944911267940597,0],[-46.447441210843181,-22.944812167147735,0],[-46.447328956566032,-22.944669608415662,0],[-46.447198368709671,-22.944588895161349,0],[-46.447055488919659,-22.944330628755488,0],[-46.447134362161023,-22.943972566380815,0],[-46.447064235725854,-22.943963708058615,0],[-46.446764015047229,-22.944166479099692,0],[-46.446628515093835,-22.944026673192347,0],[-46.446538051389894,-22.94376839239737,0],[-46.446282287797338,-22.943637588703709,0],[-46.445959969876654,-22.943709119879937,0],[-46.445678477579634,-22.943881647619893,0],[-46.44567577871419,-22.943884960722311,0],[-46.445572871990414,-22.94401128039625,0],[-46.445487863573987,-22.94388588702402,0],[-46.44524793524397,-22.943842143999682,0],[-46.445105191251514,-22.943836548417952,0],[-46.444949137292838,-22.943476397817435,0],[-46.444808003086841,-22.943723843580475,0],[-46.444709398719738,-22.943836819113876,0],[-46.444494925700205,-22.944098377937731,0],[-46.444526121383376,-22.94424964660384,0],[-46.444426221093181,-22.944258063358912,0],[-46.444244105680873,-22.944036806753161,0],[-46.444217868859539,-22.943864531722728,0],[-46.444006531775983,-22.943675342243168,0],[-46.4437432102809,-22.943324710966575,0],[-46.443133424068208,-22.942400123366948,0],[-46.443253075269183,-22.942307465317242,0],[-46.443119419825337,-22.942210676681331,0],[-46.442961522256375,-22.942212112898634,0],[-46.442800067868802,-22.942108028062989,0],[-46.442608560836405,-22.942064440621369,0],[-46.442506182913974,-22.942161008024073,0],[-46.442438207657119,-22.942277615919185,0],[-46.442471238856577,-22.942441787158717,0],[-46.442389719809682,-22.942425790917493,0],[-46.442406438206497,-22.942396155558068,0],[-46.442413166034726,-22.942367129939043,0],[-46.44240960921605,-22.942334150900333,0],[-46.442397141015192,-22.942313745283073,0],[-46.442369146918558,-22.942295128417406,0],[-46.442334234337409,-22.942284225036929,0],[-46.442310048869615,-22.942280580984015,0],[-46.442155568724502,-22.942278732877178,0],[-46.442099340412192,-22.942271464556448,0],[-46.442058295354002,-22.942255676957881,0],[-46.442038626281544,-22.942243415601141,0],[-46.442013856254455,-22.942218900981459,0],[-46.441968064574496,-22.942169252109235,0],[-46.441888702101892,-22.942060266867767,0],[-46.441794634814535,-22.941929607965001,0],[-46.441750012253237,-22.941848367707973,0],[-46.441673396310136,-22.941713240073916,0],[-46.441658639334726,-22.941650778560529,0],[-46.441660143900492,-22.941589468179355,0],[-46.441671735262332,-22.941531236177589,0],[-46.441690122800878,-22.941479527857894,0],[-46.441748096697268,-22.941388151342032,0],[-46.441734811911992,-22.941309684594209,0],[-46.441707020162823,-22.941247986605273,0],[-46.441749462767461,-22.941199548220538,0],[-46.441856028832603,-22.941124226401882,0],[-46.441870596950444,-22.941076183718849,0],[-46.441761883304267,-22.940946998804922,0],[-46.441710964589277,-22.940860421071537,0],[-46.441689032822588,-22.94079038276988,0],[-46.441630728874998,-22.940722383231325,0],[-46.441652029317652,-22.940614204681772,0],[-46.44120913299502,-22.939563860383828,0],[-46.442621948144335,-22.938927108898895,0],[-46.442996465414524,-22.939315768008203,0],[-46.443028870685794,-22.939490035936412,0],[-46.442909393953315,-22.939772541769347,0],[-46.44295777298283,-22.940051221886335,0],[-46.443058249738385,-22.94014247159777,0],[-46.443250543677607,-22.940131945033215,0],[-46.44335669515533,-22.939922738443546,0],[-46.443532293180745,-22.939707785186087,0],[-46.443469584353807,-22.939555963436916,0],[-46.44330586996989,-22.939449166245993,0],[-46.443419770006379,-22.93925022092094,0],[-46.443405668636672,-22.939149731574762,0],[-46.443392482776801,-22.939055765910837,0],[-46.443360859016373,-22.938830400302663,0],[-46.443327301713566,-22.938591263376058,0],[-46.443232772174674,-22.938425931111784,0],[-46.443118679683266,-22.938584613788855,0],[-46.443106227670235,-22.938651785051782,0],[-46.443072375389761,-22.938659751246437,0],[-46.442683650629938,-22.938144089877813,0],[-46.442945169883615,-22.938003311803374,0]],[[-46.444627565809469,-22.939841006257364,0],[-46.444579708386811,-22.939934354087125,0],[-46.444726117116538,-22.940059322079993,0],[-46.444882866251248,-22.939966161309261,0],[-46.445240719083877,-22.93994238683166,0],[-46.445227092556244,-22.939809888815255,0],[-46.445046396274115,-22.939574038011425,0],[-46.444849388988082,-22.939501783780251,0],[-46.444653570605738,-22.939581843227391,0],[-46.444627565809469,-22.939841006257364,0]],[[-46.445175938218945,-22.940880868956878,0],[-46.444963370862823,-22.940459192137943,0],[-46.444650202644716,-22.940597231776803,0],[-46.444543899181554,-22.940753866697534,0],[-46.444646528014808,-22.940947649014728,0],[-46.444824425606726,-22.941113707931205,0],[-46.444879104387098,-22.941265750913594,0],[-46.444810367404507,-22.941346176384918,0],[-46.444968462824249,-22.941502985774157,0],[-46.445215880708297,-22.941199764957172,0],[-46.445175938218945,-22.940880868956878,0]],[[-46.444775619399252,-22.942259106072868,0],[-46.444678124795587,-22.942149973342577,0],[-46.444654878220035,-22.94178217310877,0],[-46.444318716135804,-22.941769900060812,0],[-46.444316043350675,-22.94204386323365,0],[-46.444219967877189,-22.942169610938773,0],[-46.443958834432635,-22.942253909790058,0],[-46.443787840036748,-22.942407309849475,0],[-46.444181912165448,-22.942451918920874,0],[-46.444310874047567,-22.942576668378475,0],[-46.444563120391649,-22.942606982726033,0],[-46.444675993402313,-22.942493964924495,0],[-46.444775619399252,-22.942259106072868,0]],[[-46.446095828659509,-22.94278881844917,0],[-46.44624992659277,-22.942852946406333,0],[-46.447346973583947,-22.942564497853258,0],[-46.447290334281433,-22.942519896875705,0],[-46.447227070572808,-22.942475405615401,0],[-46.447055899010486,-22.942418545979066,0],[-46.446757674826813,-22.94241763856315,0],[-46.446609518714283,-22.942431250701585,0],[-46.446485960858368,-22.942442601944492,0],[-46.446415877590653,-22.942449041090374,0],[-46.446171978753789,-22.942549039406583,0],[-46.446032289758307,-22.942531446868713,0],[-46.445901627258252,-22.942620226142456,0],[-46.446095828659509,-22.94278881844917,0]]]},"properties":{"FID":24}},{"type":"Feature","id":25,"geometry":{"type":"Polygon","coordinates":[[[-46.438036773578183,-22.939600705608012,0],[-46.437915283263692,-22.939476425596531,0],[-46.439506381814063,-22.939952524889069,0],[-46.439519637820979,-22.939956490899309,0],[-46.440029628064849,-22.940109089662702,0],[-46.440036535757493,-22.940111157204086,0],[-46.440766012741285,-22.940329426261943,0],[-46.440784981241841,-22.940690980704201,0],[-46.440803993809197,-22.940838926375299,0],[-46.440757508751972,-22.940935759977322,0],[-46.44064485427657,-22.94099721874657,0],[-46.440520442064717,-22.94097370597169,0],[-46.44044466788705,-22.940845066046901,0],[-46.440285369174433,-22.940761403915584,0],[-46.440175186035965,-22.940782164765039,0],[-46.440016307306678,-22.940856199653883,0],[-46.439781254201485,-22.940936049559017,0],[-46.439688056558509,-22.94102982007005,0],[-46.439805581762137,-22.941143803743508,0],[-46.439763783072067,-22.941265768900063,0],[-46.439807875932665,-22.94138477528708,0],[-46.439738999555111,-22.941512901699028,0],[-46.439755094721818,-22.941643612762441,0],[-46.439871890575262,-22.941703618227336,0],[-46.439943401966389,-22.941821408730963,0],[-46.440098190578965,-22.941786302795613,0],[-46.440232577171678,-22.941872519900812,0],[-46.440466881141617,-22.941820089425555,0],[-46.440620205657922,-22.941743989693364,0],[-46.440483101314051,-22.941670017757065,0],[-46.440495520052139,-22.941613982799016,0],[-46.440602450342801,-22.941526583984633,0],[-46.440703632166844,-22.941423632294743,0],[-46.44082049097284,-22.94127356062625,0],[-46.440962268194092,-22.941361954090834,0],[-46.441043387941953,-22.941285292282359,0],[-46.441131242712636,-22.941385769937305,0],[-46.441155485737063,-22.941257537405377,0],[-46.441199430209508,-22.941154577621603,0],[-46.441309670005239,-22.941186588989858,0],[-46.441337245917104,-22.941268733964858,0],[-46.441297789960963,-22.941432842251789,0],[-46.441438333312362,-22.941616788683799,0],[-46.441556515021091,-22.941681460730756,0],[-46.441581493690933,-22.941661052415611,0],[-46.441612309860162,-22.941652886571433,0],[-46.44161333778527,-22.941683340313858,0],[-46.441712640925573,-22.94189530332557,0],[-46.441787992421879,-22.942007224853519,0],[-46.441872996341651,-22.942142378567929,0],[-46.441931106934994,-22.942224602683218,0],[-46.441976107211531,-22.942267078562786,0],[-46.44203730787541,-22.942309703729801,0],[-46.442178022997325,-22.942338948783391,0],[-46.44228456927744,-22.942332645435219,0],[-46.442323741947071,-22.942358962296236,0],[-46.44233459406621,-22.942379146680253,0],[-46.442292521082948,-22.942403971565966,0],[-46.4420515306536,-22.942435564749481,0],[-46.441706429308226,-22.942511275974532,0],[-46.441456916003808,-22.942605257826372,0],[-46.441391660296858,-22.942579512934099,0],[-46.441101190067805,-22.942425334061859,0],[-46.440962108114782,-22.94235357175987,0],[-46.440713325059846,-22.942217581676015,0],[-46.440616602074492,-22.942188074919656,0],[-46.440496932887129,-22.942170340288961,0],[-46.440272902772229,-22.942183693422677,0],[-46.440128244123116,-22.942149852833388,0],[-46.440074780326832,-22.942111739565053,0],[-46.439932345701145,-22.941968361550622,0],[-46.439761538364273,-22.941831322857222,0],[-46.439573062946465,-22.94173021118025,0],[-46.439329897956384,-22.941609336001985,0],[-46.439052094678402,-22.941502456073454,0],[-46.438875562257351,-22.941358933268148,0],[-46.438558521558491,-22.941117585807891,0],[-46.438447636948865,-22.941011749092933,0],[-46.438322846122389,-22.940857391255577,0],[-46.438216351103677,-22.940757938827748,0],[-46.43809806327495,-22.940674861255793,0],[-46.437980590232037,-22.940536276627821,0],[-46.437885246806673,-22.940437871910198,0],[-46.437977019923494,-22.940263934932602,0],[-46.438084488008656,-22.940110658080343,0],[-46.438033500045947,-22.939864617058387,0],[-46.438036773578183,-22.939600705608012,0]],[[-46.439589062784997,-22.94029359277506,0],[-46.440010742301865,-22.940180582168068,0],[-46.439504242326905,-22.940028439360979,0],[-46.43924669268069,-22.940068540130987,0],[-46.439075986967168,-22.940122651439104,0],[-46.439045838094898,-22.940285683237637,0],[-46.439132558820511,-22.940416495924524,0],[-46.439127533408914,-22.940495204589975,0],[-46.438964617622958,-22.940600452249033,0],[-46.438824736172592,-22.940710239685764,0],[-46.438698600859709,-22.941125434191399,0],[-46.438970743804759,-22.941302541279185,0],[-46.439113051626016,-22.941245347994379,0],[-46.439263578351415,-22.941290127037675,0],[-46.439198632011198,-22.941478819192128,0],[-46.43933689827918,-22.941501258176455,0],[-46.439532353335387,-22.941214942815293,0],[-46.439456280582824,-22.941144078936073,0],[-46.439365201742653,-22.941069124940103,0],[-46.43939940565798,-22.940988569067166,0],[-46.439640366409726,-22.940967593279762,0],[-46.439708919930695,-22.940769984347238,0],[-46.439836671325288,-22.94052091800592,0],[-46.439789074705971,-22.940424294845311,0],[-46.439683093200131,-22.940417444709265,0],[-46.439548400837971,-22.940450432741223,0],[-46.439439545098871,-22.940515498691251,0],[-46.439406667683507,-22.940442803792298,0],[-46.439435237346295,-22.940388991059027,0],[-46.439589062784997,-22.94029359277506,0]]]},"properties":{"FID":25}},{"type":"Feature","id":26,"geometry":{"type":"Polygon","coordinates":[[[-46.4410316868628,-22.942663827973249,0],[-46.440358020006563,-22.94256449695396,0],[-46.440049754892243,-22.942813637938979,0],[-46.439525525682434,-22.942869037076381,0],[-46.439386607405986,-22.943033977236215,0],[-46.439215740713848,-22.943347289345859,0],[-46.438987962224644,-22.943820956871601,0],[-46.43875364836213,-22.943699494436096,0],[-46.438563138677864,-22.943505221988332,0],[-46.438356414217075,-22.943130612088048,0],[-46.438230449775403,-22.942791605448186,0],[-46.438151456924182,-22.942442170269882,0],[-46.438062430336856,-22.942136855831151,0],[-46.438004531983495,-22.941952136881568,0],[-46.438135836599542,-22.941919949246195,0],[-46.438149990129901,-22.941986267951854,0],[-46.438387286144305,-22.941899986095454,0],[-46.438836333829727,-22.943065963423415,0],[-46.439600074983439,-22.942157737189799,0],[-46.439370663325406,-22.941704575106037,0],[-46.439355770552318,-22.941679239405349,0],[-46.439468772166045,-22.941730831712441,0],[-46.43962859068688,-22.941816563183799,0],[-46.439771644945445,-22.941905837084697,0],[-46.439830094583151,-22.941951617073411,0],[-46.439906141255399,-22.942020326177012,0],[-46.439964940729396,-22.94208072914229,0],[-46.440027559624127,-22.94214402522655,0],[-46.440063062160561,-22.942175861226985,0],[-46.440121877822364,-22.942198728288645,0],[-46.440224289019682,-22.942226725982533,0],[-46.440295323770151,-22.942234373817236,0],[-46.440471601683043,-22.942227086610725,0],[-46.440523997084767,-22.942226505648641,0],[-46.440599530244079,-22.942231183022614,0],[-46.440636268448998,-22.942239660931541,0],[-46.440702882132257,-22.942272862102868,0],[-46.440784480319451,-22.942317456785126,0],[-46.440905320424179,-22.942383387883019,0],[-46.440978336381079,-22.942421374346928,0],[-46.441056518943128,-22.942462390626773,0],[-46.441150298447496,-22.942506648962638,0],[-46.441241015760227,-22.942560282730824,0],[-46.441365527796854,-22.942640331386141,0],[-46.441200585838317,-22.942750230338788,0],[-46.4410316868628,-22.942663827973249,0]]]},"properties":{"FID":26}},{"type":"Feature","id":27,"geometry":{"type":"Polygon","coordinates":[[[-46.445334775579397,-22.962893803106518,0],[-46.444829787364775,-22.962926033909291,0],[-46.44463242214853,-22.962493211792271,0],[-46.445343464829037,-22.962059541614501,0],[-46.445611502368862,-22.961894032183803,0],[-46.445622691733774,-22.9612038582714,0],[-46.445695970292775,-22.960993400724835,0],[-46.445818460653406,-22.960634972326101,0],[-46.445842913219849,-22.960377697872389,0],[-46.445614380199459,-22.960095630908608,0],[-46.445393053446601,-22.959879218950714,0],[-46.445284544845848,-22.959624215285238,0],[-46.445525873420245,-22.959552424204951,0],[-46.446018572399169,-22.959808353272795,0],[-46.446053312310482,-22.959734330974523,0],[-46.44606337392554,-22.959465773626498,0],[-46.445860826815661,-22.959305858878199,0],[-46.445467978664212,-22.959120716347918,0],[-46.445464233887279,-22.959083485314522,0],[-46.445937486825528,-22.959259695778314,0],[-46.446358645634973,-22.95941766799093,0],[-46.446590875768266,-22.959504082947046,0],[-46.446767500819476,-22.959553721027362,0],[-46.446914073225862,-22.959592855925504,0],[-46.447206984214915,-22.959616971246213,0],[-46.447483738883427,-22.959555881198927,0],[-46.44786901294453,-22.959388118966444,0],[-46.44800521706707,-22.959715056704436,0],[-46.447894911620836,-22.959881863856872,0],[-46.447912979000762,-22.960100354148015,0],[-46.447764993759407,-22.960167401304506,0],[-46.447650001046682,-22.960213183991186,0],[-46.447484043753541,-22.960279310241926,0],[-46.447659094991195,-22.960396426254018,0],[-46.447588882221112,-22.960496701561507,0],[-46.447473122386668,-22.960558061405408,0],[-46.447382176646101,-22.960497029814004,0],[-46.447013798148248,-22.96249726143942,0],[-46.446696592873423,-22.962872168116004,0],[-46.445485315794649,-22.962886672381934,0],[-46.445334775579397,-22.962893803106518,0]]]},"properties":{"FID":27}},{"type":"Feature","id":28,"geometry":{"type":"Polygon","coordinates":[[[-46.447869715315058,-22.95651218239124,0],[-46.447970100339823,-22.95675407394133,0],[-46.44823410711831,-22.957238941623814,0],[-46.448386187872245,-22.9575706673524,0],[-46.448505221238925,-22.957959788713275,0],[-46.448394199033032,-22.958017178050277,0],[-46.44835704893859,-22.958224026617472,0],[-46.448205639978262,-22.958695462925213,0],[-46.447770452644249,-22.959172451647316,0],[-46.447868679296043,-22.959387005605773,0],[-46.447483767661708,-22.959554812804292,0],[-46.447206977020365,-22.959616907394302,0],[-46.446914060635343,-22.959592784879082,0],[-46.446767500819476,-22.959553721027362,0],[-46.446590706695702,-22.959503709728381,0],[-46.446298043020249,-22.959393319745864,0],[-46.445804076896593,-22.95920949382305,0],[-46.445464017150648,-22.959083234403689,0],[-46.445467822182202,-22.959120673180454,0],[-46.445442937041889,-22.959112151204749,0],[-46.445025272997896,-22.95907132018521,0],[-46.444716816327968,-22.959105907211772,0],[-46.444548385899225,-22.959192925612971,0],[-46.444388113220775,-22.95916768434115,0],[-46.443961061154027,-22.959198744226626,0],[-46.443835543675334,-22.95851791067297,0],[-46.444377492227432,-22.958264247896697,0],[-46.444811255934667,-22.958370434447943,0],[-46.44526026584856,-22.958552477914452,0],[-46.445869491783583,-22.95864247936688,0],[-46.446680168554906,-22.958664805036669,0],[-46.44725146558261,-22.958323148094781,0],[-46.447421185639158,-22.95791151490441,0],[-46.447672554244946,-22.95757155498324,0],[-46.447720492606614,-22.957310934152247,0],[-46.447791119964165,-22.956926972202005,0],[-46.44785095725581,-22.956650490927345,0],[-46.44782173108797,-22.956397658225285,0],[-46.447781033168098,-22.956187646742478,0],[-46.447869715315058,-22.95651218239124,0]]]},"properties":{"FID":28}},{"type":"Feature","id":29,"geometry":{"type":"Polygon","coordinates":[[[-46.441970427093516,-22.956755595594203,0],[-46.44192194464199,-22.95678571658749,0],[-46.441495389000977,-22.957039960325847,0],[-46.441317314242617,-22.957140715871272,0],[-46.441282937657377,-22.957162478565468,0],[-46.441144821576202,-22.957253809215882,0],[-46.441106957420111,-22.957278384989422,0],[-46.441050655363419,-22.957320171088931,0],[-46.441012353237454,-22.957355857986386,0],[-46.44098729183002,-22.95738498073225,0],[-46.440938925391038,-22.957456763718646,0],[-46.440900414622377,-22.95752191690292,0],[-46.440883437220805,-22.957559785555588,0],[-46.440870799048071,-22.957596414942532,0],[-46.440850164103722,-22.957677112908407,0],[-46.440831379064839,-22.957779786707778,0],[-46.44082763608651,-22.957827144107377,0],[-46.440828482348543,-22.957901318391059,0],[-46.440837641044254,-22.958002823971128,0],[-46.44086984396808,-22.958087606657671,0],[-46.44095032789528,-22.958228771440588,0],[-46.441025477943413,-22.95836272725802,0],[-46.44106343203174,-22.958503631237523,0],[-46.441074371385071,-22.958603408320617,0],[-46.441071686908799,-22.958684620698619,0],[-46.441060588375422,-22.95874210626317,0],[-46.441038975868018,-22.958793776811326,0],[-46.441008628245527,-22.958824955407295,0],[-46.440976330892902,-22.958841486745197,0],[-46.44091641715886,-22.958860294267158,0],[-46.440756262291664,-22.958899298763569,0],[-46.440545682437232,-22.95896193024884,0],[-46.440396127878955,-22.958984397112193,0],[-46.440143116211807,-22.95896964643196,0],[-46.439937737136816,-22.958879700737555,0],[-46.439582570579148,-22.958662920057691,0],[-46.439280753603832,-22.958452116272088,0],[-46.438128739149931,-22.957671379730368,0],[-46.437634943897478,-22.95733776362686,0],[-46.43737521969058,-22.957041660943851,0],[-46.437431566713379,-22.957044677270005,0],[-46.437457360168992,-22.957060120428206,0],[-46.437471814072929,-22.957081746425377,0],[-46.437490099988068,-22.957085656677695,0],[-46.437510454343972,-22.957080936136247,0],[-46.437514503991103,-22.957073426797141,0],[-46.437504318269653,-22.957059537667462,0],[-46.43751045884057,-22.957046048736149,0],[-46.437508114307995,-22.957035922369872,0],[-46.437518756885083,-22.95702850386234,0],[-46.437516042731147,-22.957020246287307,0],[-46.437525854334702,-22.957011798055976,0],[-46.437519447564398,-22.956995847680151,0],[-46.437522186000024,-22.9569779565674,0],[-46.43752550629705,-22.956965482970645,0],[-46.437522052001043,-22.956955826050493,0],[-46.437529851821182,-22.956943438788652,0],[-46.437528677306538,-22.956932620843755,0],[-46.437519014990528,-22.956924350678193,0],[-46.437522945927199,-22.956917824298085,0],[-46.437534030970703,-22.956915347565193,0],[-46.437540944059272,-22.956903158154223,0],[-46.437555334111323,-22.956889949811288,0],[-46.437566893097596,-22.956890191728913,0],[-46.437572108266131,-22.956882292084064,0],[-46.437579569041816,-22.956883016038301,0],[-46.437585591801572,-22.956889926428921,0],[-46.43760030021366,-22.956890552357024,0],[-46.437600593392638,-22.956876363753167,0],[-46.437609218790385,-22.956864444138713,0],[-46.437625701564862,-22.956858371916258,0],[-46.43763191677948,-22.956832693573915,0],[-46.437618221004065,-22.956825138369368,0],[-46.437610055159901,-22.956828918219976,0],[-46.437615887263348,-22.95679546074188,0],[-46.437617971891825,-22.956760233398043,0],[-46.437621748145091,-22.956745825359498,0],[-46.43761718318644,-22.956731080075265,0],[-46.437627966057732,-22.956706728232842,0],[-46.437623566574302,-22.956685333361389,0],[-46.437643083661328,-22.956643171345277,0],[-46.437675041969555,-22.956626255996866,0],[-46.437714027580284,-22.956616501949959,0],[-46.437736128419552,-22.956599574910399,0],[-46.437752475396401,-22.956583975270156,0],[-46.437754067196408,-22.956572972964313,0],[-46.437739299429111,-22.956566712783498,0],[-46.437743442605722,-22.956561006585162,0],[-46.437757952267646,-22.956565370994998,0],[-46.437777755339084,-22.956546825175792,0],[-46.437786458977882,-22.956526197425998,0],[-46.437809063437513,-22.956491383770295,0],[-46.437839370590446,-22.956467233376092,0],[-46.437863101001255,-22.956461063127527,0],[-46.437871086081721,-22.956440377821142,0],[-46.43789012293081,-22.956433301955251,0],[-46.4378976934238,-22.956421833800569,0],[-46.437919987617306,-22.956402948936898,0],[-46.43791772762097,-22.956389766674345,0],[-46.43792819033365,-22.95638234996543,0],[-46.437941583037585,-22.956369665028006,0],[-46.437960589309697,-22.956366071337062,0],[-46.43797025162575,-22.956361740202119,0],[-46.437980130678454,-22.956351930397183,0],[-46.437987166074826,-22.956350087686371,0],[-46.437990805631159,-22.956333468214943,0],[-46.437989891020592,-22.956324547839568,0],[-46.437998559585822,-22.956320003565278,0],[-46.438010821841885,-22.956322045026301,0],[-46.438037779020249,-22.95631385130315,0],[-46.438051496379394,-22.956301661892141,0],[-46.438065654406387,-22.956301975755526,0],[-46.438074369736341,-22.956292207319457,0],[-46.438085654429358,-22.956292293654382,0],[-46.438091893925744,-22.956281123175238,0],[-46.438106065442533,-22.956292297251668,0],[-46.438119369113579,-22.956283025241348,0],[-46.438130958676766,-22.956279784084689,0],[-46.438155559631355,-22.95627515797214,0],[-46.43818678499207,-22.956253627302999,0],[-46.438233467900211,-22.956229295245759,0],[-46.438267215859298,-22.956203940659297,0],[-46.43829149755453,-22.956191781825211,0],[-46.438311955332452,-22.956192861011669,0],[-46.438365807635876,-22.95617083841341,0],[-46.438426815844821,-22.956152864563037,0],[-46.43847045184981,-22.956153763885027,0],[-46.438578723029586,-22.95611458761805,0],[-46.438612240762268,-22.956096454587676,0],[-46.438651496169598,-22.956055315100684,0],[-46.43870634132459,-22.956046106042873,0],[-46.438740713413154,-22.956037558886177,0],[-46.438825691252582,-22.956038951036703,0],[-46.438976962616664,-22.956043880220872,0],[-46.439065659152796,-22.956034931067187,0],[-46.439085931670377,-22.956038005849212,0],[-46.439151449080065,-22.956029236559971,0],[-46.439200927980373,-22.956013839267214,0],[-46.439248896019706,-22.955981833294935,0],[-46.439296910823721,-22.955944602261493,0],[-46.439349790960016,-22.955889120386527,0],[-46.439371450232208,-22.955836268129268,0],[-46.439461826701915,-22.955824770296886,0],[-46.439472179697312,-22.955811376693646,0],[-46.439497242004052,-22.955798609018498,0],[-46.439505190212337,-22.955812910937023,0],[-46.439535110656792,-22.955813395671608,0],[-46.439555707829598,-22.955798800574147,0],[-46.439562027365639,-22.95577262220872,0],[-46.439582879945931,-22.955785128181056,0],[-46.439618187329415,-22.955777495634894,0],[-46.439624949331922,-22.955738579271966,0],[-46.439644866617243,-22.955762807907206,0],[-46.439689680734162,-22.955755621424785,0],[-46.439721148911872,-22.955737729412647,0],[-46.43973164400014,-22.955702360875193,0],[-46.43977658312275,-22.955681242095569,0],[-46.439826851627863,-22.955694998125637,0],[-46.439843415341336,-22.955667617366593,0],[-46.439873842104078,-22.955659572031607,0],[-46.439898497917291,-22.955600779752157,0],[-46.439895275646393,-22.955577600625709,0],[-46.439909788006268,-22.955563062185551,0],[-46.43990725371674,-22.95553712214042,0],[-46.439927974996003,-22.955514896295348,0],[-46.439937478132101,-22.955460412667897,0],[-46.43995512732721,-22.955429095576275,0],[-46.439953006725823,-22.95540023992908,0],[-46.439934355685928,-22.9553889813164,0],[-46.439949540738688,-22.955373422145666,0],[-46.439969238589462,-22.955341864035749,0],[-46.439973086788491,-22.955276478826423,0],[-46.439981546710953,-22.955245910870008,0],[-46.439964577403259,-22.955145633763948,0],[-46.439973227982023,-22.955068964760862,0],[-46.440006298751648,-22.954977063040989,0],[-46.440029387945856,-22.95496212889908,0],[-46.440053196597717,-22.954940949864906,0],[-46.440080559370301,-22.954881174626429,0],[-46.440093256898258,-22.954834452148184,0],[-46.440117859651487,-22.954817223835786,0],[-46.440115846069375,-22.954788778279479,0],[-46.440092455602326,-22.954775535762334,0],[-46.440098404617636,-22.954765950787916,0],[-46.440086709833736,-22.954756179653941,0],[-46.440104679187534,-22.95473239618309,0],[-46.440080083628921,-22.954699218394186,0],[-46.440097457631516,-22.954667744820537,0],[-46.440125789873264,-22.954660329010942,0],[-46.440178618748241,-22.954635274798029,0],[-46.440227876415349,-22.954570391410424,0],[-46.440282531813367,-22.954495610983596,0],[-46.440294723022994,-22.9544622542296,0],[-46.44032513629594,-22.954444814576497,0],[-46.440374365184759,-22.95445728097873,0],[-46.440398433740654,-22.954431698863729,0],[-46.440457610929975,-22.954383283861425,0],[-46.440515820448695,-22.954368977446297,0],[-46.440595198209806,-22.954387310126222,0],[-46.440663919903955,-22.954363368374683,0],[-46.440730098315321,-22.954370210416815,0],[-46.440782405583491,-22.954347661715197,0],[-46.440831806242841,-22.954340971658496,0],[-46.440851575140016,-22.954338511113345,0],[-46.440851395275615,-22.954321604758196,0],[-46.440882033379076,-22.95432844769967,0],[-46.440890163250415,-22.954353354423752,0],[-46.440912161566985,-22.954367559215427,0],[-46.440954560104835,-22.954358305191594,0],[-46.440988530196478,-22.954376135150493,0],[-46.441020445337259,-22.954402478091819,0],[-46.441046716332835,-22.954407675273963,0],[-46.441105834166876,-22.954472956161975,0],[-46.441194297778566,-22.95451211444248,0],[-46.441250616023069,-22.954571050613424,0],[-46.441304033054621,-22.954622126709758,0],[-46.441358263073305,-22.954644426299183,0],[-46.441392520948057,-22.954681436998673,0],[-46.441435275617437,-22.954702306666093,0],[-46.441466574722583,-22.954705743874911,0],[-46.441582017096394,-22.95477622913964,0],[-46.441794526895876,-22.954882007398691,0],[-46.441902319636313,-22.954938982148231,0],[-46.441931267014304,-22.9549679717944,0],[-46.442013384110339,-22.955004377250198,0],[-46.442073781679653,-22.9550049618095,0],[-46.442181583413287,-22.955049185971113,0],[-46.442273825976265,-22.955096364405616,0],[-46.442402945239685,-22.955146775003641,0],[-46.442498678970821,-22.955159801683472,0],[-46.44256905721619,-22.955172758216168,0],[-46.442663324153045,-22.95517147218569,0],[-46.442800338564737,-22.955185222819765,0],[-46.442867929811079,-22.955183158875624,0],[-46.442932847372958,-22.955199799031433,0],[-46.442966267978818,-22.955201861176931,0],[-46.443004652842433,-22.955184943130568,0],[-46.443080956720728,-22.955183527597676,0],[-46.443151439287476,-22.955171754572763,0],[-46.44320413236477,-22.955173019019586,0],[-46.443255982777316,-22.955157002993253,0],[-46.443286730598118,-22.955170207738824,0],[-46.443308123670946,-22.955168035876099,0],[-46.443353963914262,-22.955133587345138,0],[-46.443388303627266,-22.955146212927328,0],[-46.443429858601064,-22.955147064585336,0],[-46.443473123186038,-22.955135687262096,0],[-46.443510304756728,-22.955107650897329,0],[-46.443546755178552,-22.955104595000982,0],[-46.443595356340616,-22.955114295088585,0],[-46.443657352904495,-22.955099401416188,0],[-46.44368860164758,-22.955071302098872,0],[-46.443754294425098,-22.955085401669912,0],[-46.443600631763729,-22.955353913152518,0],[-46.443261699767561,-22.955675431575855,0],[-46.442732383092959,-22.955766185760798,0],[-46.44301309657709,-22.95598461579732,0],[-46.442725109376227,-22.956162129378704,0],[-46.442048768835548,-22.9563084940417,0],[-46.442004407976974,-22.956691967660156,0],[-46.441970427093516,-22.956755595594203,0]]]},"properties":{"FID":29}},{"type":"Feature","id":30,"geometry":{"type":"Polygon","coordinates":[[[-46.272761261922653,-23.027790748943861,0],[-46.272761261922653,-23.027790748943861,0],[-46.272608979720587,-23.02758325826073,0],[-46.272608709923979,-23.027582890438005,0],[-46.2723564428955,-23.027577138374166,0],[-46.2723564428955,-23.027577138374166,0],[-46.272334154097905,-23.027526834795513,0],[-46.272304909044294,-23.027460831751981,0],[-46.272386188871451,-23.027320012308682,0],[-46.27240417890971,-23.027288842705907,0],[-46.272326988299824,-23.027126056422322,0],[-46.272326988299824,-23.027126056422322,0],[-46.272115949791221,-23.027034375935667,0],[-46.271487219359649,-23.02722618244233,0],[-46.271360100188417,-23.027118264696139,0],[-46.271355453391436,-23.027048135562957,0],[-46.271350306571328,-23.026970497090716,0],[-46.271232632979611,-23.026595039129688,0],[-46.271211644601692,-23.0265280729122,0],[-46.271211644601692,-23.0265280729122,0],[-46.270670514432652,-23.026650930196244,0],[-46.270732441748756,-23.026169155282233,0],[-46.271689630671865,-23.026104762025128,0],[-46.271561936833848,-23.025734736868568,0],[-46.27353391355922,-23.025581887194278,0],[-46.273606707383578,-23.025643059079869,0],[-46.274448910788585,-23.026350805745036,0],[-46.274467036624387,-23.026408367751912,0],[-46.279477818046814,-23.029077186862651,0],[-46.279423216608109,-23.029174135577875,0],[-46.277708540416761,-23.030241495948246,0],[-46.277505882690271,-23.02994799320529,0],[-46.277412759691067,-23.029867715222856,0],[-46.277412759691067,-23.029867715222856,0],[-46.277156475390996,-23.029675454558525,0],[-46.277051375220772,-23.029579365595222,0],[-46.277051374321438,-23.029579365595232,0],[-46.276878426598053,-23.029698091393751,0],[-46.276799663973293,-23.029815446625523,0],[-46.276707543718146,-23.030051509669374,0],[-46.276678580152293,-23.030125733415844,0],[-46.276606042634732,-23.03014402742485,0],[-46.276320021351864,-23.030216165643477,0],[-46.276159379951366,-23.03012019539068,0],[-46.276118513858307,-23.030021312233686,0],[-46.276185675228703,-23.030011043774596,0],[-46.276219119216925,-23.029991319843475,0],[-46.276232932803566,-23.029895887385244,0],[-46.276103980814021,-23.029817168827204,0],[-46.276075581123109,-23.029814479854338,0],[-46.276062056218905,-23.029717321597069,0],[-46.276000939191931,-23.029692201733649,0],[-46.275922797099398,-23.029660085144769,0],[-46.275823450791556,-23.02964297284489,0],[-46.275750168635348,-23.029630350859975,0],[-46.27558797500501,-23.029535242157635,0],[-46.275547276185819,-23.029511375949216,0],[-46.275547276185819,-23.029511375949216,0],[-46.275508787900215,-23.029441654208942,0],[-46.275464811951451,-23.029425542854483,0],[-46.275082754765265,-23.029285570572601,0],[-46.274864457828414,-23.029316509948952,0],[-46.27483676500465,-23.029336229383464,0],[-46.274770506553587,-23.029383407817996,0],[-46.274549725689262,-23.029597228829001,0],[-46.274330663429339,-23.029770183746962,0],[-46.274158041260534,-23.029949326000583,0],[-46.273985722163324,-23.030128155290086,0],[-46.273985722163324,-23.030128155290086,0],[-46.273983051176856,-23.030130926101318,0],[-46.274067520000017,-23.030173043151379,0],[-46.274221287882092,-23.030208766021687,0],[-46.274403474340836,-23.03013726722105,0],[-46.274461609215841,-23.030284643621378,0],[-46.274466232630523,-23.03032934981956,0],[-46.274387302731782,-23.030429197949104,0],[-46.274336845369078,-23.030427659209064,0],[-46.274280008215783,-23.030418389896738,0],[-46.274045069324494,-23.030585864346097,0],[-46.274045069324494,-23.030585864346097,0],[-46.274045069324494,-23.030585864346097,0],[-46.273954307045578,-23.030650563372784,0],[-46.273947958731256,-23.030665630614287,0],[-46.273941971045083,-23.030679842600584,0],[-46.273941971045083,-23.030679842600584,0],[-46.274066973212207,-23.030785282714586,0],[-46.274122546818035,-23.030832160775564,0],[-46.274204681001216,-23.030901440948693,0],[-46.274235612283633,-23.030970188723192,0],[-46.274288401588421,-23.031087518773891,0],[-46.27413893156637,-23.031327120650086,0],[-46.274110327729382,-23.031372972584553,0],[-46.274110487808755,-23.031375970024978,0],[-46.274130681185973,-23.031754863396202,0],[-46.274130744138461,-23.031756040608741,0],[-46.274291569000638,-23.031871465895403,0],[-46.274291607671501,-23.031871686229291,0],[-46.274400458014682,-23.032498919289662,0],[-46.274400459813307,-23.032498932779518,0],[-46.274411411757228,-23.032525379142896,0],[-46.27446068021618,-23.032644348657698,0],[-46.274443137141027,-23.032790389564813,0],[-46.274443137141027,-23.032790389564813,0],[-46.274513793276931,-23.032928090159189,0],[-46.274526639193027,-23.032953126385603,0],[-46.274543807250843,-23.032968226002748,0],[-46.274719504201698,-23.033122761905862,0],[-46.274825572941779,-23.03311820144382,0],[-46.274942212313206,-23.033113185924726,0],[-46.275018187938997,-23.033127832283554,0],[-46.275135934375847,-23.033150531172051,0],[-46.275148854036331,-23.033193516067875,0],[-46.275190178783703,-23.033331009818212,0],[-46.275179316771997,-23.03339335172177,0],[-46.275174225709925,-23.033422569795736,0],[-46.2752241353855,-23.033506845264636,0],[-46.275283151596113,-23.03360649914061,0],[-46.275283156992032,-23.033606501838573,0],[-46.275807905110696,-23.033908279243622,0],[-46.276090437923301,-23.034070760656991,0],[-46.276274118155982,-23.034083020215185,0],[-46.276376472696029,-23.03408985236473,0],[-46.276773885806172,-23.033952456640503,0],[-46.276929565646867,-23.03389863581333,0],[-46.276924870286521,-23.033849680318447,0],[-46.276920242375247,-23.033801444281195,0],[-46.277011438127317,-23.033598820728987,0],[-46.277064356035176,-23.033481245163255,0],[-46.277100085200743,-23.033480957380235,0],[-46.277457221273721,-23.033238796932903,0],[-46.277835307053749,-23.033212399132882,0],[-46.278058241794376,-23.033255170889376,0],[-46.278089226136849,-23.033261115408123,0],[-46.278044224061667,-23.033298461554697,0],[-46.278044224061667,-23.033298461554697,0],[-46.278044224061667,-23.033298461554697,0],[-46.27819717535931,-23.03339119694613,0],[-46.278386280302527,-23.033551177344915,0],[-46.279014329947302,-23.033821543229571,0],[-46.279142656908064,-23.033809226114844,0],[-46.279381563608254,-23.033794664292266,0],[-46.279971607903349,-23.033758695907075,0],[-46.280469327797221,-23.033658472760244,0],[-46.280719887013106,-23.033499842243888,0],[-46.280893386020921,-23.033389998149854,0],[-46.281871930245359,-23.0334389356583,0],[-46.282825279063346,-23.033267007766131,0],[-46.283605562346793,-23.033189523977292,0],[-46.28399086698488,-23.033267482608217,0],[-46.284152346553519,-23.033500316186565,0],[-46.28415234655354,-23.033500317085892,0],[-46.283075813098272,-23.033935322756932,0],[-46.282326362171837,-23.034367820218691,0],[-46.281994492551739,-23.034739883238952,0],[-46.281835800881474,-23.034796530635347,0],[-46.281626828115591,-23.034898531741803,0],[-46.281576526335584,-23.03492308413297,0],[-46.281364807040177,-23.035021955598722,0],[-46.281119489073092,-23.035157942085331,0],[-46.280780272891263,-23.03517437359843,0],[-46.280446660385053,-23.035169397649565,0],[-46.28028690121949,-23.035187654786405,0],[-46.279908344194673,-23.035189984030453,0],[-46.27980146336683,-23.035208752881598,0],[-46.279629700949918,-23.035238916143069,0],[-46.279157103617422,-23.03532190738008,0],[-46.278826794321056,-23.035425036236422,0],[-46.27875112986073,-23.035769895664089,0],[-46.278712019244274,-23.035910334694162,0],[-46.278677128246841,-23.036035618349032,0],[-46.278677129146168,-23.036035618349032,0],[-46.278677128246841,-23.036035618349032,0],[-46.278693863730787,-23.036269328766494,0],[-46.278693863730787,-23.036269328766494,0],[-46.278650424677323,-23.036403228825918,0],[-46.27875014600238,-23.036478360887575,0],[-46.279488793373041,-23.037095294911861,0],[-46.279710930415092,-23.037280826848658,0],[-46.279967644591061,-23.037482989947982,0],[-46.280019945563993,-23.037501157152651,0],[-46.280114663960561,-23.037534055252429,0],[-46.280533203944174,-23.037222252205154,0],[-46.280750195964742,-23.037038232028745,0],[-46.280951659391519,-23.036945438181373,0],[-46.281390806440527,-23.036890683857909,0],[-46.281853013006135,-23.036806615233068,0],[-46.282567057623567,-23.036549651944842,0],[-46.282810637201116,-23.036481232422897,0],[-46.282888672274346,-23.036485940373769,0],[-46.283116586561164,-23.036499689209219,0],[-46.283659406556367,-23.036618247733887,0],[-46.283828094191165,-23.036719833353569,0],[-46.283828093291859,-23.036719834252892,0],[-46.283637899269593,-23.036941811215566,0],[-46.283406940777652,-23.037205978972679,0],[-46.283232422838012,-23.037405581702217,0],[-46.283232316718006,-23.037405561917119,0],[-46.282899936283002,-23.037340259445383,0],[-46.282821230315506,-23.037309115023621,0],[-46.282610889680768,-23.037225882768229,0],[-46.282503662613912,-23.037222861945459,0],[-46.282407443248871,-23.037272275195281,0],[-46.282362934901478,-23.037306521378827,0],[-46.282282238734297,-23.03736861237152,0],[-46.282163487754701,-23.037480458356413,0],[-46.282161014619078,-23.037480518611012,0],[-46.282045807867689,-23.037483357770729,0],[-46.281988876285595,-23.037464365887729,0],[-46.281859339736684,-23.037547119703788,0],[-46.281738744247598,-23.037686216045994,0],[-46.28159904176232,-23.037848371904772,0],[-46.281595286193458,-23.037852731818077,0],[-46.281651087327759,-23.038196603790205,0],[-46.281582824287867,-23.038331324930656,0],[-46.28154170638458,-23.03841247165823,0],[-46.281527355003391,-23.038438646426336,0],[-46.281472929831807,-23.03848729974905,0],[-46.281284956235709,-23.038646650622432,0],[-46.28119069019818,-23.038728747933305,0],[-46.281026845412555,-23.038866964738581,0],[-46.280812933569962,-23.039047054877646,0],[-46.28072132143177,-23.039118817179599,0],[-46.280464996662204,-23.039292700197901,0],[-46.280287753776761,-23.039371564446053,0],[-46.280234165873992,-23.039311016690018,0],[-46.280160996133027,-23.039233284688294,0],[-46.2800728301969,-23.039187984937492,0],[-46.279984782072006,-23.039142746340641,0],[-46.279962766668284,-23.039132574108997,0],[-46.279778884088223,-23.039167058612833,0],[-46.279757517095682,-23.039172291767798,0],[-46.279449428248476,-23.039304719637059,0],[-46.279449264571838,-23.039304789784183,0],[-46.279106909756024,-23.039532782312001,0],[-46.278424820748846,-23.039987019085626,0],[-46.278200266329179,-23.040166571430085,0],[-46.277953371850579,-23.040265137126344,0],[-46.277805400998439,-23.040181807744219,0],[-46.277805400099119,-23.04018180414695,0],[-46.277573125898982,-23.039041873883313,0],[-46.277545412390857,-23.038905861316387,0],[-46.277516468610095,-23.038805335098118,0],[-46.277516465012809,-23.038805329702157,0],[-46.277384370792049,-23.038593680553834,0],[-46.277336211197159,-23.038554814552974,0],[-46.277336210297847,-23.038554812754349,0],[-46.277103046668223,-23.038366646703309,0],[-46.276949786003804,-23.038130253608237,0],[-46.276949786003797,-23.038130252708932,0],[-46.276722126225067,-23.037557373773719,0],[-46.276722119030524,-23.037557356686619,0],[-46.276722112735293,-23.037557353089337,0],[-46.276463465016839,-23.037410816655857,0],[-46.276463457822274,-23.037410813957905,0],[-46.276299300971914,-23.037388794057566,0],[-46.27608959975521,-23.037441065352834,0],[-46.275971686943755,-23.037516280152165,0],[-46.275971678849899,-23.037516284648728,0],[-46.275750989716379,-23.037657058226607,0],[-46.275750879999066,-23.037657129273047,0],[-46.275457389846622,-23.03907036170779,0],[-46.275335852767341,-23.039249264741734,0],[-46.274349909820444,-23.039617977787362,0],[-46.27420726295481,-23.039667001630772,0],[-46.274151717227937,-23.039686044775117,0],[-46.273980078917468,-23.039650731995668,0],[-46.273797878968885,-23.039558219636092,0],[-46.273667050094225,-23.039317872221986,0],[-46.273512499802003,-23.038690211084319,0],[-46.27351249980201,-23.038690210184992,0],[-46.273539665623048,-23.038527662221778,0],[-46.273544630780066,-23.038486046993484,0],[-46.27366046705685,-23.037515113731452,0],[-46.273618938163466,-23.037393627014232,0],[-46.273608281197205,-23.03736245021685,0],[-46.273533113162621,-23.037142557882703,0],[-46.273533108666022,-23.037142547090799,0],[-46.27328893283795,-23.036368011374577,0],[-46.273261314657951,-23.036269418698677,0],[-46.273223016129236,-23.036132701962572,0],[-46.273223011632659,-23.036132658795129,0],[-46.273094685571273,-23.034896438120089,0],[-46.273094597437705,-23.034895579267523,0],[-46.273016448150543,-23.034488402217985,0],[-46.273016402285108,-23.034488286205391,0],[-46.272644994870582,-23.033579750604982,0],[-46.272646353746211,-23.033577708244593,0],[-46.273141051917946,-23.033686975873195,0],[-46.273313305364688,-23.033750393365892,0],[-46.273461645838282,-23.033805007395145,0],[-46.273776830336423,-23.033794687674643,0],[-46.273805935995085,-23.03378905612,0],[-46.273860752371775,-23.033778448616495,0],[-46.273931259220205,-23.03367672360185,0],[-46.273928423657772,-23.03362464206355,0],[-46.273926178050658,-23.033583389261928,0],[-46.273816523713549,-23.033545365026587,0],[-46.273609141848397,-23.033557905173154,0],[-46.273593851574944,-23.033558829676217,0],[-46.273593851574944,-23.033558829676217,0],[-46.273515259821359,-23.033515924820062,0],[-46.273074127069272,-23.033275102563916,0],[-46.272936841062347,-23.033317528980721,0],[-46.272582556739565,-23.033427015144582,0],[-46.272582557638884,-23.033427016043916,0],[-46.272582556739579,-23.033427016043905,0],[-46.272549413124864,-23.033371920877411,0],[-46.272549413124864,-23.033371920877411,0],[-46.272442570967826,-23.033334318424014,0],[-46.27233103614833,-23.033295063016688,0],[-46.272154785215164,-23.033410892098978,0],[-46.271993722032619,-23.033554797116153,0],[-46.271581301935498,-23.034117054158695,0],[-46.271581301935498,-23.034117054158695,0],[-46.271580914327664,-23.034119896016385,0],[-46.271567624146492,-23.034217027293945,0],[-46.271553759298513,-23.03431836200275,0],[-46.271558335948399,-23.034363937845381,0],[-46.271590853634976,-23.034687679392839,0],[-46.271590853634976,-23.034687677594196,0],[-46.271718927886184,-23.035014454353526,0],[-46.271844883334659,-23.035320675308878,0],[-46.271960933650121,-23.035599011884869,0],[-46.271960933650121,-23.035599012784182,0],[-46.271960933650121,-23.035599012784182,0],[-46.271960933650121,-23.035599012784182,0],[-46.271958894887064,-23.035621660411259,0],[-46.271934284939285,-23.03589491941494,0],[-46.271785114391484,-23.036125669264152,0],[-46.271782096266705,-23.036128154990305,0],[-46.271214331775923,-23.036595933755279,0],[-46.271212478273185,-23.036602870226258,0],[-46.271212478273185,-23.036602870226258,0],[-46.27114610021232,-23.036851220707199,0],[-46.271120217723826,-23.036948056107857,0],[-46.271084535322984,-23.03742395665023,0],[-46.271045491256359,-23.037944670410184,0],[-46.27077101906724,-23.037814591570111,0],[-46.270414264306794,-23.037875818314326,0],[-46.270322698034029,-23.037973821034971,0],[-46.270123306645246,-23.037780887677805,0],[-46.269963754323783,-23.037801622446867,0],[-46.270019712839442,-23.037941237697911,0],[-46.270034074113198,-23.038127874901477,0],[-46.270160545772519,-23.038165766037263,0],[-46.270330038300578,-23.038308359842897,0],[-46.270373715674403,-23.038483090022556,0],[-46.270198697711692,-23.038647904277298,0],[-46.270145364317038,-23.038788397266686,0],[-46.270317929828536,-23.038810355113764,0],[-46.270501792623577,-23.038692158116525,0],[-46.270600019275435,-23.038602594633996,0],[-46.270824717586606,-23.038397711085448,0],[-46.271026992201897,-23.038213275422272,0],[-46.270969557898752,-23.038275159570937,0],[-46.270891100144127,-23.038362305675836,0],[-46.27058623086981,-23.038696651129499,0],[-46.270482065095166,-23.038810888411717,0],[-46.27042998355688,-23.038868005254194,0],[-46.270146790641832,-23.039178579827535,0],[-46.269391754925486,-23.038669944862018,0],[-46.269458219321344,-23.038472444747466,0],[-46.269512145369163,-23.038312197250036,0],[-46.269604434696873,-23.038037948092789,0],[-46.269619715977072,-23.037766553383697,0],[-46.26963687234376,-23.037461866671791,0],[-46.269477724717206,-23.037123353759743,0],[-46.269436271366779,-23.037035178830426,0],[-46.269360945950837,-23.036874960111277,0],[-46.269358063623713,-23.036868831231516,0],[-46.269088491840364,-23.036326143436721,0],[-46.269088491840364,-23.036326143436721,0],[-46.269088491840364,-23.036326143436721,0],[-46.269173895958502,-23.036261999291813,0],[-46.269323203203214,-23.036203624297784,0],[-46.269450065168321,-23.035947277944487,0],[-46.269444969609587,-23.035957573383271,0],[-46.269501316632386,-23.036005894856146,0],[-46.269595324564534,-23.036168548939298,0],[-46.26974665078729,-23.036167333955223,0],[-46.269816386916659,-23.03643134073377,0],[-46.269855600055848,-23.036478866306602,0],[-46.269892924618723,-23.036524103104838,0],[-46.269894182770265,-23.03665828914869,0],[-46.269894602753652,-23.036703060997411,0],[-46.269881443873487,-23.036780253405954,0],[-46.269870694277088,-23.03684331656574,0],[-46.269948545888667,-23.037076133057049,0],[-46.269924637412039,-23.037216390424021,0],[-46.269950806784266,-23.037317336625744,0],[-46.270028731240927,-23.037557934051399,0],[-46.270122740971651,-23.037720588134576,0],[-46.270145391296765,-23.037515748652808,0],[-46.270153744199888,-23.037440210097628,0],[-46.270102206751417,-23.037323902576009,0],[-46.270091554281748,-23.037302227116015,0],[-46.270067921897009,-23.037254145762176,0],[-46.270158941382022,-23.037097787832582,0],[-46.270114280149869,-23.036818016837977,0],[-46.27012049896183,-23.036584526754435,0],[-46.270050252017484,-23.036266055234197,0],[-46.269998204653419,-23.036095282970898,0],[-46.269991719642121,-23.036055720894755,0],[-46.269980370197857,-23.035986486587035,0],[-46.269984893787758,-23.035973062406896,0],[-46.270007963196932,-23.035904605113409,0],[-46.270012740395615,-23.03590976272536,0],[-46.270013287183417,-23.035910353579922,0],[-46.270013287183417,-23.035910353579922,0],[-46.270068954318731,-23.036018845992889,0],[-46.27019502308179,-23.036013942889106,0],[-46.270385912280005,-23.035300416281132,0],[-46.270650289579173,-23.035255501440179,0],[-46.270650330048625,-23.035255494245636,0],[-46.27068875987834,-23.035234376365345,0],[-46.270705745373803,-23.035225042301843,0],[-46.270930539912456,-23.035101506928985,0],[-46.27126151920374,-23.03498212732325,0],[-46.27126151920374,-23.03498212732325,0],[-46.271256913775524,-23.034939366358632,0],[-46.27080631116231,-23.034406072881904,0],[-46.270563540974592,-23.034489171138329,0],[-46.27049203677803,-23.034513646187811,0],[-46.27049203677803,-23.034513646187811,0],[-46.270216918875697,-23.034477288396101,0],[-46.27021691887569,-23.034477286597451,0],[-46.270216918875697,-23.034477288396101,0],[-46.27021691887569,-23.034477286597451,0],[-46.270027992897511,-23.034419525840409,0],[-46.269757344625695,-23.034338693875551,0],[-46.269309401307794,-23.033279831199199,0],[-46.269337455659013,-23.032985993009099,0],[-46.269342948718091,-23.03292845708258,0],[-46.269342949617396,-23.032928421109723,0],[-46.269359713879624,-23.032252506847684,0],[-46.269359713879624,-23.032252506847684,0],[-46.269158197392862,-23.031398196769324,0],[-46.268970948650299,-23.030945049974044,0],[-46.268822749370372,-23.030723162943541,0],[-46.268822749370372,-23.030723162943541,0],[-46.268822749370372,-23.03072316204425,0],[-46.26905105036564,-23.030632220800342,0],[-46.269649960177503,-23.030564704197676,0],[-46.269753196952422,-23.0305530660711,0],[-46.269999687635448,-23.030525277019866,0],[-46.270501850180203,-23.030482204889775,0],[-46.270853364591069,-23.03040444410977,0],[-46.271265699252588,-23.030338477938358,0],[-46.271604499048351,-23.030330838197592,0],[-46.272586142336543,-23.029832374564368,0],[-46.272717124995268,-23.029709400368471,0],[-46.27271711690139,-23.02970939137526,0],[-46.272216411258341,-23.029071440194748,0],[-46.27220493680835,-23.029044179944886,0],[-46.272173538777736,-23.028969576684577,0],[-46.272173538777729,-23.028969575785258,0],[-46.272176718780486,-23.028933682943094,0],[-46.272186614021003,-23.028821980849671,0],[-46.272416675888849,-23.028189913933325,0],[-46.272416675888849,-23.028189913033998,0],[-46.272416675888849,-23.028189913033998,0],[-46.272416675888849,-23.028189913033998,0],[-46.272416675888849,-23.028189913033998,0],[-46.272416675888849,-23.028189913033998,0],[-46.272755712206333,-23.028017464434424,0],[-46.272796063887206,-23.027838168396716,0],[-46.272761261922653,-23.027790748943861,0]],[[-46.27284847008076,-23.032770179100446,0],[-46.272675358680829,-23.032870013740073,0],[-46.272550674873685,-23.032978409026335,0],[-46.272411655873157,-23.033104817733065,0],[-46.272277261186616,-23.033208816233806,0],[-46.272359162445348,-23.033232893782962,0],[-46.272374711723501,-23.033198524392329,0],[-46.27238368425958,-23.033195425328614,0],[-46.272381012373771,-23.033192589766152,0],[-46.2726307747904,-23.033055284873448,0],[-46.27282027273737,-23.032930228747034,0],[-46.272836873323008,-23.032924509058773,0],[-46.272832846158913,-23.032915421409541,0],[-46.27284847008076,-23.032770179100446,0]]]},"properties":{"FID":30}},{"type":"Feature","id":31,"geometry":{"type":"Polygon","coordinates":[[[-46.281187743119801,-23.030211698710897,0],[-46.280608386367874,-23.030172204083861,0],[-46.280093402188697,-23.029915487209909,0],[-46.279964656143925,-23.029461292704465,0],[-46.279383611364558,-23.029203144109765,0],[-46.279403742688544,-23.02919061205705,0],[-46.279412996712374,-23.029193933253417,0],[-46.279417090426364,-23.02919186301402,0],[-46.279421447641653,-23.029183002893223,0],[-46.279419457441975,-23.029180830131182,0],[-46.279426686192558,-23.029175792129063,0],[-46.279481285832617,-23.029078843413849,0],[-46.279479781266843,-23.02907406621512,0],[-46.279067354874492,-23.028854412201319,0],[-46.27899121017618,-23.028817927605246,0],[-46.278991438603967,-23.028813977782825,0],[-46.278645658270477,-23.028629808318968,0],[-46.278628828357682,-23.028625026623612,0],[-46.278628926383824,-23.028621387966609,0],[-46.278279833847201,-23.028434970197683,0],[-46.278270749795254,-23.028433382894278,0],[-46.278270796559987,-23.028429982557622,0],[-46.278052972666508,-23.028313128248215,0],[-46.278050073252238,-23.028314329742496,0],[-46.278050051668501,-23.028311049914983,0],[-46.27640973771917,-23.027460907294991,0],[-46.276404459598098,-23.027463572885555,0],[-46.276384981181884,-23.027560027872951,0],[-46.27506007656126,-23.026761494647182,0],[-46.275061957043647,-23.026762081005177,0],[-46.275068174056969,-23.026750300785693,0],[-46.27639376216235,-23.027450318677197,0],[-46.276394998730161,-23.027444581002577,0],[-46.276148784139025,-23.027291582040846,0],[-46.275531626183586,-23.026977944376604,0],[-46.274946890586484,-23.026659498936695,0],[-46.274869720661059,-23.026625214981685,0],[-46.274849702651636,-23.026625376859617,0],[-46.274849020066199,-23.026631199070557,0],[-46.27493552585377,-23.026686426437372,0],[-46.27447037940442,-23.026406070883425,0],[-46.27445155029875,-23.026348145550461,0],[-46.273533584407339,-23.025578288107454,0],[-46.271560933190472,-23.025731307753606,0],[-46.271558216338583,-23.025735825048237,0],[-46.271685622393534,-23.026105015633902,0],[-46.270731179100608,-23.02616587995135,0],[-46.270728565670709,-23.026168732600869,0],[-46.27067045327874,-23.026620831685968,0],[-46.270394534080424,-23.026657107639366,0],[-46.270029753770089,-23.026973075447025,0],[-46.269836635152558,-23.027289042355374,0],[-46.269622057811659,-23.027565511938818,0],[-46.269321650074062,-23.027723494943313,0],[-46.269021243235734,-23.027940720787566,0],[-46.268463344307875,-23.027940720787576,0],[-46.268162935670894,-23.027901225261303,0],[-46.267776698435853,-23.027940720787566,0],[-46.26758357891903,-23.027841982421538,0],[-46.267304629005366,-23.027407528934258,0],[-46.267175882960593,-23.027091562925257,0],[-46.267004222167088,-23.026321391618843,0],[-46.267283172080681,-23.026143658602901,0],[-46.268034189626121,-23.02580794168313,0],[-46.268098563098192,-23.025452474751905,0],[-46.267991274877375,-23.025195748884624,0],[-46.268012731802109,-23.024860029266897,0],[-46.267883985757294,-23.024425566786416,0],[-46.267776698435853,-23.023457896264858,0],[-46.267605036743035,-23.022845691775213,0],[-46.267390460301442,-23.022391474786666,0],[-46.267154426035916,-23.021996502436597,0],[-46.267025679991093,-23.02158177917573,0],[-46.26734754465344,-23.02132504611394,0],[-46.267562121094961,-23.021147306802714,0],[-46.267926902304687,-23.020930070166546,0],[-46.268270224791038,-23.020949818379396,0],[-46.268613547277383,-23.021147306802742,0],[-46.268849582442215,-23.021423788976605,0],[-46.26914998928055,-23.021680522937771,0],[-46.269321650074062,-23.022351978361083,0],[-46.269579143062977,-23.022549464086467,0],[-46.27000829594607,-23.023003681074936,0],[-46.26998683812208,-23.023398649827758,0],[-46.270115584166824,-23.023872613230498,0],[-46.270448177741173,-23.024119468138906,0],[-46.270866602611591,-23.024129341795643,0],[-46.27133867204202,-23.023793618580584,0],[-46.271714182163755,-23.023477645376992,0],[-46.272132606134846,-23.023240663225984,0],[-46.272497386445188,-23.023023429287775,0],[-46.272862165856232,-23.02288518910018,0],[-46.273377150934721,-23.02300368107495,0],[-46.273892135113904,-23.023260411438802,0],[-46.274128169379473,-23.02365538019162,0],[-46.27417108412817,-23.024010851619447,0],[-46.274020881158727,-23.024919273905308,0],[-46.274128169379473,-23.025314238161503,0],[-46.27432128799699,-23.025669705092774,0],[-46.27472898395542,-23.026262147879777,0],[-46.275179594662511,-23.026505706772912,0],[-46.275630206268936,-23.026281896092598,0],[-46.275930613107292,-23.02563020866717,0],[-46.276059360051363,-23.025195748884606,0],[-46.276467055110466,-23.024978517644445,0],[-46.277046411862401,-23.024919273905308,0],[-46.277303904851287,-23.024741539090726,0],[-46.277775973382404,-23.024642798026655,0],[-46.278097838044744,-23.024504559637656,0],[-46.278248041913571,-23.024326824823049,0],[-46.278441161430422,-23.024070097157232,0],[-46.278805941740757,-23.024149090008446,0],[-46.278977603433589,-23.024366322148015,0],[-46.278977603433589,-23.024721790877884,0],[-46.278805941740764,-23.02511675603343,0],[-46.278741569168069,-23.025610459555033,0],[-46.278720111344001,-23.02616340681573,0],[-46.278355330134339,-23.026459628209242,0],[-46.278097838044744,-23.026696604064963,0],[-46.277861803779174,-23.027012570973362,0],[-46.277754515558399,-23.027466772673385,0],[-46.277840345955155,-23.027723494943313,0],[-46.278033464572673,-23.027881477947791,0],[-46.27846261925442,-23.027940720787566,0],[-46.278870315212842,-23.027960469000377,0],[-46.279299468095928,-23.027999963627405,0],[-46.279642790582272,-23.027881477947791,0],[-46.280093402188697,-23.027861729734983,0],[-46.280393809027032,-23.027723494943313,0],[-46.280629844191935,-23.027427277147069,0],[-46.280672758940625,-23.027052067398937,0],[-46.281101911823725,-23.02683483975602,0],[-46.281445235209389,-23.026578115687446,0],[-46.281659811650975,-23.02703231918613,0],[-46.281767099871729,-23.027427277147059,0],[-46.282024591961324,-23.027802485995903,0],[-46.28230354187491,-23.028098702892809,0],[-46.282217710578841,-23.028631892048114,0],[-46.282131881081405,-23.028868864306617,0],[-46.281659811650982,-23.028809620567451,0],[-46.281209200943799,-23.028789874153336,0],[-46.280908793206208,-23.028967602672704,0],[-46.280844419734137,-23.029303312397936,0],[-46.281380861737318,-23.029481040917229,0],[-46.28153106560616,-23.029935233624087,0],[-46.281187743119801,-23.030211698710897,0]]]},"properties":{"FID":31}},{"type":"Feature","id":32,"geometry":{"type":"Polygon","coordinates":[[[-46.355329314895926,-23.159653667682569,0],[-46.355329467780678,-23.15963637282033,0],[-46.355254527274539,-23.159601758814105,0],[-46.355179843974568,-23.159567030593951,0],[-46.35512391693517,-23.159532300575165,0],[-46.355031442347112,-23.159410648382664,0],[-46.354938220422461,-23.159323448318439,0],[-46.354882179169174,-23.159253772443609,0],[-46.354863806019807,-23.159183941885384,0],[-46.354883329402085,-23.159114272305757,0],[-46.354940753812677,-23.159044477720443,0],[-46.354978893161331,-23.158975007790328,0],[-46.355016790592344,-23.158923099821152,0],[-46.355093089974119,-23.158887894061017,0],[-46.355150203219239,-23.158853022848721,0],[-46.355226598828445,-23.158817896228864,0],[-46.355208326403108,-23.158730444354482,0],[-46.355131892123104,-23.158696505739098,0],[-46.355035778878062,-23.158698425791659,0],[-46.354978980395572,-23.158646653620096,0],[-46.35494130419778,-23.158577338373416,0],[-46.354941787133725,-23.158490122121403,0],[-46.354961268247919,-23.158419939028963,0],[-46.3549999040223,-23.158349296382884,0],[-46.355019511940888,-23.158278790433808,0],[-46.355020145962897,-23.158190933864489,0],[-46.355020548859216,-23.158120826315045,0],[-46.355020922077884,-23.158050652215781,0],[-46.355021573187003,-23.157979801826333,0],[-46.354983983324132,-23.157909434372868,0],[-46.354927256787448,-23.157839316031584,0],[-46.354889541918794,-23.157768941383495,0],[-46.354832711960057,-23.157716613430942,0],[-46.354776003409768,-23.157646153347216,0],[-46.354719257987306,-23.157575648297485,0],[-46.354662330002498,-23.157523227714758,0],[-46.354605400218993,-23.157470806232652,0],[-46.354548569360929,-23.157417217430584,0],[-46.354510637755716,-23.157381583593207,0],[-46.354434570399064,-23.15734650643607,0],[-46.354339501266914,-23.157293647883492,0],[-46.354301456347123,-23.157276091318515,0],[-46.354206353940015,-23.157223180605254,0],[-46.354130253308483,-23.157188060280703,0],[-46.354054161670206,-23.157152916573828,0],[-46.353978072729838,-23.157117439218379,0],[-46.353882881289906,-23.157082228961666,0],[-46.353806763571242,-23.15704689369915,0],[-46.35373067463086,-23.157029579051795,0],[-46.353635449916055,-23.156994429948956,0],[-46.353540497695739,-23.156995120628292,0],[-46.353445535582978,-23.156995831092679,0],[-46.353388977219474,-23.157050109674806,0],[-46.353332464721397,-23.157104210191093,0],[-46.353276035860361,-23.157158213580654,0],[-46.353219663656496,-23.157212135131886,0],[-46.353163552256092,-23.15728387135351,0],[-46.353088406704565,-23.157337612141028,0],[-46.353051181966407,-23.157391232419375,0],[-46.352976215380011,-23.157444828416047,0],[-46.352901115693896,-23.157480545890451,0],[-46.352826116731883,-23.157516299337697,0],[-46.352751311124059,-23.157569575175735,0],[-46.352675948835945,-23.157587036412572,0],[-46.352601029014252,-23.157622483190995,0],[-46.352525674820015,-23.157639968709542,0],[-46.352431390796028,-23.157657281558265,0],[-46.352355987139049,-23.157674619587965,0],[-46.35228015180752,-23.15767416902764,0],[-46.352166751794137,-23.157691125744801,0],[-46.352090788758865,-23.157690543883454,0],[-46.351995776284021,-23.157689819029901,0],[-46.351919806054198,-23.157689285731905,0],[-46.351823851089833,-23.157687790159347,0],[-46.351727781012251,-23.157686290989485,0],[-46.351631584130253,-23.157684804410177,0],[-46.351554600364466,-23.157683635291512,0],[-46.351476343158666,-23.157646719920152,0],[-46.351416727100244,-23.157592227299411,0],[-46.351414233280188,-23.157485656737602,0],[-46.351374832182735,-23.157432090418595,0],[-46.351314350077132,-23.157359187776244,0],[-46.351235207039117,-23.157339048358335,0],[-46.351157624324856,-23.157390303419756,0],[-46.351099829393554,-23.157442163724873,0],[-46.351062360039869,-23.157495037565869,0],[-46.35106646094836,-23.157585353781027,0],[-46.351070550165737,-23.157675430776461,0],[-46.351033660874691,-23.157745809021836,0],[-46.35097578770241,-23.157780049809386,0],[-46.350921740246065,-23.157851417309022,0],[-46.350886563264226,-23.157905167989039,0],[-46.350810798079806,-23.157939869229562,0],[-46.350733227056772,-23.157956182032144,0],[-46.35063465776318,-23.157971457916403,0],[-46.35053904993714,-23.158005810219954,0],[-46.350462589576807,-23.158022816399829,0],[-46.350387195812402,-23.158057828805731,0],[-46.350291158110394,-23.158074583175448,0],[-46.350215588078868,-23.1581094687769,0],[-46.350120600785054,-23.158144124151988,0],[-46.350064554135827,-23.158179232785301,0],[-46.349968016410791,-23.158178400013114,0],[-46.349891190925682,-23.158177907184609,0],[-46.349831964273676,-23.158142081791603,0],[-46.349827485649875,-23.158053091177159,0],[-46.349823911744068,-23.157964294816313,0],[-46.349840997064341,-23.157911064843734,0],[-46.349836702801554,-23.157839146959024,0],[-46.349851770043131,-23.157767329798393,0],[-46.349906298636711,-23.15771352875629,0],[-46.349982428046594,-23.157695995573711,0],[-46.350058938768939,-23.157678705208024,0],[-46.350135238150713,-23.15766125836036,0],[-46.350230093244186,-23.157625989647673,0],[-46.350325210939673,-23.157590863927169,0],[-46.350401063358333,-23.157555587120605,0],[-46.350476305137313,-23.157502358946665,0],[-46.350551600875633,-23.157449093900571,0],[-46.350607646625576,-23.157395640896098,0],[-46.35066483181653,-23.157342901953317,0],[-46.350722344360634,-23.157272794403848,0],[-46.350740350586648,-23.157201691304984,0],[-46.350777751591913,-23.157130763573818,0],[-46.350795487122014,-23.157059331323019,0],[-46.350852621950871,-23.156988785803776,0],[-46.350870174019299,-23.156881850117273,0],[-46.35088848241746,-23.156810648992249,0],[-46.350906112726875,-23.156738798556656,0],[-46.350904065869884,-23.156666360863827,0],[-46.350941922831453,-23.15659536208625,0],[-46.350979797779416,-23.156524330033722,0],[-46.351036979373077,-23.156435733322382,0],[-46.351094007182667,-23.156364671592257,0],[-46.351150895597307,-23.15631094519393,0],[-46.351227276817333,-23.156257487692869,0],[-46.351284075299816,-23.156203501390451,0],[-46.351360255071647,-23.156149658080224,0],[-46.351417668690431,-23.156113955894281,0],[-46.351474398824394,-23.156059674614255,0],[-46.351530587566529,-23.156004495810802,0],[-46.351626148627815,-23.155968176689953,0],[-46.351703397693598,-23.155968595774013,0],[-46.351799940814601,-23.15596912097811,0],[-46.351896474042974,-23.15596964528287,0],[-46.352012286937452,-23.155970273908967,0],[-46.352089482043937,-23.155970693892364,0],[-46.352224551222044,-23.155971426839848,0],[-46.352301719348816,-23.155971845024602,0],[-46.35239816084642,-23.155972370228643,0],[-46.352513873916116,-23.155972997056093,0],[-46.352610281239436,-23.155973521360856,0],[-46.35268787294693,-23.156010505980021,0],[-46.352803256864775,-23.156010538355606,0],[-46.35288043668276,-23.156028969061637,0],[-46.352957822445489,-23.156065800795989,0],[-46.353034913230601,-23.15608425488443,0],[-46.353111912284874,-23.156084431151548,0],[-46.35318898058695,-23.156102875347361,0],[-46.353266118136794,-23.15613959826381,0],[-46.353342975997521,-23.156139478653991,0],[-46.353419909401282,-23.156157624274918,0],[-46.353496763664687,-23.156157540637935,0],[-46.35361225999776,-23.156194444318093,0],[-46.353689132247609,-23.156194685336406,0],[-46.353746867823638,-23.156231031436903,0],[-46.353842746345606,-23.156248202192739,0],[-46.353919536757196,-23.156265578893283,0],[-46.35399633616197,-23.156301237911762,0],[-46.354073194022646,-23.156318689256072,0],[-46.354149946662695,-23.156336672099695,0],[-46.354226759557264,-23.156354625265685,0],[-46.354303562559323,-23.156372576633039,0],[-46.354399551697895,-23.156407884915865,0],[-46.354457049852968,-23.156443885676801,0],[-46.354533711661418,-23.156479633728054,0],[-46.354610466100105,-23.156515489698073,0],[-46.354687136901809,-23.156551201776516,0],[-46.354763816696732,-23.156586750178352,0],[-46.3548405099815,-23.156622161883195,0],[-46.354897856151133,-23.156675700323262,0],[-46.354955321031184,-23.156711156994291,0],[-46.355012481940435,-23.156782714250813,0],[-46.355069757962895,-23.156836187939703,0],[-46.355126846926396,-23.15690765976063,0],[-46.355183720951914,-23.156997080251017,0],[-46.355221663349027,-23.157050649267997,0],[-46.355279008619334,-23.157086024100689,0],[-46.355316751366956,-23.157157361023344,0],[-46.355373822343999,-23.157228277063275,0],[-46.355411790821449,-23.157281436888766,0],[-46.355449519179899,-23.157352559772782,0],[-46.355506136898669,-23.157441271597353,0],[-46.355543964182573,-23.157494554629903,0],[-46.355581488394932,-23.15758354524441,0],[-46.355619266216138,-23.157636606144411,0],[-46.355656990977309,-23.157707264978239,0],[-46.355675645614497,-23.157777779021231,0],[-46.355693905449357,-23.157866115828536,0],[-46.355693187790337,-23.157936893372909,0],[-46.355692471030714,-23.158007616058573,0],[-46.355691816324217,-23.158078199349347,0],[-46.355691289321499,-23.158148584789309,0],[-46.355671355848351,-23.158254105842275,0],[-46.355632374734284,-23.158342096410575,0],[-46.355632050079009,-23.158394688763856,0],[-46.355631542861374,-23.158464859265784,0],[-46.355630820705763,-23.158552598023952,0],[-46.355611056305179,-23.158622870149316,0],[-46.355629499601662,-23.158692948920411,0],[-46.35568630168143,-23.158745536777069,0],[-46.355761473313315,-23.158798523033354,0],[-46.355856047818293,-23.158851106393399,0],[-46.355912695214663,-23.158903636693427,0],[-46.355930536864719,-23.158973872845937,0],[-46.355986802049259,-23.159043858087561,0],[-46.355329314895926,-23.159653667682569,0]]]},"properties":{"FID":32}},{"type":"Feature","id":33,"geometry":{"type":"Polygon","coordinates":[[[-46.281107275380407,-23.041602631356284,0],[-46.281189985129686,-23.04150370413257,0],[-46.281221197899939,-23.041478262311905,0],[-46.281241965943941,-23.041371065821995,0],[-46.281279319285098,-23.041288990094742,0],[-46.281319059427013,-23.041215915681899,0],[-46.281381519141746,-23.041165472708357,0],[-46.281391066344611,-23.041114213150369,0],[-46.281372345157543,-23.041059162050665,0],[-46.281409585184178,-23.040983833037458,0],[-46.281429030325462,-23.040868816942293,0],[-46.281505857609204,-23.04081770667176,0],[-46.281549256193166,-23.04074331205419,0],[-46.281574024421673,-23.040677243360079,0],[-46.281621044575502,-23.040600045555607,0],[-46.281648567427403,-23.04053631060216,0],[-46.281672725915541,-23.040490368735526,0],[-46.281784195983803,-23.040433938075754,0],[-46.281833838560772,-23.040324395254558,0],[-46.281976196744047,-23.040423719978673,0],[-46.281983283401765,-23.040509384000821,0],[-46.281999837222656,-23.040637574264615,0],[-46.282027569616616,-23.040734243290665,0],[-46.282033724576706,-23.040814341408712,0],[-46.282044618064617,-23.040952720091923,0],[-46.282074482751113,-23.041027234319351,0],[-46.282013709265236,-23.041189694149015,0],[-46.282020569293813,-23.04132576607125,0],[-46.28194463503683,-23.041399150750188,0],[-46.281878613107494,-23.041502088950203,0],[-46.281854706429492,-23.041630245939089,0],[-46.281855542799008,-23.041673311773856,0],[-46.281774263871128,-23.041669744163297,0],[-46.28167872619224,-23.041753656306131,0],[-46.281634257415021,-23.041797359760317,0],[-46.281599566966406,-23.041813293049014,0],[-46.281566622101884,-23.041790827084974,0],[-46.281502971684745,-23.041794838061271,0],[-46.281450121226044,-23.041768531992087,0],[-46.281403178413946,-23.041738456864277,0],[-46.281337289584194,-23.041731801881074,0],[-46.281247031824996,-23.041718822865345,0],[-46.281126671958305,-23.04178284919908,0],[-46.280978612972547,-23.04184239421107,0],[-46.280889072872363,-23.041860957117425,0],[-46.281081660889868,-23.041703127896998,0],[-46.281107275380407,-23.041602631356284,0]]]},"properties":{"FID":33}},{"type":"Feature","id":34,"geometry":{"type":"Polygon","coordinates":[[[-46.282444426968716,-23.041819431821303,0],[-46.28240897659294,-23.041687014743907,0],[-46.282420764006993,-23.041640368707991,0],[-46.282416931995797,-23.041490263764594,0],[-46.282991187793016,-23.042135370850673,0],[-46.282766588407291,-23.041972112423018,0],[-46.282616828803555,-23.041872731041682,0],[-46.282488953302511,-23.041880704430934,0],[-46.282444426968716,-23.041819431821303,0]]]},"properties":{"FID":34}},{"type":"Feature","id":35,"geometry":{"type":"Polygon","coordinates":[[[-46.284917365643878,-23.041156227677725,0],[-46.284874244051082,-23.041285418886908,0],[-46.2847725082446,-23.041480557381799,0],[-46.284732525285797,-23.041547549679667,0],[-46.284718321393377,-23.041598406341347,0],[-46.284663898020433,-23.041720748313828,0],[-46.284534871387159,-23.041997949945372,0],[-46.284202544911466,-23.041860638757434,0],[-46.283782108257647,-23.042169058555171,0],[-46.283643518233774,-23.04218415727297,0],[-46.283423252680912,-23.042447982388396,0],[-46.283434966350583,-23.042576851640316,0],[-46.283760159403819,-23.042703397044093,0],[-46.284252850288794,-23.042591218310015,0],[-46.284528381879298,-23.042442521704981,0],[-46.28448707601769,-23.042191397714753,0],[-46.28455051779212,-23.04203193712414,0],[-46.284623627278506,-23.042605648831561,0],[-46.284575837304999,-23.042695421856212,0],[-46.284517572927598,-23.042853233989494,0],[-46.284488468168206,-23.042962751629677,0],[-46.284483146879673,-23.043038989857457,0],[-46.284374796559568,-23.04304413308023,0],[-46.284312912410961,-23.043171585899927,0],[-46.283493637221504,-23.043466569826293,0],[-46.283103783812535,-23.043152379079,0],[-46.283099280007718,-23.042677001942035,0],[-46.283011498981473,-23.042666071581891,0],[-46.283160834105161,-23.042155962627575,0],[-46.283339979056741,-23.041958606404535,0],[-46.283518147344573,-23.041518524060567,0],[-46.284025604198234,-23.041205669705846,0],[-46.284917365643878,-23.041156227677725,0]]]},"properties":{"FID":35}},{"type":"Feature","id":36,"geometry":{"type":"Polygon","coordinates":[[[-46.284230179279291,-23.043716677582548,0],[-46.284404136941305,-23.043621848569394,0],[-46.284366670285578,-23.043462218006972,0],[-46.284676779010105,-23.043615316793375,0],[-46.284799975338565,-23.043726961330144,0],[-46.285128789961618,-23.043476537911832,0],[-46.285127317771476,-23.043794477932757,0],[-46.285039317310577,-23.043782981899064,0],[-46.284840514977759,-23.043792771918845,0],[-46.284652651998272,-23.043811620809617,0],[-46.284596346344252,-23.043862601577761,0],[-46.284457320149166,-23.043947502075522,0],[-46.284374782170417,-23.043911123599468,0],[-46.284248913056842,-23.044007512936329,0],[-46.284227007370475,-23.043910128949225,0],[-46.28424545966022,-23.043860502560111,0],[-46.284176079662295,-23.043849117142958,0],[-46.284230179279291,-23.043716677582548,0]]]},"properties":{"FID":36}},{"type":"Feature","id":37,"geometry":{"type":"Polygon","coordinates":[[[-46.295472715693229,-23.0459274144186,0],[-46.295304680066863,-23.04569759986429,0],[-46.295341318447072,-23.04564501110832,0],[-46.295342644047771,-23.045643224155416,0],[-46.295730691618076,-23.046009539608544,0],[-46.295979989984517,-23.045997725214818,0],[-46.296044574797236,-23.046095280073082,0],[-46.296123609017286,-23.046001713708051,0],[-46.296124823102048,-23.045898109110396,0],[-46.296140271656157,-23.045916451682839,0],[-46.296445667933199,-23.04616046203564,0],[-46.296404432218708,-23.046404956223689,0],[-46.297165949349051,-23.04632615942467,0],[-46.297080983200765,-23.046844756180512,0],[-46.297880439130893,-23.046777430234165,0],[-46.297940968001228,-23.047019834397823,0],[-46.2977416530548,-23.047061859717026,0],[-46.297773418908093,-23.047125905835848,0],[-46.29808669864218,-23.04715238907152,0],[-46.298238416969305,-23.046966813967252,0],[-46.298941328879209,-23.04716465402549,0],[-46.29893312076689,-23.046978468281626,0],[-46.299324618136552,-23.047348200259197,0],[-46.299549599734185,-23.047598969916482,0],[-46.298844176917207,-23.047366153425163,0],[-46.29797721967293,-23.047269336011027,0],[-46.297397799069131,-23.047192702980805,0],[-46.297088905328678,-23.047238214072259,0],[-46.297096635001637,-23.047184863590545,0],[-46.29706828207555,-23.047063758185846,0],[-46.296898391147813,-23.046909801446134,0],[-46.296198903856308,-23.046789931709917,0],[-46.29603314981,-23.046731367858289,0],[-46.295897021230523,-23.046609169777295,0],[-46.295472715693229,-23.0459274144186,0]]]},"properties":{"FID":37}},{"type":"Feature","id":38,"geometry":{"type":"Polygon","coordinates":[[[-46.299715218882255,-23.04313874895406,0],[-46.299811130679068,-23.04300431739529,0],[-46.299950352027111,-23.042944718424003,0],[-46.299842374026312,-23.04299916607863,0],[-46.299575051447448,-23.04360458967999,0],[-46.299480786309175,-23.043700038326055,0],[-46.299438510079149,-23.043697524720905,0],[-46.299244413898528,-23.043686990062515,0],[-46.299081679775675,-23.043729819375642,0],[-46.299123911938921,-23.043940887561863,0],[-46.298955771991245,-23.043962509062506,0],[-46.298876773744091,-23.043852933865789,0],[-46.298813012710355,-23.043725323664731,0],[-46.298639555071354,-23.043591235646932,0],[-46.298558158332305,-23.043530704978025,0],[-46.298395229056553,-23.043717175806979,0],[-46.298339496270671,-23.04398408919435,0],[-46.298111128725573,-23.044205039131196,0],[-46.297824198228113,-23.044416010190691,0],[-46.297829637327879,-23.044631255727833,0],[-46.297869068102955,-23.044817944192747,0],[-46.297980215314624,-23.045151722174182,0],[-46.298119456447701,-23.045220386311708,0],[-46.298174961705058,-23.045215776386957,0],[-46.298267754653125,-23.04506418306557,0],[-46.298231440028871,-23.044996932662293,0],[-46.298396551059966,-23.044973774220239,0],[-46.298496993641315,-23.045051192358581,0],[-46.298796800631798,-23.045005359309833,0],[-46.298795794290413,-23.045107932385129,0],[-46.298869944292441,-23.045113924567932,0],[-46.298814409357483,-23.045295567836177,0],[-46.298836899603202,-23.045314449102491,0],[-46.298920469104303,-23.045345979333426,0],[-46.298949093625723,-23.045317556260169,0],[-46.299040355927623,-23.045275051602289,0],[-46.299086931816419,-23.045199191089758,0],[-46.299241444337156,-23.045237074131641,0],[-46.29932407944267,-23.045307438887189,0],[-46.299465419593382,-23.045374206354499,0],[-46.299420189090419,-23.045481433421344,0],[-46.299268512132073,-23.04547659057215,0],[-46.299153736155972,-23.045624536243299,0],[-46.299010437281822,-23.045667007626268,0],[-46.298710366789983,-23.045445658390349,0],[-46.297765899676506,-23.045442725701196,0],[-46.297318868271134,-23.045056081972582,0],[-46.297322199360011,-23.045031427058664,0],[-46.297224462838642,-23.044932970180412,0],[-46.296646389419266,-23.045316440201532,0],[-46.296404972711294,-23.044938334636409,0],[-46.296946984215886,-23.044382482565481,0],[-46.297747182986086,-23.044020445187357,0],[-46.297716631217497,-23.043884333695022,0],[-46.297963275684602,-23.043719276623268,0],[-46.298145192346681,-23.043851995872842,0],[-46.298178919621414,-23.043815347600187,0],[-46.298023352195919,-23.043576588388792,0],[-46.297744269182658,-23.043427035629129,0],[-46.297700288737303,-23.043547772311804,0],[-46.297586180058161,-23.043523248698939,0],[-46.297721719581666,-23.04327639558915,0],[-46.297778660157007,-23.043134400731962,0],[-46.298233191908253,-23.042981549259039,0],[-46.298438105134395,-23.043436495597781,0],[-46.299076105777608,-23.043329765855947,0],[-46.299450000716945,-23.04345899123939,0],[-46.299715218882255,-23.04313874895406,0]]]},"properties":{"FID":38}},{"type":"Feature","id":39,"geometry":{"type":"Polygon","coordinates":[[[-46.300076837176277,-23.042583655011644,0],[-46.300175750010794,-23.042002531991226,0],[-46.300429788703752,-23.041508365318755,0],[-46.300302311602366,-23.041172401984753,0],[-46.300730769309496,-23.041753782211224,0],[-46.301501728422011,-23.042131857199433,0],[-46.301167200405928,-23.042568464562912,0],[-46.300830144395597,-23.042686988913367,0],[-46.300584490082102,-23.04275139206306,0],[-46.300536255843497,-23.042785327980482,0],[-46.300356824907503,-23.042739751238475,0],[-46.300078294077991,-23.042889947013432,0],[-46.300076837176277,-23.042583655011644,0]]]},"properties":{"FID":39}},{"type":"Feature","id":40,"geometry":{"type":"Polygon","coordinates":[[[-46.295972122715234,-23.04180675317906,0],[-46.295890486756498,-23.041742671986707,0],[-46.295161995429687,-23.040044606273518,0],[-46.295278684263849,-23.039637288929676,0],[-46.294540071067395,-23.038665099314798,0],[-46.294943271314892,-23.038976262944118,0],[-46.29544233839318,-23.03982387397258,0],[-46.295486139873397,-23.040487523280547,0],[-46.295854995911277,-23.041002058698005,0],[-46.296161584689351,-23.041289538681205,0],[-46.29652307887693,-23.041396347563364,0],[-46.296853274858741,-23.041847800935219,0],[-46.297113327318208,-23.042203347906156,0],[-46.297289926289011,-23.042603533626107,0],[-46.297278099304776,-23.042736099990975,0],[-46.297270387618255,-23.042717638708051,0],[-46.297142728853828,-23.042490470858503,0],[-46.297002091972907,-23.042492772223632,0],[-46.296914951263943,-23.04250177713525,0],[-46.296839601566326,-23.042688459304877,0],[-46.296832585055725,-23.042747557353842,0],[-46.296775257771912,-23.04275963255094,0],[-46.296711336658809,-23.042726207448474,0],[-46.296662380264593,-23.042543244874864,0],[-46.296464786620582,-23.042210932788308,0],[-46.296214186935124,-23.042466464355812,0],[-46.295972122715234,-23.04180675317906,0]]]},"properties":{"FID":40}},{"type":"Feature","id":41,"geometry":{"type":"Polygon","coordinates":[[[-46.296286799096436,-23.042799169446077,0],[-46.296341978799269,-23.042822877373865,0],[-46.296417914854828,-23.04291259913709,0],[-46.296628841847514,-23.043047304089789,0],[-46.296766162028689,-23.043136793827959,0],[-46.296768916652127,-23.043266494952718,0],[-46.296971798309812,-23.043433337178715,0],[-46.297086534715781,-23.043349484391182,0],[-46.297224034761385,-23.04324068800728,0],[-46.29733401735097,-23.043345241389723,0],[-46.297540924374125,-23.04348605363845,0],[-46.297585555029286,-23.043308856618427,0],[-46.297471326740322,-23.043159577252649,0],[-46.297727650610568,-23.042913859986584,0],[-46.297800697144403,-23.043079444960394,0],[-46.297721719581666,-23.04327639558915,0],[-46.297586180058161,-23.043523248698939,0],[-46.297204423245489,-23.043759058133954,0],[-46.296862772598843,-23.043984814947176,0],[-46.296795080628442,-23.043959596158402,0],[-46.296376035225826,-23.043901281418979,0],[-46.296496551574542,-23.04383494922352,0],[-46.296306526624846,-23.043523736131494,0],[-46.29598379501607,-23.04345912074178,0],[-46.296286799096436,-23.042799169446077,0]]]},"properties":{"FID":41}},{"type":"Feature","id":42,"geometry":{"type":"Polygon","coordinates":[[[-46.29733401735097,-23.043345241389723,0],[-46.297224034761385,-23.04324068800728,0],[-46.297431272735025,-23.042941274020507,0],[-46.297349754587458,-23.042909725803156,0],[-46.297363796601886,-23.042782272084136,0],[-46.297278099304776,-23.042736099990975,0],[-46.297289926289011,-23.042603533626107,0],[-46.297533147936413,-23.042728191352939,0],[-46.297727650610568,-23.042913859986584,0],[-46.297471326740322,-23.043159577252649,0],[-46.297585555029286,-23.043308856618427,0],[-46.297540924374125,-23.04348605363845,0],[-46.29733401735097,-23.043345241389723,0]]]},"properties":{"FID":42}},{"type":"Feature","id":43,"geometry":{"type":"Polygon","coordinates":[[[-46.298003212777985,-23.039975118357042,0],[-46.298206630431615,-23.040045743915918,0],[-46.299183636815371,-23.040024081046457,0],[-46.298960938596394,-23.040159189794739,0],[-46.298706263183476,-23.040463272162246,0],[-46.298903087907149,-23.04078346858218,0],[-46.298783213674305,-23.041149230952232,0],[-46.298764536554074,-23.041143987904654,0],[-46.298818851109061,-23.041304344220034,0],[-46.298732226610923,-23.041546321205718,0],[-46.299029698961419,-23.041977232263449,0],[-46.29898891290798,-23.042163196774077,0],[-46.298003988892951,-23.041973551338319,0],[-46.297497870230487,-23.041322440378277,0],[-46.297934134952293,-23.040145531790809,0],[-46.298003212777985,-23.039975118357042,0]]]},"properties":{"FID":43}},{"type":"Feature","id":44,"geometry":{"type":"Polygon","coordinates":[[[-46.294119043558965,-23.046729341685708,0],[-46.293828859314374,-23.04670002558569,0],[-46.293522770559385,-23.046401831079603,0],[-46.293310073700923,-23.046458055794588,0],[-46.293087926766347,-23.046349513019553,0],[-46.292957008858828,-23.046166242877767,0],[-46.292922322007485,-23.046028387599964,0],[-46.292951054447556,-23.045964253347577,0],[-46.293041910255909,-23.045918128019146,0],[-46.293118346334559,-23.045875459684645,0],[-46.29322998637474,-23.045800064121639,0],[-46.293255990271689,-23.045749175084325,0],[-46.293285868448045,-23.045700992107086,0],[-46.293329394735743,-23.045653254294226,0],[-46.293348406403766,-23.045640859837761,0],[-46.293283848570695,-23.045489523722484,0],[-46.293258767378184,-23.045404429870484,0],[-46.293621475650525,-23.044739651913353,0],[-46.293716828069137,-23.04460386687493,0],[-46.293823702601749,-23.044381186642394,0],[-46.294240937669088,-23.043678617374272,0],[-46.294246095281046,-23.043825918231533,0],[-46.294363300325969,-23.043990077779835,0],[-46.29455867444323,-23.044161695405879,0],[-46.294814342707696,-23.044304052689821,0],[-46.294880430287606,-23.044340851149339,0],[-46.295082052894379,-23.044330849788832,0],[-46.295411372936478,-23.04438897656998,0],[-46.295640793587722,-23.044450890396202,0],[-46.295365621726035,-23.044770614672089,0],[-46.295264480371429,-23.045182612087835,0],[-46.295165070211795,-23.045154382368818,0],[-46.294948249961763,-23.044937095370585,0],[-46.294875391386135,-23.044926040904063,0],[-46.294988796795508,-23.045187659083208,0],[-46.294863075170724,-23.045430574961014,0],[-46.295040500618533,-23.045430367217644,0],[-46.29506115534798,-23.045493998749016,0],[-46.295272185762727,-23.045553788376591,0],[-46.295207983161838,-23.045677546781278,0],[-46.294977728839058,-23.045901021115185,0],[-46.294119043558965,-23.046729341685708,0]]]},"properties":{"FID":44}},{"type":"Feature","id":45,"geometry":{"type":"Polygon","coordinates":[[[-46.290750627439479,-23.045307875058409,0],[-46.290486962403349,-23.045181745141409,0],[-46.29039681076415,-23.04491028298316,0],[-46.290347077355705,-23.044446417168395,0],[-46.290279763100571,-23.044449331871107,0],[-46.29022025406141,-23.044439049922179,0],[-46.290353699963248,-23.043541132617126,0],[-46.290364034072866,-23.042482837412997,0],[-46.290529331263599,-23.042006919783482,0],[-46.290685375329765,-23.041533460001137,0],[-46.290794490972942,-23.041185136384907,0],[-46.291056714395843,-23.041253813112949,0],[-46.291116482439698,-23.041125455575322,0],[-46.291359509833455,-23.041037882292443,0],[-46.291320562893645,-23.041593925918889,0],[-46.29150042460487,-23.041535702910352,0],[-46.291835921190795,-23.042787965692018,0],[-46.291706846893419,-23.042845097822976,0],[-46.290854572880164,-23.04317969328816,0],[-46.290868300131883,-23.043453321913191,0],[-46.29052527172388,-23.043586143685559,0],[-46.290538832600987,-23.044176063874204,0],[-46.290521085379744,-23.044515675757818,0],[-46.290556898182281,-23.044617582435432,0],[-46.290659315674816,-23.045037080197066,0],[-46.290750627439479,-23.045307875058409,0]]]},"properties":{"FID":45}},{"type":"Feature","id":46,"geometry":{"type":"Polygon","coordinates":[[[-46.287495852351626,-23.044812181337115,0],[-46.287439102432586,-23.044713672298077,0],[-46.287526707191716,-23.044669037146335,0],[-46.287537327285804,-23.044730827765463,0],[-46.287712422590189,-23.044852307288139,0],[-46.287781810681963,-23.044983632588547,0],[-46.287914228658686,-23.045053670890134,0],[-46.288027157427329,-23.044887712697737,0],[-46.288144348982478,-23.044968875613055,0],[-46.288227962550373,-23.045086411608565,0],[-46.288342253791939,-23.045053526099306,0],[-46.288457013580292,-23.045028837910476,0],[-46.288673215996091,-23.045011713020092,0],[-46.28882069222113,-23.045052933446069,0],[-46.288959867703674,-23.0451490170135,0],[-46.289081314850769,-23.045314202688267,0],[-46.289220302374979,-23.045420231858159,0],[-46.289341063339357,-23.045485649443112,0],[-46.289473055936746,-23.045490479701765,0],[-46.289669300597737,-23.045502065667737,0],[-46.289815134660678,-23.045525831152155,0],[-46.28953139136059,-23.045784891659373,0],[-46.289399493192036,-23.045924371112786,0],[-46.28930747006364,-23.046004587941372,0],[-46.289064225033961,-23.045888258836044,0],[-46.288965326588482,-23.045745207275427,0],[-46.288972683942177,-23.045630118335222,0],[-46.28886922143738,-23.045476978180009,0],[-46.288633090944352,-23.045206114970188,0],[-46.288395980190273,-23.045279209168147,0],[-46.288101589816449,-23.045426161088425,0],[-46.287813171840369,-23.045461304795332,0],[-46.287800929369332,-23.045296538204674,0],[-46.287736712379342,-23.045148626707718,0],[-46.287736671010528,-23.045148533178235,0],[-46.287486546167138,-23.045044681266969,0],[-46.287291048842803,-23.044940221414052,0],[-46.287212191789195,-23.044852856773904,0],[-46.287344268922823,-23.044750507629765,0],[-46.287413400707862,-23.044837472970997,0],[-46.287495852351626,-23.044812181337115,0]]]},"properties":{"FID":46}},{"type":"Feature","id":47,"geometry":{"type":"Polygon","coordinates":[[[-46.284899493416845,-23.045122064331732,0],[-46.284992265680515,-23.044916395675095,0],[-46.285138913629908,-23.044782057645826,0],[-46.285257670904741,-23.044537883616389,0],[-46.285373032339514,-23.044607313077012,0],[-46.285424713679561,-23.044850597676888,0],[-46.285376019887337,-23.045071279615801,0],[-46.285399448125993,-23.045124286556533,0],[-46.2854550810871,-23.045117529950005,0],[-46.285601881021933,-23.044991057391311,0],[-46.285727589156856,-23.044709091151624,0],[-46.285592969639822,-23.045420104154456,0],[-46.28558967542314,-23.045437507834684,0],[-46.285518460808305,-23.045774757199226,0],[-46.285578405119281,-23.046517216796083,0],[-46.285379997588798,-23.046498019867659,0],[-46.28508548490715,-23.046480428229131,0],[-46.284597885084281,-23.046497304007389,0],[-46.284481945385437,-23.046464304284147,0],[-46.2844948839317,-23.046425371733466,0],[-46.284596813092435,-23.046354420619995,0],[-46.284627900856876,-23.046333277558688,0],[-46.284642858381176,-23.046259773269863,0],[-46.284682656079667,-23.046166051322192,0],[-46.28470987586001,-23.046020021206971,0],[-46.284667876621143,-23.045900238705038,0],[-46.28484354119643,-23.045657860621702,0],[-46.284995957397484,-23.045495702964281,0],[-46.28488337037119,-23.045324732850073,0],[-46.284899493416845,-23.045122064331732,0]]]},"properties":{"FID":47}},{"type":"Feature","id":48,"geometry":{"type":"Polygon","coordinates":[[[-46.281957409007191,-23.040006768197777,0],[-46.282094998984981,-23.039869512767805,0],[-46.28288551205668,-23.040382043596367,0],[-46.282999785311809,-23.040150570692216,0],[-46.283615147321136,-23.039932950944884,0],[-46.283795716798871,-23.039927344571268,0],[-46.283844914211386,-23.040111630946974,0],[-46.284079532044714,-23.040381564257753,0],[-46.284481623428128,-23.040296482996261,0],[-46.284723147155503,-23.040191238035185,0],[-46.284932728762378,-23.040782204135382,0],[-46.284918472709315,-23.041156544239069,0],[-46.284025604198234,-23.041205669705846,0],[-46.283518147344573,-23.041518524060567,0],[-46.283339757823512,-23.041959153192316,0],[-46.283160834105161,-23.042155962627575,0],[-46.282881486691224,-23.043109117191968,0],[-46.282619517776482,-23.042990395890001,0],[-46.283003075931177,-23.042148725783012,0],[-46.282416931995797,-23.041490263764594,0],[-46.282323561682972,-23.041100115377969,0],[-46.28234296905277,-23.041098192627452,0],[-46.282301078631811,-23.040736007760533,0],[-46.281957409007191,-23.040006768197777,0]]]},"properties":{"FID":48}},{"type":"Feature","id":49,"geometry":{"type":"Polygon","coordinates":[[[-46.283011339801469,-23.042666051796797,0],[-46.283099280007718,-23.042677001942035,0],[-46.283103782913209,-23.043152379079,0],[-46.283493637221504,-23.043466569826293,0],[-46.284312912410961,-23.043171585899927,0],[-46.284374796559568,-23.04304413308023,0],[-46.284798099352784,-23.043024038628459,0],[-46.285359885150527,-23.043512033253716,0],[-46.285333011609161,-23.043706787738035,0],[-46.285127317771476,-23.043794477932757,0],[-46.285128789961618,-23.043476537911832,0],[-46.284799975338565,-23.043726961330144,0],[-46.284676779010105,-23.043615316793375,0],[-46.284366670285578,-23.043462218006972,0],[-46.284404136941305,-23.043621848569394,0],[-46.284230179279291,-23.043716677582548,0],[-46.284176079662295,-23.043849117142958,0],[-46.283966465679782,-23.043800348707062,0],[-46.283904554551498,-23.04422780367014,0],[-46.283616556558798,-23.044333799565134,0],[-46.283420492661548,-23.044299968868412,0],[-46.28324604756699,-23.044316683667954,0],[-46.283369174647639,-23.044083278120763,0],[-46.283376621933542,-23.043786695199799,0],[-46.283242087852038,-23.043616588434787,0],[-46.282990116700489,-23.043468649958193,0],[-46.282754843261394,-23.043375128559312,0],[-46.282566601667263,-23.043341721443241,0],[-46.282260999445498,-23.043371492600237,0],[-46.281919321819203,-23.043483434812639,0],[-46.282030730733609,-23.043259314765521,0],[-46.282619517776482,-23.042990395890001,0],[-46.282881486691224,-23.043109117191968,0],[-46.283011339801469,-23.042666051796797,0]]]},"properties":{"FID":49}},{"type":"Feature","id":50,"geometry":{"type":"Polygon","coordinates":[[[-46.284559831171237,-23.042008550254362,0],[-46.284486332278391,-23.042191423795146,0],[-46.284528381879298,-23.042442521704981,0],[-46.284254820703381,-23.04259075515915,0],[-46.283760093753301,-23.042703371863059,0],[-46.28343493937092,-23.042576560259974,0],[-46.283423252680912,-23.042447982388396,0],[-46.283643279014093,-23.042184183353367,0],[-46.28378293923123,-23.042168968622942,0],[-46.284202694198953,-23.041860529040147,0],[-46.284559831171237,-23.042008550254362,0]]]},"properties":{"FID":50}},{"type":"Feature","id":51,"geometry":{"type":"Polygon","coordinates":[[[-46.295486139873397,-23.040487523280547,0],[-46.295470810029826,-23.040112151654458,0],[-46.29544233839318,-23.03982387397258,0],[-46.295227529926535,-23.039421369800294,0],[-46.294943271314892,-23.038976262944118,0],[-46.29461627512098,-23.038722600167834,0],[-46.294240777589778,-23.038439266059253,0],[-46.293952617719064,-23.03822567257669,0],[-46.294353899712632,-23.038118217082005,0],[-46.294583189062912,-23.037851068072356,0],[-46.294903080612642,-23.037621055667167,0],[-46.295164125923648,-23.037465504429459,0],[-46.29518479234423,-23.036998670851922,0],[-46.29557105476033,-23.036538161307075,0],[-46.296388230032733,-23.036932320670029,0],[-46.296202850081443,-23.037360344004636,0],[-46.296265093958866,-23.038581553196089,0],[-46.29659426111624,-23.038906090643543,0],[-46.296370506193853,-23.039339204140916,0],[-46.296388114020203,-23.039346994967758,0],[-46.296640240754471,-23.040043897607774,0],[-46.296420546271179,-23.040456825821796,0],[-46.296592011012471,-23.040525010620669,0],[-46.296608088192684,-23.040535251200822,0],[-46.297088292890358,-23.039889538871069,0],[-46.297562202333722,-23.039983744654023,0],[-46.297934134952293,-23.040145531790809,0],[-46.297497870230487,-23.041322440378277,0],[-46.298003988892951,-23.041973551338319,0],[-46.29898891290798,-23.042163196774077,0],[-46.299029698961419,-23.041977232263449,0],[-46.298732226610923,-23.041546321205718,0],[-46.298818851109061,-23.041304344220034,0],[-46.298764536554074,-23.041143987904654,0],[-46.298783213674305,-23.041149230952232,0],[-46.298903087907149,-23.04078346858218,0],[-46.298706263183476,-23.040463272162246,0],[-46.298960938596394,-23.040159189794739,0],[-46.299734878062104,-23.039689646559925,0],[-46.300080134090891,-23.039077505922105,0],[-46.300622056562645,-23.038975884329545,0],[-46.3010511357013,-23.039180876696033,0],[-46.300839467667231,-23.039874237805808,0],[-46.300858250008154,-23.039879149003465,0],[-46.300562445000828,-23.040253158156702,0],[-46.300250526840273,-23.041035923568984,0],[-46.300429788703752,-23.041508365318755,0],[-46.300175750010794,-23.042002531991226,0],[-46.300076837176277,-23.042583655011644,0],[-46.299915161555418,-23.042795632412457,0],[-46.298955461725143,-23.042831091781409,0],[-46.298051894879002,-23.042777853714945,0],[-46.297727650610568,-23.042913859986584,0],[-46.297533147936413,-23.042728191352939,0],[-46.297289926289011,-23.042603533626107,0],[-46.297113327318208,-23.042203347906156,0],[-46.296793770316185,-23.041769806331452,0],[-46.29652307887693,-23.041396347563364,0],[-46.296161584689351,-23.041289538681205,0],[-46.295854995911277,-23.041002058698005,0],[-46.295486139873397,-23.040487523280547,0]]]},"properties":{"FID":51}},{"type":"Feature","id":52,"geometry":{"type":"Polygon","coordinates":[[[-46.299915161555418,-23.042795632412457,0],[-46.300076837176277,-23.042583655011644,0],[-46.300078294077991,-23.042889947013432,0],[-46.299811130679068,-23.04300431739529,0],[-46.299715218882255,-23.04313874895406,0],[-46.299450000716945,-23.04345899123939,0],[-46.299076105777608,-23.043329765855947,0],[-46.298438105134395,-23.043436495597781,0],[-46.298233191908253,-23.042981549259039,0],[-46.297778660157007,-23.043134400731962,0],[-46.297800697144403,-23.043079444960394,0],[-46.297727650610568,-23.042913859986584,0],[-46.298051894879002,-23.042777853714945,0],[-46.298695284259907,-23.042815762837179,0],[-46.298955461725143,-23.042831091781409,0],[-46.299915161555418,-23.042795632412457,0]]]},"properties":{"FID":52}},{"type":"Feature","id":53,"geometry":{"type":"Polygon","coordinates":[[[-46.294133284323557,-23.046731010827457,0],[-46.293869442121036,-23.046972664057119,0],[-46.293695435895586,-23.04713177121425,0],[-46.293458762212104,-23.047302538081624,0],[-46.293129976367254,-23.047361441877001,0],[-46.292844381363068,-23.047250831560589,0],[-46.292963563117894,-23.04707883891723,0],[-46.293271685240029,-23.047184449003034,0],[-46.293345581633218,-23.047157036767771,0],[-46.293039975814168,-23.046911875282781,0],[-46.292797489812244,-23.046776764735853,0],[-46.292580043634075,-23.046293223553405,0],[-46.292489489098607,-23.045968815608354,0],[-46.292681366651721,-23.045910562922074,0],[-46.292801584425547,-23.045792674392402,0],[-46.292904814905235,-23.045712475550271,0],[-46.293038151989094,-23.045614450346537,0],[-46.293262352075828,-23.045397516781925,0],[-46.293348447772594,-23.045640695261852,0],[-46.293282128167618,-23.045694749912755,0],[-46.293232303028326,-23.045798499301249,0],[-46.293096362407141,-23.045890308391002,0],[-46.29296941410712,-23.045954931874579,0],[-46.292922295927148,-23.046067298566946,0],[-46.292962656601276,-23.046175360204654,0],[-46.293072616707832,-23.046341151123169,0],[-46.293316661234876,-23.0464565062627,0],[-46.293534561570723,-23.046415445016763,0],[-46.293823341074301,-23.046694689907945,0],[-46.294133284323557,-23.046731010827457,0]]]},"properties":{"FID":53}},{"type":"Feature","id":54,"geometry":{"type":"Polygon","coordinates":[[[-46.296445667933199,-23.04616046203564,0],[-46.296140271656157,-23.045916451682839,0],[-46.297318868271134,-23.045056081972582,0],[-46.297765899676506,-23.045442725701196,0],[-46.298710366789983,-23.045445658390349,0],[-46.299010437281822,-23.045667007626268,0],[-46.300280059677,-23.045907670702395,0],[-46.300280295299338,-23.045907805600692,0],[-46.299861902804537,-23.046920590612714,0],[-46.300476397867449,-23.047463198367886,0],[-46.300967289208984,-23.047384638989858,0],[-46.301464417348939,-23.046567002365222,0],[-46.301410354604116,-23.047322077651689,0],[-46.301054525246116,-23.047551803173114,0],[-46.301010674303143,-23.048029086872816,0],[-46.301306714932871,-23.048108802778984,0],[-46.302506515763078,-23.046862783090944,0],[-46.303152473607717,-23.047232774972546,0],[-46.303659489793581,-23.047744778798457,0],[-46.304083469776295,-23.048460906245783,0],[-46.30337237403581,-23.048691778402841,0],[-46.30270899272579,-23.047703489124668,0],[-46.302606589622378,-23.047937252602122,0],[-46.301696448732059,-23.04854081820417,0],[-46.301399313627378,-23.04893436602811,0],[-46.300905488697303,-23.048622688885917,0],[-46.300327152675891,-23.048215001920756,0],[-46.299553259974914,-23.047603049241275,0],[-46.299324618136552,-23.047348200259197,0],[-46.29893312076689,-23.046978468281626,0],[-46.298988613433721,-23.046861375651954,0],[-46.297880439130893,-23.046777430234165,0],[-46.297080983200765,-23.046844756180512,0],[-46.297165949349051,-23.04632615942467,0],[-46.296404432218708,-23.046404956223689,0],[-46.296445667933199,-23.04616046203564,0]]]},"properties":{"FID":54}},{"type":"Feature","id":55,"geometry":{"type":"Polygon","coordinates":[[[-46.297744269182658,-23.043427035629129,0],[-46.298023352195919,-23.043576588388792,0],[-46.298178919621414,-23.043815347600187,0],[-46.298145192346681,-23.043851995872842,0],[-46.297963275684602,-23.043719276623268,0],[-46.297716631217497,-23.043884333695022,0],[-46.297747182986086,-23.044020445187357,0],[-46.296946984215886,-23.044382482565481,0],[-46.296404972711294,-23.044938334636409,0],[-46.296646389419266,-23.045316440201532,0],[-46.297224462838642,-23.044932970180412,0],[-46.297322199360011,-23.045031427058664,0],[-46.296124823102048,-23.045898109110396,0],[-46.296123609017286,-23.046001713708051,0],[-46.296044574797236,-23.046095280073082,0],[-46.295979989984517,-23.045997725214818,0],[-46.295730691618076,-23.046009539608544,0],[-46.295342644047771,-23.045643224155416,0],[-46.295911191848006,-23.04487705663081,0],[-46.296093298267067,-23.044761925422439,0],[-46.296298492981009,-23.044654048145809,0],[-46.296603491757708,-23.044311922657094,0],[-46.296862772598843,-23.043984814947176,0],[-46.297204423245489,-23.043759058133954,0],[-46.297586180058161,-23.043523248698939,0],[-46.297700288737303,-23.043547772311804,0],[-46.297744269182658,-23.043427035629129,0]]]},"properties":{"FID":55}},{"type":"Feature","id":56,"geometry":{"type":"Polygon","coordinates":[[[-46.301410354604116,-23.047322077651689,0],[-46.301463096244845,-23.046585446561057,0],[-46.302505978867778,-23.046863339771306,0],[-46.301328556767444,-23.048086120977626,0],[-46.301410354604116,-23.047322077651689,0]]]},"properties":{"FID":56}},{"type":"Feature","id":57,"geometry":{"type":"Polygon","coordinates":[[[-46.298934611842817,-23.046975323352449,0],[-46.298940301853406,-23.047164365343093,0],[-46.29823969580525,-23.046967173696089,0],[-46.29808669864218,-23.04715238907152,0],[-46.297773418908093,-23.047125905835848,0],[-46.2977416530548,-23.047061859717026,0],[-46.297940968001228,-23.047019834397823,0],[-46.297876031553585,-23.04677780075485,0],[-46.298988613433721,-23.046861375651954,0],[-46.298934611842817,-23.046975323352449,0]]]},"properties":{"FID":57}},{"type":"Feature","id":58,"geometry":{"type":"Polygon","coordinates":[[[-46.289734017610805,-23.043389118413046,0],[-46.289381108351442,-23.042958910625231,0],[-46.289157786902308,-23.043203290599369,0],[-46.288758800877936,-23.043034300792332,0],[-46.287808673431471,-23.043047524423699,0],[-46.287596711319111,-23.043347669559239,0],[-46.287419398286559,-23.043152070611551,0],[-46.287641936426155,-23.042978892661726,0],[-46.28774186999123,-23.042981498897035,0],[-46.28782032504791,-23.042937729792332,0],[-46.287866595167209,-23.042887053894368,0],[-46.287960533851503,-23.042789060166964,0],[-46.287993312341428,-23.042682415860781,0],[-46.288044549416391,-23.04256443829815,0],[-46.288001953927001,-23.042435008768646,0],[-46.28809169277735,-23.042365274437831,0],[-46.287939352119338,-23.041567142309692,0],[-46.287982461121665,-23.041440703025966,0],[-46.288068619770961,-23.041484470332041,0],[-46.288219029584539,-23.041567546105295,0],[-46.288264740325474,-23.041606510132276,0],[-46.288353611330081,-23.041679661886864,0],[-46.288435931672886,-23.041749163293211,0],[-46.288472087117114,-23.041807203739452,0],[-46.2884721356805,-23.041863233301513,0],[-46.288477212353428,-23.041983016702822,0],[-46.28990503628836,-23.042891124225953,0],[-46.289734017610805,-23.043389118413046,0]]]},"properties":{"FID":58}},{"type":"Feature","id":59,"geometry":{"type":"Polygon","coordinates":[[[-46.287726176821543,-23.046768887574071,0],[-46.287812407416652,-23.046522059645273,0],[-46.287828023244629,-23.046371326975169,0],[-46.287695550409296,-23.045913743824208,0],[-46.287858397846719,-23.045703611832177,0],[-46.287813171840369,-23.045461304795332,0],[-46.288101589816449,-23.045426161088425,0],[-46.288395980190273,-23.045279209168147,0],[-46.288633090944352,-23.045206114970188,0],[-46.28886922143738,-23.045476978180009,0],[-46.288972683942177,-23.045630118335222,0],[-46.288965326588482,-23.045745207275427,0],[-46.289064225033961,-23.045888258836044,0],[-46.28930747006364,-23.046004587941372,0],[-46.289108558912801,-23.046177981728423,0],[-46.288737567884425,-23.046417574611326,0],[-46.288356588085996,-23.046533559276273,0],[-46.287763790966153,-23.046817218040136,0],[-46.287726176821543,-23.046768887574071,0]]]},"properties":{"FID":59}},{"type":"Feature","id":60,"geometry":{"type":"Polygon","coordinates":[[[-46.285518460808305,-23.045774757199226,0],[-46.28558967542314,-23.045437507834684,0],[-46.285727589156856,-23.044709091151624,0],[-46.286287715705505,-23.044433483118766,0],[-46.286541796666548,-23.044394087417199,0],[-46.286785048890863,-23.044457850249561,0],[-46.28687005281062,-23.044871845059586,0],[-46.286635768625786,-23.045329948018651,0],[-46.286493434724193,-23.045873086373781,0],[-46.286531074049783,-23.046016566910968,0],[-46.286800860771045,-23.046047056626314,0],[-46.286927932278218,-23.045767013137091,0],[-46.287018311445877,-23.045771777745308,0],[-46.286956653027062,-23.046124364148056,0],[-46.286836338126477,-23.046812376989578,0],[-46.285578405119281,-23.046517216796083,0],[-46.285518460808305,-23.045774757199226,0]]]},"properties":{"FID":60}},{"type":"Feature","id":61,"geometry":{"type":"Polygon","coordinates":[[[-46.286598112213085,-23.037061288847404,0],[-46.28657700962129,-23.036966455337613,0],[-46.286639822769587,-23.036871398795988,0],[-46.286903228800952,-23.036765273398604,0],[-46.286956629644692,-23.036669841839679,0],[-46.287157189252866,-23.036318199725105,0],[-46.287299969218175,-23.035904239089273,0],[-46.287221016836448,-23.035586419577555,0],[-46.287250574854113,-23.035311974368089,0],[-46.287401078197149,-23.035237572555889,0],[-46.28758505880338,-23.035241730121665,0],[-46.287597153785548,-23.035316088766422,0],[-46.287499150165615,-23.035602860983204,0],[-46.287548091271333,-23.035741570616963,0],[-46.287512812666151,-23.035924391097751,0],[-46.287523267284939,-23.036215221055546,0],[-46.287602720589064,-23.0363177707485,0],[-46.287502209659181,-23.036520540890198,0],[-46.287399585322582,-23.036648688885844,0],[-46.287417200343498,-23.036774014808891,0],[-46.287528191073136,-23.037034347856828,0],[-46.287883445764351,-23.037100539758061,0],[-46.288137701193932,-23.036865457874519,0],[-46.288259923556616,-23.03672119132991,0],[-46.28834673871097,-23.03674382186982,0],[-46.288411269564399,-23.036636666748709,0],[-46.28847885991145,-23.0366501520828,0],[-46.288456825621957,-23.036986875343977,0],[-46.288641529283097,-23.036803044924511,0],[-46.288729092673464,-23.036691058645374,0],[-46.288858633718917,-23.036622599553269,0],[-46.289208532947384,-23.036533187156806,0],[-46.289358781782312,-23.036503837781833,0],[-46.289546643862487,-23.03666234958774,0],[-46.289629965150723,-23.036795630014304,0],[-46.289717008732914,-23.036880352446268,0],[-46.28970446229107,-23.036994355005447,0],[-46.289627025266959,-23.037044535376939,0],[-46.289580958394481,-23.037157789700206,0],[-46.289399736908315,-23.037196722250872,0],[-46.289256418249067,-23.037312503669057,0],[-46.289116569174276,-23.037345760598342,0],[-46.288768089975349,-23.037350795003132,0],[-46.288645976430644,-23.037243860215945,0],[-46.288561014778963,-23.03733097844184,0],[-46.288503715374134,-23.037453509271991,0],[-46.288300793246954,-23.037611926649056,0],[-46.288189326775978,-23.037684673708672,0],[-46.288006170848064,-23.037874380298376,0],[-46.287897059701493,-23.037970175183389,0],[-46.287820504012991,-23.0382023729411,0],[-46.28781864781228,-23.038460878566685,0],[-46.287824208320501,-23.03866695821354,0],[-46.287914458885155,-23.03879538679762,0],[-46.28788963759667,-23.038893484846433,0],[-46.287855442674456,-23.03896129372869,0],[-46.287987283286441,-23.039066615132125,0],[-46.288102304777524,-23.039313275786974,0],[-46.288102735552734,-23.039509524944538,0],[-46.288016506756321,-23.039682048187984,0],[-46.287896277291338,-23.03979811109388,0],[-46.287774221303209,-23.03990285333396,0],[-46.287800738713081,-23.03998523303207,0],[-46.287747558203193,-23.040020699595559,0],[-46.287673140203196,-23.040039668096142,0],[-46.287561046904727,-23.039948230426429,0],[-46.287436121180001,-23.039725321766131,0],[-46.287395726331681,-23.03958943330565,0],[-46.287404485728423,-23.039476130419015,0],[-46.287486127083071,-23.039398839085102,0],[-46.287498951415436,-23.039372181380987,0],[-46.287442625077063,-23.039184624171021,0],[-46.287440520663438,-23.038934441770973,0],[-46.287478212149715,-23.038840141559266,0],[-46.287448271020828,-23.038768256949481,0],[-46.287516177029879,-23.038693652789775,0],[-46.287562225915956,-23.038544369826777,0],[-46.287511952914251,-23.03832007710982,0],[-46.287420282320113,-23.038116099178595,0],[-46.287341599734987,-23.03796446268974,0],[-46.287104149936511,-23.037702857101124,0],[-46.286950243558856,-23.037491356340983,0],[-46.286826287303256,-23.037309371330355,0],[-46.286743942678754,-23.037116353436943,0],[-46.286598112213085,-23.037061288847404,0]]]},"properties":{"FID":61}},{"type":"Feature","id":62,"geometry":{"type":"Polygon","coordinates":[[[-46.287981500645678,-23.041438143555435,0],[-46.287844583360766,-23.041128473700041,0],[-46.287796410276115,-23.040982424699106,0],[-46.287708646336903,-23.040831450111298,0],[-46.287773947909322,-23.040783618768959,0],[-46.287880229788755,-23.040738117570008,0],[-46.287964591592591,-23.04071799523923,0],[-46.287993975141774,-23.04088211611673,0],[-46.28803670822748,-23.041110697700496,0],[-46.288052310565668,-23.041250103409478,0],[-46.288319072866891,-23.041463257123553,0],[-46.288436874162358,-23.041441515113803,0],[-46.288572304867955,-23.041348595361342,0],[-46.288837675917989,-23.041331259130232,0],[-46.288941430702451,-23.041259107421805,0],[-46.288919943200781,-23.041152661865787,0],[-46.288876034701225,-23.041107309954366,0],[-46.288962215833585,-23.041112224749366,0],[-46.289034326173187,-23.041167634678576,0],[-46.289110264926769,-23.041279796325508,0],[-46.288963292322023,-23.041337108320885,0],[-46.288473436100162,-23.041796005381293,0],[-46.288417506362812,-23.041726147843406,0],[-46.288306782731809,-23.041645591970457,0],[-46.288220116864863,-23.041565029802261,0],[-46.287981500645678,-23.041438143555435,0]]]},"properties":{"FID":62}},{"type":"Feature","id":63,"geometry":{"type":"Polygon","coordinates":[[[-46.305980052737198,-23.041133087222125,0],[-46.306138080707797,-23.041313166569356,0],[-46.306310950190145,-23.041594216399911,0],[-46.306851242191037,-23.041923005842033,0],[-46.307083162957554,-23.042292718933769,0],[-46.307373956043186,-23.042727453009487,0],[-46.307855973774103,-23.043005845343437,0],[-46.308151359697447,-23.043284225986241,0],[-46.307727977763932,-23.043780617581369,0],[-46.307336329308093,-23.04410903470416,0],[-46.307175381238828,-23.044234571068554,0],[-46.307183044361992,-23.04435514407459,0],[-46.307192876649886,-23.044639852347277,0],[-46.307071675917086,-23.044643816558853,0],[-46.306483700062643,-23.044236340035031,0],[-46.305985597956912,-23.043835713647258,0],[-46.305957501337566,-23.043814468962516,0],[-46.305761918577616,-23.043700360283371,0],[-46.305549415972713,-23.043664334341486,0],[-46.305563790736301,-23.043723031292814,0],[-46.30550112597615,-23.04388899218322,0],[-46.305286967719326,-23.044065009292694,0],[-46.304985234381036,-23.044290168956081,0],[-46.30451104524851,-23.044457853846865,0],[-46.304343136426553,-23.044476038138608,0],[-46.304159770057304,-23.044252207673193,0],[-46.303737245177672,-23.044096399229385,0],[-46.303588104307558,-23.044089300880497,0],[-46.303296464959828,-23.044190385577803,0],[-46.302969168392337,-23.044231937853628,0],[-46.303049100135809,-23.044089281994733,0],[-46.303193353190636,-23.043975792049146,0],[-46.303312132948541,-23.043880531361363,0],[-46.30358240800166,-23.04390303239899,0],[-46.303829379821998,-23.043834620970937,0],[-46.303951298213804,-23.04376118143335,0],[-46.304250133936478,-23.043751807799641,0],[-46.304588946322767,-23.043726623185087,0],[-46.305019041695402,-23.043748472214229,0],[-46.30522073894587,-23.043699210050516,0],[-46.305402384912107,-23.043643239843622,0],[-46.305447729628952,-23.043616231403924,0],[-46.305264669928526,-23.043451576329129,0],[-46.30506443857292,-23.043295525068391,0],[-46.304982668615196,-23.043070893307075,0],[-46.304816679845828,-23.042814036138793,0],[-46.304828546400245,-23.042711643827264,0],[-46.304881799755229,-23.042355931381106,0],[-46.304933651067074,-23.041931570085872,0],[-46.304953767102631,-23.041509350076417,0],[-46.304979990434163,-23.041367597136851,0],[-46.305002791845311,-23.04114929210613,0],[-46.305211396788479,-23.041176191727779,0],[-46.305839836739047,-23.041390421930373,0],[-46.305980052737198,-23.041133087222125,0]]]},"properties":{"FID":63}},{"type":"Feature","id":64,"geometry":{"type":"Polygon","coordinates":[[[-46.302973772021922,-23.043128029035245,0],[-46.302799629998901,-23.043036833283161,0],[-46.302546717257144,-23.042969454276811,0],[-46.302623656956143,-23.04279374833277,0],[-46.302643701945271,-23.042606002265128,0],[-46.302732858034922,-23.04239559508062,0],[-46.302912974254298,-23.04248601022114,0],[-46.302913834905496,-23.042558293230631,0],[-46.302983722121041,-23.042614265236125,0],[-46.303213340623131,-23.042765877443255,0],[-46.303463012208226,-23.042931484900073,0],[-46.303402593954509,-23.042997426789778,0],[-46.303374372329358,-23.043067573909358,0],[-46.303489241834995,-23.04309445374599,0],[-46.303602514144643,-23.04315699619842,0],[-46.303572601794095,-23.043228936566187,0],[-46.303478949094199,-23.043265094708318,0],[-46.303373252673452,-23.043198778700681,0],[-46.303268539211679,-23.043161500902485,0],[-46.303069037206292,-23.043184359870292,0],[-46.302973772021922,-23.043128029035245,0]]]},"properties":{"FID":64}},{"type":"Feature","id":65,"geometry":{"type":"Polygon","coordinates":[[[-46.300554066916625,-23.042886169860832,0],[-46.300488795921126,-23.042874848295579,0],[-46.300498245097913,-23.042812072019444,0],[-46.300584490082102,-23.04275139206306,0],[-46.300830144395597,-23.042686988913367,0],[-46.30101577885506,-23.042619511880908,0],[-46.301167200405928,-23.042568464562912,0],[-46.301219926758172,-23.042569267657555,0],[-46.301043468980879,-23.042699079398975,0],[-46.300884731445137,-23.04280319391221,0],[-46.300754238017639,-23.042889302199502,0],[-46.300554066916625,-23.042886169860832,0]]]},"properties":{"FID":65}},{"type":"Feature","id":66,"geometry":{"type":"Polygon","coordinates":[[[-46.295213617414454,-23.042337721908261,0],[-46.295503853819753,-23.041981560700457,0],[-46.295601421268543,-23.041681033352969,0],[-46.295972122715234,-23.04180675317906,0],[-46.296214186935124,-23.042466464355812,0],[-46.296464786620582,-23.042210932788308,0],[-46.296662380264593,-23.042543244874864,0],[-46.296317447092463,-23.042732417267207,0],[-46.29598379501607,-23.04345912074178,0],[-46.296306526624846,-23.043523736131494,0],[-46.296496551574542,-23.04383494922352,0],[-46.296376035225826,-23.043901281418979,0],[-46.296795080628442,-23.043959596158402,0],[-46.296278001928215,-23.044598597747047,0],[-46.29589923266343,-23.044804574871193,0],[-46.29524571601695,-23.0456809363261,0],[-46.295411668813436,-23.045910926248194,0],[-46.295274960171263,-23.045888095159391,0],[-46.295155031979107,-23.045882917762441,0],[-46.295047221252219,-23.04591580776826,0],[-46.295241682557574,-23.045627600233512,0],[-46.295334312728301,-23.045403448710154,0],[-46.29524968382583,-23.045243774080852,0],[-46.295363563177837,-23.04477300776805,0],[-46.295643656129812,-23.044447564703312,0],[-46.295357671719159,-23.044375431880614,0],[-46.295077380016998,-23.044330094358344,0],[-46.29488400419342,-23.044342841349017,0],[-46.294539226604002,-23.044150865769776,0],[-46.294358989875434,-23.043986138749222,0],[-46.294240702946077,-23.043818266799519,0],[-46.294240994326401,-23.043645441383937,0],[-46.294531292784882,-23.043228858325083,0],[-46.294771154565062,-23.042968494700236,0],[-46.294959173127268,-23.042680341124818,0],[-46.295213617414454,-23.042337721908261,0]]]},"properties":{"FID":66}},{"type":"Feature","id":67,"geometry":{"type":"Polygon","coordinates":[[[-46.295262100765292,-23.045192445275077,0],[-46.295251903352607,-23.045247961324339,0],[-46.295330040049294,-23.045395388086664,0],[-46.295282011755369,-23.045373976128083,0],[-46.295133859240195,-23.045201830599979,0],[-46.295011195310401,-23.045327523446428,0],[-46.295246760129828,-23.04552271769921,0],[-46.295264496559241,-23.045553622901295,0],[-46.295061065415801,-23.045493687583594,0],[-46.295042754319638,-23.045430268292193,0],[-46.294859062395744,-23.04543832981501,0],[-46.294991691713165,-23.045182067098665,0],[-46.294879861916051,-23.044926718992848,0],[-46.294948174418671,-23.04493708278012,0],[-46.295158753373769,-23.045151848079261,0],[-46.295262100765292,-23.045192445275077,0]]]},"properties":{"FID":67}},{"type":"Feature","id":68,"geometry":{"type":"Polygon","coordinates":[[[-46.291701216238096,-23.042856504823824,0],[-46.291775796116042,-23.043086994768945,0],[-46.29180863935715,-23.043212989787602,0],[-46.291848184346172,-23.043373320921994,0],[-46.291787331719938,-23.043370012316199,0],[-46.291803362135404,-23.043504359338655,0],[-46.291764427786063,-23.043553154754246,0],[-46.291626148927598,-23.043646865010782,0],[-46.291544899677312,-23.043676137943368,0],[-46.291515531416621,-23.0438772308495,0],[-46.29136417911355,-23.043908868999033,0],[-46.291254818854782,-23.043953426809125,0],[-46.291203638437139,-23.043991638103591,0],[-46.291149867971967,-23.043998832679975,0],[-46.290989856996255,-23.044021313033106,0],[-46.290867747048821,-23.044045476017867,0],[-46.290856406597868,-23.044070809020603,0],[-46.290875671874687,-23.044213466678116,0],[-46.290713939596571,-23.044284478046169,0],[-46.290553749655778,-23.044428827328492,0],[-46.290549245850968,-23.044594370034137,0],[-46.290519184212933,-23.04450194400949,0],[-46.290536916145697,-23.044092658049671,0],[-46.290535943079249,-23.043582012200048,0],[-46.29088735856471,-23.043449353205066,0],[-46.29085559001345,-23.043168324958181,0],[-46.291701216238096,-23.042856504823824,0]]]},"properties":{"FID":68}},{"type":"Feature","id":69,"geometry":{"type":"Polygon","coordinates":[[[-46.290559100621977,-23.044626608031489,0],[-46.290660051320295,-23.04457557240471,0],[-46.290972116969556,-23.044495860095825,0],[-46.291043331584433,-23.044545073696153,0],[-46.291230562340559,-23.044487752707596,0],[-46.291331736070724,-23.044423709286718,0],[-46.291420206876978,-23.044350076394903,0],[-46.291561502960974,-23.04431079220927,0],[-46.291643753156613,-23.044303579646449,0],[-46.291757342926992,-23.044408061982434,0],[-46.291636466849411,-23.044547377759212,0],[-46.291464791666783,-23.044722239239913,0],[-46.291366220574552,-23.04496713092826,0],[-46.291423310437381,-23.045189996421133,0],[-46.29109189857224,-23.045401152740965,0],[-46.290831184211747,-23.045495562670066,0],[-46.29067879678901,-23.045651214631775,0],[-46.290632895391759,-23.045594494390347,0],[-46.290541784175971,-23.045563021716028,0],[-46.290318281963096,-23.045442265248322,0],[-46.290109611369409,-23.045417918801895,0],[-46.289900457839785,-23.045477374781008,0],[-46.28987202667264,-23.045421728330016,0],[-46.289878009862207,-23.045296574177474,0],[-46.29008576674471,-23.045100126269752,0],[-46.290136322133499,-23.044944407758194,0],[-46.28998580530066,-23.044895270600186,0],[-46.290124317083553,-23.044413951642536,0],[-46.290273239418418,-23.044447937022646,0],[-46.290347666411613,-23.04445273670439,0],[-46.290396427652993,-23.044906709077388,0],[-46.290486566701631,-23.045180555338355,0],[-46.290750627439479,-23.045307875058409,0],[-46.290661236626711,-23.04504432423613,0],[-46.290559100621977,-23.044626608031489,0]]]},"properties":{"FID":69}},{"type":"Feature","id":70,"geometry":{"type":"Polygon","coordinates":[[[-46.290425715874036,-23.041291295057217,0],[-46.29007007087705,-23.041053192350883,0],[-46.289674460008257,-23.040824860778681,0],[-46.289751226138144,-23.040612827619842,0],[-46.289879468562567,-23.040555342055363,0],[-46.290408456984657,-23.040320680155212,0],[-46.290885082380612,-23.040366104012435,0],[-46.291135344820255,-23.040498453640691,0],[-46.291171988596389,-23.040704062042771,0],[-46.291133102810434,-23.041071097852871,0],[-46.291076411347262,-23.04125650208584,0],[-46.290739138600323,-23.041171359670454,0],[-46.290599771562142,-23.041655388285513,0],[-46.290313576710162,-23.042480547739043,0],[-46.290302953018852,-23.043551179843007,0],[-46.290172041406549,-23.044432045102781,0],[-46.290125291948627,-23.044416300671685,0],[-46.289989878330175,-23.044090129156075,0],[-46.289324352137101,-23.04415678420817,0],[-46.289252438749038,-23.044526193329112,0],[-46.28876293326271,-23.044768468889725,0],[-46.28765875824508,-23.044384462872639,0],[-46.287788844279703,-23.044016396439481,0],[-46.287601364411387,-23.043352802889476,0],[-46.287796985842192,-23.043047687200954,0],[-46.288764152743418,-23.043034226148567,0],[-46.289158260844999,-23.043203493846146,0],[-46.289389124008828,-23.042950112557605,0],[-46.289734017610805,-23.043389118413046,0],[-46.289906007556162,-23.042888293160161,0],[-46.288472238203227,-23.041979866377694,0],[-46.288472077224526,-23.041796775200961,0],[-46.288963292322023,-23.041337108320885,0],[-46.289282452723,-23.041659967633343,0],[-46.289646231188556,-23.041872916302001,0],[-46.289849301703896,-23.041762454373725,0],[-46.290193789711566,-23.041382393682451,0],[-46.290431306059865,-23.041491845672116,0],[-46.290425715874036,-23.041291295057217,0]]]},"properties":{"FID":70}},{"type":"Feature","id":71,"geometry":{"type":"Polygon","coordinates":[[[-49.083348942770272,-21.050869490050601,0],[-49.082880135391285,-21.051287602355842,0],[-49.08206677177202,-21.051527085061135,0],[-49.081356952152817,-21.051698100670652,0],[-49.080678522826744,-21.050392746110568,0],[-49.080404507477347,-21.048734999717684,0],[-49.080422855433028,-21.047311817807778,0],[-49.081986517230511,-21.045931995507551,0],[-49.082544105983288,-21.047502381707428,0],[-49.082582932092237,-21.048924185087284,0],[-49.081782050764446,-21.048916613116173,0],[-49.081813538770227,-21.051117073657679,0],[-49.083348942770272,-21.050869490050601,0]]]},"properties":{"FID":71}},{"type":"Feature","id":72,"geometry":{"type":"Polygon","coordinates":[[[-49.06582365309248,-21.055151947643079,0],[-49.065282120546726,-21.055218617813676,0],[-49.064790821375766,-21.051874825514318,0],[-49.073964339979739,-21.050607819248622,0],[-49.073947397970521,-21.052084663636034,0],[-49.073445428772402,-21.05255307273001,0],[-49.072532402107477,-21.052628685635579,0],[-49.072047310270648,-21.052667176371919,0],[-49.071436945454366,-21.052306007114225,0],[-49.06914560770003,-21.052173080130174,0],[-49.068548393870174,-21.052294783784244,0],[-49.065856842560549,-21.053218346926727,0],[-49.06582365309248,-21.055151947643079,0]]]},"properties":{"FID":72}},{"type":"Feature","id":73,"geometry":{"type":"Polygon","coordinates":[[[-47.933892296686246,-21.519554396068077,0],[-47.93390700606389,-21.518985437901964,0],[-47.933981370290716,-21.518458235652179,0],[-47.933411793528556,-21.516780500440248,0],[-47.933869475596723,-21.516466698186484,0],[-47.934079701934444,-21.517172345870858,0],[-47.93419361254476,-21.518613493099949,0],[-47.934077204133004,-21.519324886434894,0],[-47.934194526284912,-21.519634689754454,0],[-47.933892296686246,-21.519554396068077,0]]]},"properties":{"FID":73}},{"type":"Feature","id":74,"geometry":{"type":"Polygon","coordinates":[[[-50.545293777931597,-19.954863340268776,0],[-50.544820109085656,-19.955339613502527,0],[-50.544085286757415,-19.954687201859418,0],[-50.544593812242454,-19.95419646374739,0],[-50.545293777931597,-19.954863340268776,0]]]},"properties":{"FID":74}},{"type":"Feature","id":75,"geometry":{"type":"Polygon","coordinates":[[[-45.515080712813251,-22.72389487915563,0],[-45.515133872859572,-22.723730566285315,0],[-45.515177367442959,-22.723600082535306,0],[-45.515269189341225,-22.723435769664906,0],[-45.515332014850465,-22.723290787720536,0],[-45.515452833137495,-22.723078147535254,0],[-45.515641309665284,-22.722846176424071,0],[-45.515800789804189,-22.722701194479654,0],[-45.515911942628186,-22.722541714340711,0],[-45.516032760915273,-22.722406397859306,0],[-45.516201906517153,-22.72218409221102,0],[-45.516351721193146,-22.721927957442514,0],[-45.516429044896825,-22.721773310035086,0],[-45.51644354309127,-22.721657324479448,0],[-45.51651120133198,-22.721493011609201,0],[-45.516583692304323,-22.721314200544384,0],[-45.516825328878447,-22.721246542303504,0],[-45.516834994341366,-22.721333531470247,0],[-45.516863990730201,-22.721454349757263,0],[-45.516839827072836,-22.721608997164651,0],[-45.516661016008008,-22.721802306424021,0],[-45.516487037674608,-22.722010113877673,0],[-45.516337222998636,-22.722261415914719,0],[-45.516400048507997,-22.722387066933255,0],[-45.516419379433898,-22.722469223368527,0],[-45.516327557535639,-22.722590041655568,0],[-45.516129415544924,-22.722686696285287,0],[-45.516008597257894,-22.722754354525854,0],[-45.515849117119046,-22.722851009155523,0],[-45.515757295220851,-22.72296699471114,0],[-45.515694469711605,-22.723063649340819,0],[-45.515534989572643,-22.723368111424172,0],[-45.515501160452345,-22.723503427905651,0],[-45.515491494989369,-22.72364357711859,0],[-45.515481829526315,-22.723803057257566,0],[-45.51535617850783,-22.723928708276034,0],[-45.515201531100445,-22.724006031979755,0],[-45.515080712813251,-22.72389487915563,0]]]},"properties":{"FID":75}},{"type":"Feature","id":76,"geometry":{"type":"Polygon","coordinates":[[[-47.187753978412786,-22.768447729039064,0],[-47.188152306222484,-22.768522620549561,0],[-47.188249002998312,-22.768540800806136,0],[-47.188457629681238,-22.768610753583573,0],[-47.18912349112378,-22.768865830883499,0],[-47.189486818578359,-22.769000232816829,0],[-47.189964798076232,-22.769149703592628,0],[-47.18994201877689,-22.769268599347708,0],[-47.189669481947085,-22.76934099296188,0],[-47.189277228776049,-22.769221551369686,0],[-47.188787139019901,-22.769016073925968,0],[-47.188319648232046,-22.768856053269872,0],[-47.188209710727897,-22.768820113817366,0],[-47.188021899756329,-22.768789402736854,0],[-47.187823631652023,-22.7687359506421,0],[-47.187642190398655,-22.768753001303086,0],[-47.187359786760403,-22.7687693546182,0],[-47.1873840699065,-22.768463202687997,0],[-47.187478303716162,-22.768463991167962,0],[-47.187671556237959,-22.768484225934849,0],[-47.187753978412786,-22.768447729039064,0]]]},"properties":{"FID":76}},{"type":"Feature","id":77,"geometry":{"type":"Polygon","coordinates":[[[-47.182316402040783,-22.767218543811566,0],[-47.18117513280783,-22.767843002571112,0],[-47.181002330703272,-22.767937552092057,0],[-47.179876166208707,-22.766474707003287,0],[-47.179987760091649,-22.766394681743005,0],[-47.180810924389569,-22.766702671687359,0],[-47.180891304765396,-22.766501657210942,0],[-47.180959918669991,-22.766455704003526,0],[-47.181509730792243,-22.766581091575695,0],[-47.181707867285411,-22.766685562665199,0],[-47.182267373575598,-22.767102479003263,0],[-47.18230490167349,-22.767163996536961,0],[-47.182316402040783,-22.767218543811566,0]]]},"properties":{"FID":77}},{"type":"Feature","id":78,"geometry":{"type":"Polygon","coordinates":[[[-45.902266190300388,-23.588758792253429,0],[-45.902308637700401,-23.588880788353382,0],[-45.902310888700477,-23.588887013353375,0],[-45.9023115274004,-23.588888668053364,0],[-45.902318511900432,-23.58890545315337,0],[-45.902319757600424,-23.588908176153385,0],[-45.902327807700374,-23.588924280053394,0],[-45.90232919210036,-23.588926833753419,0],[-45.902337708700365,-23.588941375553418,0],[-45.902338438400413,-23.588942577353421,0],[-45.902385651700342,-23.589017622953392,0],[-45.902386365800339,-23.589018752153432,0],[-45.902387226200354,-23.589020058253425,0],[-45.902397488300444,-23.589035055953385,0],[-45.90239928650039,-23.589037502653422,0],[-45.902410590800393,-23.589051849753325,0],[-45.902412558800449,-23.589054182753451,0],[-45.902425029100357,-23.589068006253399,0],[-45.902426986400371,-23.589070027153472,0],[-45.902440226000351,-23.589082891553421,0],[-45.902442507500446,-23.589084967953347,0],[-45.902456631700375,-23.589097006753438,0],[-45.902458705300432,-23.589098676953423,0],[-45.90247018870042,-23.589107385153461,0],[-45.90247115020037,-23.589108095753378,0],[-45.902565104800374,-23.589175762553459,0],[-45.902568779300402,-23.589178368753423,0],[-45.902570225200407,-23.58917935555343,0],[-45.902584182500448,-23.589188520253455,0],[-45.902585357600358,-23.589189268353444,0],[-45.902657625000415,-23.589233852853411,0],[-45.902667870500409,-23.589244574453463,0],[-45.902684506600387,-23.589282438353383,0],[-45.902682518200436,-23.589299935853386,0],[-45.90266122300045,-23.589365194853443,0],[-45.902658179800362,-23.589375165453419,0],[-45.902657564800393,-23.589377400953428,0],[-45.902653314300387,-23.589394693653382,0],[-45.902652755100405,-23.589397334053444,0],[-45.902649761600344,-23.589414626453394,0],[-45.902649540100363,-23.589416052453437,0],[-45.90263469510041,-23.589523848753405,0],[-45.902634474600404,-23.589525663153438,0],[-45.902632709600368,-23.58954331925338,0],[-45.902632520100383,-23.589546269153445,0],[-45.902632011900437,-23.589563993753366,0],[-45.902631995800384,-23.589565471453451,0],[-45.902632032100435,-23.58956694885336,0],[-45.902632782800367,-23.58958466605344,0],[-45.90263293190042,-23.589586839853389,0],[-45.902633762900393,-23.589595562353463,0],[-45.902646264400403,-23.589707273653399,0],[-45.902647298500419,-23.589715401853375,0],[-45.902655522100424,-23.589773093253488,0],[-45.902655789600438,-23.589774923953431,0],[-45.902656056500412,-23.589776530753454,0],[-45.902659356700433,-23.589794248653394,0],[-45.902659955400395,-23.589796900753345,0],[-45.902664442100452,-23.589814142653445,0],[-45.902665291500398,-23.589816992253361,0],[-45.902670992200406,-23.589833926753375,0],[-45.902671947600417,-23.589836488553431,0],[-45.902678932200331,-23.589853273653389,0],[-45.902680038200344,-23.589855714553444,0],[-45.902686305200405,-23.589868481053372,0],[-45.902686842400378,-23.58986953875343,0],[-45.902724293100334,-23.589940858953469,0],[-45.902727961500432,-23.589948338453443,0],[-45.902728109500345,-23.589969970753366,0],[-45.902728143900397,-23.589971402053422,0],[-45.902728852200369,-23.589988567153465,0],[-45.90272893580044,-23.589989996753463,0],[-45.902746039800434,-23.590215749053414,0],[-45.902746106400407,-23.590216592853384,0],[-45.902746682300346,-23.590223001053442,0],[-45.902772376100422,-23.590475309253399,0],[-45.902749829900408,-23.59050472555338,0],[-45.902747677400384,-23.590553369353472,0],[-45.902700811000329,-23.590646214953399,0],[-45.902658162200389,-23.590720059753444,0],[-45.902612451300342,-23.590761528453474,0],[-45.902588647600339,-23.590772472453402,0],[-45.902542661600364,-23.590786770053391,0],[-45.902494359800414,-23.590789898353421,0],[-45.902444727500331,-23.590770973653498,0],[-45.902426464700355,-23.590703368453372,0],[-45.902349519000438,-23.590637374953349,0],[-45.902276788200375,-23.590644813353418,0],[-45.902164120800421,-23.590636302053387,0],[-45.902089680100403,-23.590658414553378,0],[-45.902043220400351,-23.590646620153468,0],[-45.902039137000429,-23.590639037853411,0],[-45.902010022600344,-23.590604624153453,0],[-45.901972196400436,-23.590562141853475,0],[-45.901925805500412,-23.590554460653443,0],[-45.901897760700429,-23.590630354353443,0],[-45.901879409000408,-23.590728023153421,0],[-45.90186448810033,-23.590766206153504,0],[-45.901827955100437,-23.59081941135339,0],[-45.901773973100433,-23.590893176753472,0],[-45.901735477100431,-23.590862667253486,0],[-45.90168906370036,-23.590952133853474,0],[-45.901598657000363,-23.590980578253518,0],[-45.901467760200383,-23.591017968953462,0],[-45.901401591200454,-23.590948191653418,0],[-45.901320778400418,-23.590858024953427,0],[-45.901355836100436,-23.590754603853515,0],[-45.901323162200413,-23.59070127595345,0],[-45.901320532600444,-23.590684478453415,0],[-45.901314131800348,-23.59064359435348,0],[-45.901312511700382,-23.590633245353452,0],[-45.901320941000392,-23.590594889053424,0],[-45.901336945000367,-23.59058074705348,0],[-45.901369983300469,-23.590555618753456,0],[-45.901379074000431,-23.590541065753371,0],[-45.901385761500372,-23.590507918353481,0],[-45.901374194400375,-23.590478127553407,0],[-45.901361429200392,-23.590440341253441,0],[-45.901370735700425,-23.590424824453397,0],[-45.901385181800379,-23.590389475153472,0],[-45.901386109200416,-23.590369559553373,0],[-45.901407657500329,-23.590328532553478,0],[-45.901441286800377,-23.590372352153388,0],[-45.901446801300381,-23.590384249553434,0],[-45.901461858600392,-23.590411627253385,0],[-45.901517206600431,-23.590414605653404,0],[-45.901537732900408,-23.590382384353468,0],[-45.901543618400467,-23.590362010453482,0],[-45.901548346600343,-23.590111202753462,0],[-45.901580227800423,-23.590081673553474,0],[-45.901607386700441,-23.590041946253461,0],[-45.901609147800343,-23.590008130453391,0],[-45.901561453200443,-23.589862240953384,0],[-45.901547731000448,-23.58981102605339,0],[-45.901564657200424,-23.58967928975342,0],[-45.901545726000336,-23.589629238653398,0],[-45.901458787100353,-23.589541352753425,0],[-45.901316318800362,-23.589529427753465,0],[-45.901212901500401,-23.58950931265343,0],[-45.901270173900343,-23.589415195353478,0],[-45.901230555200414,-23.589348694353362,0],[-45.90131928530036,-23.589227862553393,0],[-45.901332251200358,-23.589106422353378,0],[-45.901197446200406,-23.588871882753388,0],[-45.90134525660045,-23.588848952253393,0],[-45.901728810900465,-23.588807888353415,0],[-45.901980494200359,-23.588801705253406,0],[-45.902090261800431,-23.588806288953382,0],[-45.902266190300388,-23.588758792253429,0]]]},"properties":{"FID":78}},{"type":"Feature","id":79,"geometry":{"type":"Polygon","coordinates":[[[-45.903330756100445,-23.589508639253445,0],[-45.903348867400382,-23.589453136853432,0],[-45.90335191060035,-23.589443166153455,0],[-45.90335252560044,-23.589440930653396,0],[-45.903356775900413,-23.589423638053411,0],[-45.903357338300346,-23.589420979153385,0],[-45.903360395600437,-23.589403224253424,0],[-45.903360680000389,-23.589401307353405,0],[-45.903361386800441,-23.589395631453442,0],[-45.903369384100415,-23.589325260153377,0],[-45.903414291100432,-23.589267528853448,0],[-45.903427384800409,-23.589228068553439,0],[-45.903454315000431,-23.589058741153455,0],[-45.903422583800364,-23.588973372953376,0],[-45.903266133200418,-23.588918952653454,0],[-45.903259829000433,-23.588916252953425,0],[-45.903258993100451,-23.588914996053344,0],[-45.903248731000417,-23.588899998453375,0],[-45.903246932800414,-23.588897551753416,0],[-45.903235628400409,-23.588883204753358,0],[-45.903233726200433,-23.588880944753452,0],[-45.903222041900385,-23.588867938253379,0],[-45.903221272400458,-23.588867111753359,0],[-45.903142889100437,-23.588785086253441,0],[-45.903142036000368,-23.588784197253347,0],[-45.903140883400461,-23.588783037553412,0],[-45.903127643800417,-23.588770173253469,0],[-45.903125362300436,-23.588768096853432,0],[-45.903111238100401,-23.588756058053438,0],[-45.90310902080035,-23.588754279753402,0],[-45.903093865800436,-23.588742962053402,0],[-45.903091452600393,-23.588741271453394,0],[-45.903077495300344,-23.588732106753472,0],[-45.903076320200455,-23.588731358653376,0],[-45.902977426200437,-23.588670347253363,0],[-45.9029485849004,-23.588649575353429,0],[-45.902898208800423,-23.58850479415344,0],[-45.902895957800418,-23.588498569253375,0],[-45.902895319100367,-23.588496914453405,0],[-45.902888334600448,-23.588480129453444,0],[-45.90288761900036,-23.588478505153379,0],[-45.902886147000409,-23.588475342553409,0],[-45.902867340600437,-23.588435593553424,0],[-45.902879404300393,-23.588419944353348,0],[-45.902918346600359,-23.588323070653466,0],[-45.902954202500382,-23.588246606653335,0],[-45.902990460700387,-23.588169407153366,0],[-45.903064958800428,-23.588068386353363,0],[-45.903182272700356,-23.587988099053405,0],[-45.903234202700403,-23.587957270753428,0],[-45.903279643900362,-23.587941052353429,0],[-45.903373348800365,-23.587906144453381,0],[-45.903469906800353,-23.587882795153412,0],[-45.903410207000434,-23.58799636325335,0],[-45.903707482800428,-23.58831225065336,0],[-45.903853789600426,-23.588335913153397,0],[-45.903830164500398,-23.588488727653367,0],[-45.903829475000407,-23.588493469153377,0],[-45.903829248400427,-23.588495317853425,0],[-45.903827483600381,-23.588512973853383,0],[-45.903827294100381,-23.588515923753448,0],[-45.903826786100353,-23.588533648353351,0],[-45.903826770000414,-23.588535126053436,0],[-45.9038276539004,-23.58866416585348,0],[-45.903827688600359,-23.588665604753384,0],[-45.903828403900377,-23.588682860753476,0],[-45.90382848840045,-23.588684297953431,0],[-45.903841323900402,-23.588852878053455,0],[-45.903841492700394,-23.588854708853379,0],[-45.903843499300422,-23.588872342853453,0],[-45.903843937800339,-23.588875270253364,0],[-45.903847238100347,-23.588892988153415,0],[-45.90384774240033,-23.588895270553461,0],[-45.903850959400422,-23.58890810765336,0],[-45.903851241600357,-23.588909174353411,0],[-45.903879205900409,-23.589009563953425,0],[-45.903880527900405,-23.58901415245338,0],[-45.903881085400428,-23.58901593755337,0],[-45.90388678620036,-23.589032871953407,0],[-45.903887741600386,-23.589035433753391,0],[-45.903894726300386,-23.589052218753412,0],[-45.903895972000392,-23.589054941753428,0],[-45.903904022400361,-23.589071045553407,0],[-45.903905155600405,-23.58907316475343,0],[-45.903910745300379,-23.589082953453445,0],[-45.903983936400437,-23.58920537165336,0],[-45.904049143200389,-23.589320241453432,0],[-45.904049699700366,-23.589321193753459,0],[-45.904056524600378,-23.589332546153472,0],[-45.904057105600437,-23.589333485953446,0],[-45.904057938600431,-23.589334748653435,0],[-45.90406820090044,-23.589349746153481,0],[-45.904069767500403,-23.589351896453376,0],[-45.904078183200397,-23.589362760853426,0],[-45.904078896600375,-23.58936365825344,0],[-45.904169230900436,-23.589474400753478,0],[-45.904172239400346,-23.58947802875343,0],[-45.904173486100433,-23.589479469753361,0],[-45.904185956600365,-23.589493293053405,0],[-45.904187914000381,-23.589495313953375,0],[-45.904201153800379,-23.589508178153373,0],[-45.904203435400348,-23.589510254553428,0],[-45.904217559700378,-23.589522293153429,0],[-45.90421901000046,-23.589523481053401,0],[-45.904222212400434,-23.589526000653393,0],[-45.904355440200398,-23.589629396653425,0],[-45.904356267800331,-23.589630020253395,0],[-45.904368142300427,-23.589638762553466,0],[-45.90436949460036,-23.589639723053445,0],[-45.90437391690039,-23.589642751353434,0],[-45.904463965300408,-23.589703286353419,0],[-45.904464912800393,-23.589703907553371,0],[-45.904476376500391,-23.589711236253439,0],[-45.904478692700422,-23.589712629453455,0],[-45.904495094100412,-23.589721897153431,0],[-45.904496797400384,-23.589722817753458,0],[-45.904680579600324,-23.589818701953401,0],[-45.904681940800458,-23.58981938605336,0],[-45.904698411300444,-23.589827355853402,0],[-45.904701249100412,-23.589828623353462,0],[-45.904718822700424,-23.589835838753459,0],[-45.904720923600387,-23.589836647953454,0],[-45.9047287674004,-23.589839471453388,0],[-45.904861667400382,-23.589885420453477,0],[-45.904862460200427,-23.589885693453422,0],[-45.904953724900388,-23.58991698785335,0],[-45.904954109900359,-23.589918147853435,0],[-45.904964972800428,-23.589930153553439,0],[-45.904969812200413,-23.589962894853453,0],[-45.904969939400353,-23.589965841553457,0],[-45.904980902800446,-23.58998616435343,0],[-45.904988375800436,-23.590006244853402,0],[-45.904999345400427,-23.590034428953395,0],[-45.905001183000429,-23.590086913653458,0],[-45.904969539200408,-23.590106759353496,0],[-45.904923971900416,-23.590108025353402,0],[-45.904892825300408,-23.590132483553411,0],[-45.904867957900414,-23.590150123253416,0],[-45.904840645200409,-23.590247349453424,0],[-45.904842842300411,-23.590272100253465,0],[-45.904840885500455,-23.590285718753467,0],[-45.904832566200355,-23.590365045153423,0],[-45.904777467400436,-23.590374087953421,0],[-45.904749198400403,-23.590348692153405,0],[-45.904724578000355,-23.590306400353377,0],[-45.904715942500324,-23.590290155353454,0],[-45.904691326500433,-23.590254294653455,0],[-45.904679353000347,-23.59024023935342,0],[-45.90466556070043,-23.590214478453515,0],[-45.904658365800401,-23.590211608553375,0],[-45.904630923300388,-23.590188234953427,0],[-45.904602354800382,-23.590182325653476,0],[-45.904574518900411,-23.590182340853445,0],[-45.904462972700401,-23.590224273553368,0],[-45.904464846400401,-23.590233097353469,0],[-45.904480047100385,-23.590304683853454,0],[-45.904481823000374,-23.590313047453435,0],[-45.904489332800445,-23.590332317153468,0],[-45.904505724800345,-23.590361955953433,0],[-45.904506281700435,-23.590364637553431,0],[-45.904510700300371,-23.590385912853439,0],[-45.904517322500396,-23.590428398153453,0],[-45.904461405700431,-23.590453991453444,0],[-45.904407763200368,-23.590474309053381,0],[-45.904377470400391,-23.590519044453409,0],[-45.904353466900382,-23.59055760925337,0],[-45.904325119600401,-23.590560969753426,0],[-45.90428025950041,-23.590607414353432,0],[-45.904214650200409,-23.590625241353397,0],[-45.904132909200371,-23.590543118453464,0],[-45.904102445000433,-23.59047819015348,0],[-45.904097091700407,-23.590407054153438,0],[-45.904089193400409,-23.590362159653402,0],[-45.904072271300443,-23.590342401753389,0],[-45.904040100600355,-23.590310821153366,0],[-45.904005457200412,-23.590299431553415,0],[-45.903975412900358,-23.590308754653456,0],[-45.903955754700405,-23.590309023153413,0],[-45.903899769700388,-23.590306789953399,0],[-45.903793035900364,-23.590271440253392,0],[-45.903751680100349,-23.590271836853386,0],[-45.903692605800423,-23.590300335953376,0],[-45.903678872300411,-23.590325025753387,0],[-45.903668888700395,-23.590364382553389,0],[-45.903669288500396,-23.590402828053417,0],[-45.903669400600343,-23.590414558253428,0],[-45.903673150700399,-23.59045492075348,0],[-45.903679934500417,-23.590466126853421,0],[-45.903693389300429,-23.590496661953466,0],[-45.903709858300374,-23.590531992453418,0],[-45.903672091300443,-23.590568772853487,0],[-45.903593675200348,-23.59053078695343,0],[-45.903523207000433,-23.59046067665339,0],[-45.903520066500391,-23.590451311153458,0],[-45.903466493500439,-23.590409987653455,0],[-45.903453705600441,-23.590399870353384,0],[-45.90343768290041,-23.590242541953383,0],[-45.903464395800384,-23.590235750553408,0],[-45.90346802930037,-23.590228763453474,0],[-45.903479126900443,-23.590196917853408,0],[-45.903446752300397,-23.590164003253381,0],[-45.903429959000455,-23.590166279053392,0],[-45.903418366800395,-23.59001328715344,0],[-45.903420730300347,-23.590012103653411,0],[-45.903462556900436,-23.589985212453382,0],[-45.90346266770041,-23.589969226953411,0],[-45.903466868600447,-23.589920605953409,0],[-45.903474671800439,-23.58991255525337,0],[-45.903490635100418,-23.589875518553473,0],[-45.903506720200426,-23.589846373853398,0],[-45.903523100300397,-23.589812547753411,0],[-45.903552719700372,-23.589738796553441,0],[-45.903513807000365,-23.589658470253493,0],[-45.903539590100436,-23.589584129353401,0],[-45.903457115300348,-23.589508586653391,0],[-45.903452899400349,-23.589513028253457,0],[-45.903385765800344,-23.589538070053379,0],[-45.903381564000377,-23.589537919953443,0],[-45.90333911400041,-23.589513455953451,0],[-45.903330756100445,-23.589508639253445,0]]]},"properties":{"FID":79}},{"type":"Feature","id":80,"geometry":{"type":"Polygon","coordinates":[[[-45.900463931900447,-23.586087379053314,0],[-45.900519328800385,-23.58617241985332,0],[-45.900558637600341,-23.586243126553388,0],[-45.900564103800384,-23.586259110453348,0],[-45.900575856100374,-23.586278788953333,0],[-45.900583943400363,-23.58630379595337,0],[-45.900593164600366,-23.586321449253376,0],[-45.900605520400397,-23.586341012253396,0],[-45.900681772300402,-23.586391085653354,0],[-45.900690206800341,-23.586392118953317,0],[-45.900858357100333,-23.586379130153329,0],[-45.901008661500441,-23.5863349304534,0],[-45.901019643900426,-23.586399273253395,0],[-45.9009670538004,-23.586425354053411,0],[-45.900952122400376,-23.586444949153414,0],[-45.900975803200367,-23.586511673853408,0],[-45.900988685700447,-23.586519277153347,0],[-45.90101354110039,-23.586578759453342,0],[-45.900969675400404,-23.586654742753346,0],[-45.900968617300407,-23.586662283753348,0],[-45.900936468700365,-23.586692143953432,0],[-45.900932186000375,-23.586697760453305,0],[-45.900907581800368,-23.586748484953372,0],[-45.900911931500445,-23.586804387053409,0],[-45.900980867900387,-23.586850034353404,0],[-45.901055320400417,-23.586889178053426,0],[-45.900821837900423,-23.58706354175342,0],[-45.900809510900444,-23.587072954853401,0],[-45.900515945000407,-23.587311237953429,0],[-45.900395958000459,-23.587404108153404,0],[-45.90034906770034,-23.587320473653335,0],[-45.900346561400397,-23.587279390353384,0],[-45.900423987000359,-23.587269450853398,0],[-45.90042476190041,-23.587262006053397,0],[-45.900431423200359,-23.587214697553406,0],[-45.900438744200414,-23.587211087153328,0],[-45.900473065000433,-23.587166809253397,0],[-45.90047522000043,-23.587164038853427,0],[-45.900538351800378,-23.587052062953372,0],[-45.900586902200416,-23.587004519153375,0],[-45.900580413700368,-23.586981261353408,0],[-45.900577415600424,-23.586959919253442,0],[-45.900559438200396,-23.586904826253374,0],[-45.900557396400416,-23.586895499453412,0],[-45.900537006000377,-23.58680236335335,0],[-45.900530342600405,-23.586704632553403,0],[-45.900524405900406,-23.586623725653343,0],[-45.900477482200358,-23.586545850153357,0],[-45.900424846300439,-23.58651733095336,0],[-45.900390721000463,-23.586547730553384,0],[-45.900384273700411,-23.586584786953406,0],[-45.900382984900425,-23.586592194653406,0],[-45.900376834100378,-23.586617220653356,0],[-45.90037882990044,-23.586626405953332,0],[-45.900377959900425,-23.586662390053402,0],[-45.900371812900403,-23.586687380453437,0],[-45.900371523100382,-23.586699369053349,0],[-45.900372937900386,-23.586732540653376,0],[-45.900375640300354,-23.586758328853406,0],[-45.900386202900386,-23.586780369053383,0],[-45.900389200100392,-23.586794187053393,0],[-45.900386040800413,-23.586832966753381,0],[-45.900382174200445,-23.586855127153338,0],[-45.900375026500456,-23.586875440453348,0],[-45.900333430100424,-23.586949117353416,0],[-45.900331066300396,-23.586963794253393,0],[-45.900268739400417,-23.587050148153416,0],[-45.900245068400416,-23.587063526853346,0],[-45.900220110800426,-23.587072323253391,0],[-45.900147815900425,-23.587105224253435,0],[-45.900132718000407,-23.58711233845332,0],[-45.900109940800348,-23.587142114053389,0],[-45.900105800100391,-23.587147527253414,0],[-45.900061257100454,-23.587180577853413,0],[-45.900051693500416,-23.587186798053345,0],[-45.900004488400384,-23.587229696853402,0],[-45.899967058400414,-23.587297454353404,0],[-45.899888727200391,-23.587380502353437,0],[-45.899866199500423,-23.587390719053417,0],[-45.899826976300339,-23.587422273153376,0],[-45.899805791200386,-23.587437020653415,0],[-45.899790917700443,-23.587443746753433,0],[-45.899748114700344,-23.587437431853353,0],[-45.899731090800401,-23.58743492035336,0],[-45.899712988900383,-23.587427827553437,0],[-45.899680349400398,-23.587427434153366,0],[-45.899653110100417,-23.587426347453395,0],[-45.89963544330044,-23.587431057353342,0],[-45.899585015700438,-23.587465924653433,0],[-45.899572782100442,-23.587481613353447,0],[-45.899560667800415,-23.587509033753424,0],[-45.899553589900457,-23.587524054453397,0],[-45.899563266900437,-23.587565331553442,0],[-45.899574929400394,-23.587592354953408,0],[-45.899597320900341,-23.587642123153401,0],[-45.899600522800426,-23.587667902453408,0],[-45.89956610490043,-23.58769312325342,0],[-45.899479497900366,-23.58768400835341,0],[-45.899452465800437,-23.587681867953332,0],[-45.899416315200362,-23.587673553353394,0],[-45.899397881300388,-23.587673012453358,0],[-45.89938154980041,-23.587669919453401,0],[-45.899317920400442,-23.587662239553371,0],[-45.899284004200354,-23.587658698853375,0],[-45.899260240300343,-23.587654175553439,0],[-45.899227747600385,-23.58766673785334,0],[-45.899209137000362,-23.587673235753403,0],[-45.899184790600373,-23.587675696753358,0],[-45.899169160300403,-23.587695643553388,0],[-45.899166193300417,-23.587705131553374,0],[-45.899229395600408,-23.587768734553375,0],[-45.899243190600316,-23.587786232153402,0],[-45.899256071500425,-23.58779920325339,0],[-45.89926203880038,-23.587803398253417,0],[-45.89928000770044,-23.587827857753446,0],[-45.899285022500408,-23.587839292653374,0],[-45.899257964600451,-23.587867529953435,0],[-45.89923799710045,-23.587880925253337,0],[-45.899151487600363,-23.58786180635343,0],[-45.899095267100392,-23.587875585953395,0],[-45.899070250100358,-23.587884511953405,0],[-45.898981743600366,-23.587924511353378,0],[-45.898813577600379,-23.587952140453357,0],[-45.898386352500381,-23.587414643053346,0],[-45.898168712100365,-23.587143806453351,0],[-45.898043523200386,-23.586972362553411,0],[-45.89783085260035,-23.586748126353424,0],[-45.89778989380045,-23.586705317253401,0],[-45.897797635000366,-23.586662450653353,0],[-45.897797052000442,-23.586652581853354,0],[-45.897814657800325,-23.586605872053322,0],[-45.897813122200432,-23.586569915453317,0],[-45.897807088400391,-23.586556717553368,0],[-45.897775844500416,-23.586502681253364,0],[-45.897765461500349,-23.586490007853396,0],[-45.897750055600397,-23.586467830853348,0],[-45.89771554950039,-23.586434157653404,0],[-45.897699592600418,-23.586418072553407,0],[-45.897692964100429,-23.586410833653421,0],[-45.897661712600382,-23.586388819053287,0],[-45.897650756600463,-23.586382246253443,0],[-45.897631560200409,-23.586370729953391,0],[-45.897593078200437,-23.586347643653426,0],[-45.897582061400435,-23.586341034453326,0],[-45.897565517700357,-23.586331109653383,0],[-45.897539723100358,-23.586305763653343,0],[-45.897526167400429,-23.586291031453406,0],[-45.897508570400419,-23.586270537353304,0],[-45.897475915000442,-23.586237506153402,0],[-45.89744646210039,-23.586192951053366,0],[-45.897434097400378,-23.586145119153404,0],[-45.897424631100421,-23.586129266553378,0],[-45.897422354900414,-23.586114334053327,0],[-45.897441617600464,-23.586071447053371,0],[-45.897449419500404,-23.586059051753363,0],[-45.897428093200404,-23.586011648353395,0],[-45.897418234400455,-23.586002195553359,0],[-45.897396910300358,-23.585985762853351,0],[-45.897384378000368,-23.585929413153401,0],[-45.897359307500381,-23.585847261253384,0],[-45.897352653900342,-23.585825458153415,0],[-45.897357269000338,-23.585778393353404,0],[-45.897271737700358,-23.585693289353348,0],[-45.897242405200359,-23.585667944253384,0],[-45.897229179200338,-23.585656151553401,0],[-45.897209073100441,-23.585614640153388,0],[-45.897207983700412,-23.585595712253333,0],[-45.897232868700428,-23.585551794253377,0],[-45.897253864700417,-23.585538837453388,0],[-45.897326606600352,-23.585509725753298,0],[-45.897351909600395,-23.585514473253397,0],[-45.897432790500439,-23.585475748853376,0],[-45.897453204100437,-23.58547363855331,0],[-45.897466436200439,-23.585470706953359,0],[-45.897534894500389,-23.585472518253379,0],[-45.897554644300385,-23.585485122353369,0],[-45.897560287300394,-23.585488723853356,0],[-45.897587123300418,-23.585528729953353,0],[-45.897595111100429,-23.585541438153371,0],[-45.897600276100384,-23.585552336553409,0],[-45.897635214800346,-23.58557843495338,0],[-45.897649327500403,-23.585587436853359,0],[-45.897666731200388,-23.585598475453317,0],[-45.897752190700423,-23.58564891455336,0],[-45.897778167100398,-23.585665392953398,0],[-45.897919968900396,-23.585706309153359,0],[-45.898014480100414,-23.585674588553328,0],[-45.898031825600363,-23.585641694153317,0],[-45.898027103600327,-23.585627775553355,0],[-45.898017610000352,-23.585618272053409,0],[-45.898012062400376,-23.585613026353375,0],[-45.897992175500356,-23.585591576653318,0],[-45.897985263900352,-23.585581552053384,0],[-45.897971505700355,-23.585555226753339,0],[-45.897967750400369,-23.585550871753409,0],[-45.897954952300438,-23.585519184653389,0],[-45.897949636700396,-23.58551381865334,0],[-45.897942086800413,-23.585505055253407,0],[-45.897940710800412,-23.585500238653363,0],[-45.897946204100435,-23.585484011453339,0],[-45.897947926300397,-23.585481152653411,0],[-45.897968867200355,-23.585460715153442,0],[-45.897977905800353,-23.585456487953376,0],[-45.897983845500455,-23.585450251853334,0],[-45.897987163200355,-23.585448352453337,0],[-45.898031423200401,-23.585432319053396,0],[-45.898041922800417,-23.585432951753319,0],[-45.898100553100377,-23.585448070853385,0],[-45.898165371300365,-23.585444084253318,0],[-45.898252183100453,-23.585505380653395,0],[-45.89833624320044,-23.585583412353387,0],[-45.898496888100453,-23.585634800853381,0],[-45.89853301960045,-23.585649248053294,0],[-45.898544489900353,-23.585652429553353,0],[-45.898588787600374,-23.585664162753339,0],[-45.898595381400412,-23.585668207353308,0],[-45.898621778500399,-23.58569595175334,0],[-45.898646373100355,-23.585714862953417,0],[-45.898675220700405,-23.585688136153355,0],[-45.898682772800335,-23.585671282253386,0],[-45.898686134600375,-23.585665492653384,0],[-45.898691194300341,-23.585656779353378,0],[-45.898705597700427,-23.585635870053352,0],[-45.898708162400339,-23.585631457353376,0],[-45.89874092830042,-23.585633644753326,0],[-45.898748468500401,-23.585636294053309,0],[-45.898784043600415,-23.58563406305332,0],[-45.89880197110034,-23.585630942153333,0],[-45.898842791500378,-23.58563180595338,0],[-45.89885202880037,-23.585635518353342,0],[-45.898864759700359,-23.585637299953294,0],[-45.898910961200386,-23.585628139553314,0],[-45.898928028900407,-23.585623919953321,0],[-45.899019280300422,-23.585633817753319,0],[-45.89902871390035,-23.58563755295329,0],[-45.899101442400372,-23.58560530675339,0],[-45.899726214000339,-23.585927311153394,0],[-45.900449462900383,-23.586002288053304,0],[-45.900463931900447,-23.586087379053314,0]]]},"properties":{"FID":80}},{"type":"Feature","id":81,"geometry":{"type":"Polygon","coordinates":[[[-45.905565539444865,-23.583178855425793,0],[-45.905573535451992,-23.583184416864299,0],[-45.905594919040432,-23.583188556937895,0],[-45.90561108675081,-23.583192310671677,0],[-45.90567135998554,-23.583209670677199,0],[-45.905687964733772,-23.5832109220006,0],[-45.905707156182636,-23.583211800201287,0],[-45.905762260205783,-23.583206647713393,0],[-45.905776113553834,-23.583204710645539,0],[-45.90579006594038,-23.583205333651168,0],[-45.905803993945085,-23.583203389421673,0],[-45.905815148570923,-23.583201316284551,0],[-45.905826325440053,-23.583199239079487,0],[-45.905949142937288,-23.583209830913468,0],[-45.905960718495692,-23.583210344593674,0],[-45.906054840162767,-23.58322506787669,0],[-45.906063845788253,-23.583228119331128,0],[-45.906083207630672,-23.583260856425234,0],[-45.906074520997208,-23.583265749143493,0],[-45.906055433218512,-23.583302082091908,0],[-45.906053071615133,-23.583315318645717,0],[-45.906049192366311,-23.583360726609211,0],[-45.906046694889881,-23.583371355542852,0],[-45.906041329472423,-23.58338451915467,0],[-45.906028188413416,-23.583424282750219,0],[-45.906023153204615,-23.583445682863111,0],[-45.906022254154493,-23.583582018050326,0],[-45.905982109734509,-23.583646739477285,0],[-45.905976409956175,-23.583657152493174,0],[-45.90597363279818,-23.583665097619932,0],[-45.905952679091172,-23.583780018728014,0],[-45.905653741578362,-23.584067847729219,0],[-45.905232577647148,-23.584293603924721,0],[-45.905154276464323,-23.584290318581012,0],[-45.905101806579417,-23.584198212539089,0],[-45.905097255548462,-23.584183900841648,0],[-45.905026448751073,-23.584114684575532,0],[-45.904967262592429,-23.58411086741944,0],[-45.904948144460832,-23.584110754462937,0],[-45.904934494167037,-23.584110673359874,0],[-45.904902585176217,-23.584102302413733,0],[-45.904851463001307,-23.584072221481861,0],[-45.904846361175771,-23.584045387006309,0],[-45.904847259844814,-23.58403739859698,0],[-45.904845770435202,-23.584026769005664,0],[-45.904831507371853,-23.584010844529423,0],[-45.904810112790358,-23.584010745678647,0],[-45.904774399406968,-23.584039696156491,0],[-45.904765334114309,-23.584047642850642,0],[-45.90475051832459,-23.584058256254924,0],[-45.90473423887272,-23.584079666017949,0],[-45.904721997197164,-23.584090405483444,0],[-45.904629753601121,-23.584147230457514,0],[-45.904624013925122,-23.584186067897182,0],[-45.904628270402661,-23.584194496552989,0],[-45.904632825827328,-23.58427246022098,0],[-45.904649283349841,-23.584300650910382,0],[-45.904835521945188,-23.584350470235695,0],[-45.904888949957297,-23.584353803135237,0],[-45.904918604258455,-23.584374160312965,0],[-45.904589222374568,-23.584648296680928,0],[-45.904489133802194,-23.584691960605259,0],[-45.904323367530026,-23.584608103280065,0],[-45.904340712894623,-23.584509887283389,0],[-45.904335037043381,-23.584499299826643,0],[-45.904235325770919,-23.584470612277762,0],[-45.904229617482031,-23.584468007988164,0],[-45.90421816821447,-23.584465426971267,0],[-45.904189487917847,-23.584460280640876,0],[-45.904169399130296,-23.584455092669828,0],[-45.90414991164306,-23.584413161775103,0],[-45.904144243132073,-23.584407937916509,0],[-45.904132813845813,-23.584402719998479,0],[-45.904121380417102,-23.584397500291807,0],[-45.904089889846887,-23.584384442737647,0],[-45.904064091658597,-23.584373985265582,0],[-45.904029489298701,-23.584366118286884,0],[-45.904000553806895,-23.584360855414172,0],[-45.903971472558915,-23.584358197885994,0],[-45.903942495177773,-23.584350295948759,0],[-45.903936911843644,-23.58434243482014,0],[-45.903911112086973,-23.584326682783868,0],[-45.903886225096926,-23.584287497832641,0],[-45.903880878532732,-23.584274485861776,0],[-45.903852426930541,-23.584253571145666,0],[-45.903843738939656,-23.584250921328582,0],[-45.903809063776123,-23.584237721597518,0],[-45.903794590557936,-23.584232431422105,0],[-45.903759842425579,-23.584219203888892,0],[-45.903709032818774,-23.58418532322219,0],[-45.903687617179465,-23.584157001564282,0],[-45.903680616358599,-23.584134054678895,0],[-45.903665452186495,-23.584103537261175,0],[-45.903661682595327,-23.584078372057384,0],[-45.903647724841278,-23.584035769743547,0],[-45.903643385301791,-23.584018358052731,0],[-45.90363431934378,-23.583988622439222,0],[-45.903627555668663,-23.583966438048559,0],[-45.903621023185629,-23.583941916199649,0],[-45.903616532724932,-23.58392724386022,0],[-45.903602464497119,-23.583890670200393,0],[-45.903600242287553,-23.583883402691015,0],[-45.90359291259756,-23.583868815043964,0],[-45.903572993691121,-23.583834834764435,0],[-45.9035674455858,-23.583832286552763,0],[-45.904626810447034,-23.583605415910323,0],[-45.90542296538991,-23.583059797646062,0],[-45.905455082704066,-23.58315014726406,0],[-45.905565539444865,-23.583178855425793,0]]]},"properties":{"FID":81}},{"type":"Feature","id":82,"geometry":{"type":"Polygon","coordinates":[[[-45.90017497583176,-23.576313620394679,0],[-45.900302204550883,-23.576004205039794,0],[-45.900409463226246,-23.576136056268528,0],[-45.900498406819281,-23.576240502011842,0],[-45.900639538112841,-23.576331639146424,0],[-45.900793392068749,-23.576421808230695,0],[-45.901000250656352,-23.576529336481599,0],[-45.901223187748762,-23.57659634388996,0],[-45.901421262059614,-23.576642884127459,0],[-45.9016722207258,-23.576697769944868,0],[-45.901876853862184,-23.576714610393303,0],[-45.901874837325749,-23.576894223755346,0],[-45.901873278217693,-23.576990179919218,0],[-45.901747781569327,-23.577290220202546,0],[-45.901588486855367,-23.577474033786256,0],[-45.90132806003777,-23.577776437130908,0],[-45.901238745708504,-23.577867699819993,0],[-45.90118449259387,-23.577884263057349,0],[-45.901206828499987,-23.577947926658911,0],[-45.901208884874791,-23.578019484434542,0],[-45.901347594033325,-23.578131544011452,0],[-45.901269172909338,-23.578248150596487,0],[-45.901131037810323,-23.578498695994149,0],[-45.900993200895016,-23.578299101901852,0],[-45.900896752717415,-23.57816357568975,0],[-45.900785893006734,-23.578077312286386,0],[-45.900454051895736,-23.577854762787648,0],[-45.900158563441039,-23.577750971726232,0],[-45.899937950309045,-23.577687282191398,0],[-45.899684461417792,-23.577623656229648,0],[-45.899515917159079,-23.57758661616656,0],[-45.899634929387339,-23.577406966774056,0],[-45.899644096577617,-23.57738036859563,0],[-45.899649240339507,-23.577174616490598,0],[-45.899622466057508,-23.577001627657978,0],[-45.899686574610257,-23.576904189390593,0],[-45.89997810144763,-23.576704600737344,0],[-45.899965095874791,-23.576570604743946,0],[-45.90017497583176,-23.576313620394679,0]]]},"properties":{"FID":82}},{"type":"Feature","id":83,"geometry":{"type":"Polygon","coordinates":[[[-45.898776146486917,-23.574163875939867,0],[-45.899017561154956,-23.574136160308733,0],[-45.899015355937252,-23.574333260878639,0],[-45.898953775850892,-23.574517003315918,0],[-45.898877897831383,-23.574750974226561,0],[-45.898831111333145,-23.574896913316248,0],[-45.899073348986121,-23.575050302951482,0],[-45.899041756934309,-23.575362587291348,0],[-45.899021209251259,-23.575552685739471,0],[-45.899098516147724,-23.575764509111366,0],[-45.899136734323804,-23.575984913216487,0],[-45.89920007185691,-23.576087936309374,0],[-45.899280439850941,-23.576218218818159,0],[-45.899145995276626,-23.576428196452021,0],[-45.899002870679794,-23.576606874040014,0],[-45.898925471943073,-23.576786029363863,0],[-45.898881459826441,-23.576923597779004,0],[-45.898857652357378,-23.577140151763448,0],[-45.898608483743097,-23.577174026789411,0],[-45.898376099814804,-23.57720340579106,0],[-45.89812581797991,-23.577235010414487,0],[-45.897953636044917,-23.577197519990015,0],[-45.897768951838771,-23.577178969497723,0],[-45.89767773818096,-23.577488409697931,0],[-45.89765688490985,-23.57750130143955,0],[-45.897513873259065,-23.577394366407084,0],[-45.89742914421965,-23.577373440813808,0],[-45.897216113235352,-23.577303354062103,0],[-45.897009188999959,-23.57725802467036,0],[-45.896551942352865,-23.577107064732964,0],[-45.896429635187936,-23.576970898992609,0],[-45.896276995058422,-23.576930737896472,0],[-45.89628286917651,-23.576753847906797,0],[-45.896248561624709,-23.576691679628606,0],[-45.896138655235063,-23.576551793176836,0],[-45.896085242936522,-23.576455485577984,0],[-45.896091174433828,-23.576389517576622,0],[-45.896075411994389,-23.576335298885059,0],[-45.89605280909376,-23.576246328263046,0],[-45.896126537870259,-23.576129408038369,0],[-45.896066392958225,-23.576096507952869,0],[-45.896069508053245,-23.576040048849965,0],[-45.896104221779872,-23.575804049535467,0],[-45.8961475600168,-23.575731398896608,0],[-45.896182970627137,-23.575579330179782,0],[-45.896218091418696,-23.575400456065609,0],[-45.896264627415235,-23.575159420914254,0],[-45.896313206366585,-23.574969630725445,0],[-45.896364168172909,-23.574834958279666,0],[-45.896364435472435,-23.574643387408813,0],[-45.896331127492147,-23.574517636902499,0],[-45.896361523281655,-23.574409275950298,0],[-45.896479966556683,-23.574398151746493,0],[-45.896634182248931,-23.574386486888447,0],[-45.897144075825842,-23.574323499377318,0],[-45.897412649429839,-23.574306648517908,0],[-45.897576890017277,-23.574290770108618,0],[-45.897868069169078,-23.574256545768378,0],[-45.898106009433313,-23.574235155971849,0],[-45.898439802557043,-23.574199275307365,0],[-45.898776146486917,-23.574163875939867,0]]]},"properties":{"FID":83}},{"type":"Feature","id":84,"geometry":{"type":"Polygon","coordinates":[[[-45.889135769204188,-23.57382233474214,0],[-45.889138992736832,-23.573810840114689,0],[-45.889178730333697,-23.57373646422246,0],[-45.889274409858899,-23.573673839563121,0],[-45.889301424419607,-23.573663753916613,0],[-45.889381379766405,-23.573656052525951,0],[-45.889435675463062,-23.573650495577915,0],[-45.889481729897568,-23.573641963855248,0],[-45.889529473462296,-23.573626397918986,0],[-45.889597695127122,-23.573598681415763,0],[-45.889614962344751,-23.573591554349736,0],[-45.889679621772416,-23.573627426950111,0],[-45.89005018544907,-23.573847356143347,0],[-45.890052926334874,-23.573848802051828,0],[-45.890073622927623,-23.573872046979144,0],[-45.890092197693669,-23.573888096804072,0],[-45.890131774399322,-23.573917042650461,0],[-45.890171595037778,-23.573943648661544,0],[-45.890229349820117,-23.573998824241077,0],[-45.89028458354499,-23.574064492318932,0],[-45.890308030835627,-23.574123974882141,0],[-45.890353145410707,-23.574241837445019,0],[-45.890452034513828,-23.574355936771287,0],[-45.890460695471461,-23.57437106771788,0],[-45.890411857930197,-23.574422296307713,0],[-45.890377172199919,-23.574457432762987,0],[-45.890411574311095,-23.574499390902066,0],[-45.890469982452203,-23.574513654736439,0],[-45.890487762629043,-23.574520789399685,0],[-45.890482691779198,-23.574556957021059,0],[-45.890482498658912,-23.57461932002257,0],[-45.890484687192448,-23.574635663097649,0],[-45.890324050124725,-23.574573733767696,0],[-45.890121672281502,-23.574489899715097,0],[-45.889849795138829,-23.574468569452378,0],[-45.889650295676404,-23.574480860749524,0],[-45.889410855122151,-23.57445179685903,0],[-45.889195909552548,-23.574316269068603,0],[-45.889080896875839,-23.574267536251451,0],[-45.888938996974161,-23.574209509623021,0],[-45.888979351209287,-23.574139217251684,0],[-45.889048193093906,-23.574058315450703,0],[-45.889060728129721,-23.574030893750678,0],[-45.889076497648212,-23.574010609920318,0],[-45.889085562991681,-23.573994977384363,0],[-45.889096144629548,-23.573973451242587,0],[-45.889112073584897,-23.573929741288616,0],[-45.889125603017646,-23.573887559742907,0],[-45.889134146515289,-23.57384698018717,0],[-45.889135769204188,-23.57382233474214,0]]]},"properties":{"FID":84}},{"type":"Feature","id":85,"geometry":{"type":"Polygon","coordinates":[]},"properties":{"FID":85}},{"type":"Feature","id":86,"geometry":{"type":"Polygon","coordinates":[[[-45.892182026750845,-23.572859478505965,0],[-45.892245426043417,-23.572810103104882,0],[-45.892259632929488,-23.572892976296203,0],[-45.892271744044983,-23.572973702859777,0],[-45.89229680727238,-23.573086463051204,0],[-45.892327010268495,-23.573192146931024,0],[-45.89233973654904,-23.573277471775558,0],[-45.892346167392986,-23.573385323439076,0],[-45.8923340050356,-23.573488138109617,0],[-45.89232383274981,-23.573540481168834,0],[-45.892256398039535,-23.573492277774623,0],[-45.892169553126337,-23.573424416450678,0],[-45.892096529156106,-23.573370691268231,0],[-45.892029609950107,-23.573321749603437,0],[-45.89191005967394,-23.573335453594552,0],[-45.891812181340306,-23.573395829934501,0],[-45.891742503808189,-23.573441053032926,0],[-45.891667198640675,-23.573524720742455,0],[-45.891612076043771,-23.573590072173506,0],[-45.891559878742555,-23.573659250840016,0],[-45.891516712707983,-23.57372764879857,0],[-45.891468512835615,-23.573813743189426,0],[-45.891428545105612,-23.573884321177054,0],[-45.891420399160893,-23.573915952936826,0],[-45.891401321980716,-23.574005427146908,0],[-45.891411081951567,-23.574084851293989,0],[-45.891496468638543,-23.574193028674003,0],[-45.891433701368229,-23.574236589849146,0],[-45.89135157107404,-23.574197822129936,0],[-45.891269341295192,-23.574160132458523,0],[-45.89118416793962,-23.574119537757053,0],[-45.891109028944527,-23.574073884433794,0],[-45.891037832785798,-23.574028328593439,0],[-45.891005631845815,-23.573946784999023,0],[-45.890975702611847,-23.573869927742525,0],[-45.890930185265177,-23.573784070898053,0],[-45.890882325486814,-23.573726308977992,0],[-45.890917872431146,-23.573611037033118,0],[-45.890971633646991,-23.57354863628267,0],[-45.891035350108943,-23.573474266083515,0],[-45.891089447750232,-23.573408299322576,0],[-45.891164214633697,-23.573317713719401,0],[-45.891236101701402,-23.573256772393353,0],[-45.891301214443956,-23.5731891130165,0],[-45.891366079884335,-23.573098763840157,0],[-45.89141724826198,-23.57302741802965,0],[-45.891480856914711,-23.572939039581119,0],[-45.891529651696089,-23.572873617012942,0],[-45.891614770921827,-23.572905285495107,0],[-45.891701023435019,-23.572936011708119,0],[-45.891788621477531,-23.572968494108796,0],[-45.891876239771477,-23.573000486806279,0],[-45.891968938364187,-23.573030233834864,0],[-45.892041740888544,-23.572972308109737,0],[-45.892116909244123,-23.572912272435822,0],[-45.892182026750845,-23.572859478505965,0]]]},"properties":{"FID":86}},{"type":"Feature","id":87,"geometry":{"type":"Polygon","coordinates":[[[-45.893170654673042,-23.573540554942387,0],[-45.893143980852642,-23.573491181343574,0],[-45.893018333913751,-23.57318789509128,0],[-45.892996909471435,-23.573033260645044,0],[-45.893031786136198,-23.572827357310764,0],[-45.893005698910031,-23.572593985086254,0],[-45.89301997196344,-23.57235516634449,0],[-45.893034600309022,-23.57216425716992,0],[-45.89300799391436,-23.571981060648916,0],[-45.892825943910786,-23.571650730089338,0],[-45.892553721685324,-23.571307431204165,0],[-45.892527823917135,-23.571140584533847,0],[-45.892592087241219,-23.571056335087121,0],[-45.892644550575604,-23.571013526752839,0],[-45.892931186686091,-23.57091709175921,0],[-45.893422630019074,-23.570731081196683,0],[-45.893992373909448,-23.570854083422205,0],[-45.894281277241312,-23.570983695646714,0],[-45.894707227805611,-23.571058709530416,0],[-45.895125510581757,-23.57094016398203,0],[-45.895377163809712,-23.570937265715305,0],[-45.895267028897933,-23.571222098684704,0],[-45.894572886206333,-23.571215142483307,0],[-45.894267508096675,-23.571311577675882,0],[-45.894155000372052,-23.571483018018181,0],[-45.894021062604679,-23.571879473809648,0],[-45.893822834708885,-23.572302717154635,0],[-45.893479954024428,-23.573063483673483,0],[-45.893308513682143,-23.573395649336533,0],[-45.893170654673042,-23.573540554942387,0]]]},"properties":{"FID":87}},{"type":"Feature","id":88,"geometry":{"type":"Polygon","coordinates":[[[-45.889509755981294,-23.572162741754838,0],[-45.889547541173442,-23.572072344194623,0],[-45.889515396109239,-23.571825898702631,0],[-45.889365385809747,-23.5713865828256,0],[-45.889215375510275,-23.571006199566234,0],[-45.889097510275015,-23.570807971670426,0],[-45.889010967879123,-23.570691511651376,0],[-45.889280124605882,-23.57059042977658,0],[-45.88956174153725,-23.570485943309105,0],[-45.889725289574706,-23.570425973774885,0],[-45.889888837458443,-23.570366004072344,0],[-45.889984649162898,-23.570800745839058,0],[-45.890066433164066,-23.571070263379511,0],[-45.890225958931921,-23.571259528478215,0],[-45.890321289227359,-23.571462718229604,0],[-45.890354158258113,-23.571623164821741,0],[-45.89024994866304,-23.571972091488703,0],[-45.889886121752127,-23.572196516789965,0],[-45.889860538763052,-23.572205505633306,0],[-45.889509755981294,-23.572162741754838,0]]]},"properties":{"FID":88}},{"type":"Feature","id":89,"geometry":{"type":"Polygon","coordinates":[[[-45.888765627800645,-23.568096022883591,0],[-45.889173306141231,-23.568047450113504,0],[-45.889552050577656,-23.568107631777256,0],[-45.889963913918344,-23.568246546224319,0],[-45.890331144474771,-23.568522089001412,0],[-45.890487355023659,-23.568818736780312,0],[-45.890522825026324,-23.569125353440651,0],[-45.890446330581661,-23.569464541774042,0],[-45.890409622252669,-23.569626819002046,0],[-45.890303786694687,-23.56997926066299,0],[-45.889889045028625,-23.570366199556695,0],[-45.889859132803785,-23.570284957887161,0],[-45.889781211692707,-23.570085594553756,0],[-45.889721125025979,-23.569923746776063,0],[-45.889645603359384,-23.569731644553769,0],[-45.889723582248223,-23.569507116775981,0],[-45.889779599470444,-23.56925224955371,0],[-45.889719707248332,-23.56906838010935,0],[-45.889586234470471,-23.568895225664836,0],[-45.889229488914857,-23.568849637331486,0],[-45.888936272248202,-23.568837337331445,0],[-45.888615692803789,-23.568862403442616,0],[-45.888458579470417,-23.568993800664835,0],[-45.888420669470463,-23.569225237331597,0],[-45.888404243359339,-23.569369921775895,0],[-45.88825018391492,-23.569417432331647,0],[-45.888127844470489,-23.569458995109294,0],[-45.88803031391484,-23.569511039553721,0],[-45.887975293917911,-23.569278385663548,0],[-45.887932591695126,-23.56910828010524,0],[-45.887829202248035,-23.568717645668183,0],[-45.887906464471598,-23.56853864566056,0],[-45.888057105581538,-23.568441214000522,0],[-45.888309018915272,-23.568334810662336,0],[-45.888765627800645,-23.568096022883591,0]]]},"properties":{"FID":89}},{"type":"Feature","id":90,"geometry":{"type":"Polygon","coordinates":[[[-45.886420636190394,-23.569662453880181,0],[-45.886445542480431,-23.569642713094073,0],[-45.88657948024786,-23.569830225968357,0],[-45.886791101920323,-23.570114174035265,0],[-45.886874143336115,-23.57024007553667,0],[-45.887000044837414,-23.570532059869553,0],[-45.886791101920323,-23.570937891304762,0],[-45.88662501908874,-23.570635191950483,0],[-45.886558050205053,-23.570536078002576,0],[-45.886381252352066,-23.570356601394337,0],[-45.886185703211659,-23.570233378648307,0],[-45.885955330251761,-23.570104798391547,0],[-45.885718696231265,-23.570033718434502,0],[-45.885694127069378,-23.569939550897811,0],[-45.885637456292784,-23.56953243891947,0],[-45.885649430713038,-23.56898345911463,0],[-45.885649290574918,-23.568905385441731,0],[-45.885627418221588,-23.568573726499938,0],[-45.885626487842508,-23.568564483363762,0],[-45.885609782094214,-23.568398520786495,0],[-45.885606738019305,-23.568368279643206,0],[-45.885492381527051,-23.568228813477901,0],[-45.885407479510896,-23.568124635232316,0],[-45.885324954130056,-23.568023372998525,0],[-45.885257074528795,-23.567961205979209,0],[-45.885138171689682,-23.567808333423791,0],[-45.88500303002683,-23.567648630086524,0],[-45.884988097250584,-23.567614699530399,0],[-45.884955711135717,-23.567425246757935,0],[-45.884932291134248,-23.567236876200525,0],[-45.884852900360272,-23.566957444563407,0],[-45.884852236130087,-23.566858292869888,0],[-45.884847022241388,-23.566766646202563,0],[-45.884843907249035,-23.566720437865051,0],[-45.884829198912996,-23.56661977897619,0],[-45.88481848891297,-23.566503453423255,0],[-45.884826201139397,-23.566422410639916,0],[-45.884844323917093,-23.566319498979954,0],[-45.884868409471274,-23.566244663425223,0],[-45.884909451694007,-23.566139486757773,0],[-45.88495776335396,-23.566037953975627,0],[-45.885026409470022,-23.565912815091696,0],[-45.885077052798636,-23.565844863422161,0],[-45.885121111691085,-23.565805881201758,0],[-45.885289224469034,-23.565688302862437,0],[-45.885343049472802,-23.565662758976838,0],[-45.885398549463844,-23.565644713981964,0],[-45.885521170022287,-23.565628470645205,0],[-45.885579223355883,-23.565633143420605,0],[-45.885690101691637,-23.565659962864981,0],[-45.885764832798479,-23.565687448421226,0],[-45.8859365011349,-23.56577625619736,0],[-45.886066674471984,-23.565826883419497,0],[-45.886193634472882,-23.565888210644861,0],[-45.886475760018925,-23.566041448420485,0],[-45.886623965575723,-23.566133113425241,0],[-45.886716906131426,-23.566200895648269,0],[-45.886803818352746,-23.566273072308888,0],[-45.886899920577889,-23.566379402312315,0],[-45.88692892502047,-23.566428095087705,0],[-45.886952511136599,-23.566506319536938,0],[-45.886942145575347,-23.566616885089097,0],[-45.88688018502387,-23.56671281620423,0],[-45.886797614465763,-23.566797807865832,0],[-45.886707682246822,-23.566869244532764,0],[-45.886591292803871,-23.566979752864839,0],[-45.886393793912589,-23.56713687786754,0],[-45.886163655022067,-23.567423612311352,0],[-45.886085588910085,-23.567568827313615,0],[-45.886039145580526,-23.567782023422627,0],[-45.886028581138241,-23.567892488982139,0],[-45.886008048915414,-23.567974960640537,0],[-45.885968472805367,-23.568078821757183,0],[-45.885935610575814,-23.568291821200159,0],[-45.885928157242567,-23.568394376754952,0],[-45.885919195025913,-23.568486081200614,0],[-45.885907680578903,-23.568583039531298,0],[-45.885945665574248,-23.568719047870903,0],[-45.886101027249424,-23.569270875090638,0],[-45.886163388361133,-23.569365546197613,0],[-45.886185633911971,-23.569393727314147,0],[-45.886259788359268,-23.569481397867726,0],[-45.886370240578628,-23.56960417397708,0],[-45.886420636190394,-23.569662453880181,0]]]},"properties":{"FID":90}},{"type":"Feature","id":91,"geometry":{"type":"Polygon","coordinates":[[[-45.893882859743258,-23.573155688919773,0],[-45.893657033742613,-23.573324070655186,0],[-45.893442500105436,-23.573484031512358,0],[-45.893237281684094,-23.573601591089623,0],[-45.893538886642041,-23.573213493972965,0],[-45.893938021188887,-23.57230807466533,0],[-45.894053207668897,-23.57204019913053,0],[-45.894152321616787,-23.571962515225437,0],[-45.894350549512467,-23.571474981752097,0],[-45.894564849940373,-23.571319613941903,0],[-45.895025595860197,-23.57130889892051,0],[-45.895197036202489,-23.571335686474015,0],[-45.895014880838801,-23.571796432393846,0],[-45.894838082985814,-23.572069665439379,0],[-45.894811295432419,-23.572267893335077,0],[-45.894741647793353,-23.572380401059714,0],[-45.894773792857507,-23.572701851701471,0],[-45.894773792857507,-23.572830431958209,0],[-45.894672000154237,-23.572975084746975,0],[-45.894463057237154,-23.573304571654777,0],[-45.893882859743258,-23.573155688919773,0]]]},"properties":{"FID":91}},{"type":"Feature","id":92,"geometry":{"type":"Polygon","coordinates":[[[-45.88872816576901,-23.57041376274595,0],[-45.888492111566336,-23.570643228216564,0],[-45.888293883670556,-23.57073296652073,0],[-45.888082261998022,-23.570941909437803,0],[-45.887460803640693,-23.57144611003304,0],[-45.887462873040768,-23.571425935200921,0],[-45.887463066352666,-23.571423103823864,0],[-45.887464068095198,-23.571394756306859,0],[-45.887464049030427,-23.571391919440657,0],[-45.88746306757934,-23.57136357217383,0],[-45.887462874378173,-23.571360740790677,0],[-45.887459979350119,-23.571332505283703,0],[-45.887459593656963,-23.571329690661283,0],[-45.887454780912961,-23.571301678429048,0],[-45.887454586019714,-23.571300624887677,0],[-45.887454204243049,-23.571298891685966,0],[-45.887447492792376,-23.571271213271366,0],[-45.887446727424326,-23.571268465404788,0],[-45.887438143743736,-23.571241230052568,0],[-45.887437192700133,-23.571238531901663,0],[-45.887426689056667,-23.571211641289953,0],[-45.887425637699096,-23.571209209317228,0],[-45.887413418442179,-23.571183180357309,0],[-45.887411740020866,-23.571179947579473,0],[-45.887461595339403,-23.571093658657375,0],[-45.887568091546484,-23.570942244191663,0],[-45.887744326687539,-23.570711811854785,0],[-45.887756294620836,-23.570695019272542,0],[-45.887823445051595,-23.570593640235526,0],[-45.887828357894421,-23.570585928122725,0],[-45.887841861788509,-23.57056182519927,0],[-45.887918941331016,-23.570407771812199,0],[-45.887924750954994,-23.570395388193226,0],[-45.88793466561151,-23.570370045975601,0],[-45.887938145025998,-23.570349401220493,0],[-45.888080330581538,-23.570368470109365,0],[-45.888288056137071,-23.570405661220502,0],[-45.8884722994705,-23.570394303998224,0],[-45.888709291137047,-23.570413870664943,0],[-45.88872816576901,-23.57041376274595,0]]]},"properties":{"FID":92}},{"type":"Feature","id":93,"geometry":{"type":"Polygon","coordinates":[[[-45.886667176377614,-23.570959590374798,0],[-45.886550013939043,-23.571020932720568,0],[-45.886480366299971,-23.571106652891789,0],[-45.886394646128736,-23.571251305680573,0],[-45.886383931107446,-23.571379885937237,0],[-45.88641607617155,-23.571578113833031,0],[-45.886475008789269,-23.571685264046963,0],[-45.886614304067336,-23.571789735505501,0],[-45.886764314366815,-23.571864740655197,0],[-45.886892894623486,-23.571875455676604,0],[-45.886978614794714,-23.571891528208724,0],[-45.887128625094192,-23.571854025633804,0],[-45.887267920372267,-23.571795093016203,0],[-45.887380428096897,-23.571666512759528,0],[-45.887439360714495,-23.571559362545557,0],[-45.888055474444627,-23.571114689157749,0],[-45.888505505343005,-23.570761093451893,0],[-45.888655515642483,-23.570723590876977,0],[-45.888843028516881,-23.570766450962594,0],[-45.888966251262893,-23.570873601176469,0],[-45.889105546540975,-23.571114689157767,0],[-45.889335919500986,-23.571709372845035,0],[-45.889351992033085,-23.572052253529591,0],[-45.888944821220093,-23.57208439859378,0],[-45.888553722939328,-23.572186191296961,0],[-45.888301919936623,-23.572250481425268,0],[-45.888023329380417,-23.572325486575107,0],[-45.887567940971287,-23.572539787002935,0],[-45.887337568011276,-23.572588004599144,0],[-45.887182200201103,-23.572641579706158,0],[-45.887064334965835,-23.572716584855929,0],[-45.886828604495236,-23.573054108029741,0],[-45.886351786043235,-23.573209475839921,0],[-45.886249993339959,-23.573091610604596,0],[-45.886153558147441,-23.572925527773005,0],[-45.88610534055119,-23.572700512323827,0],[-45.886067837976384,-23.57218887005229,0],[-45.885891040123397,-23.571551326279522,0],[-45.885848180037783,-23.571160227998732,0],[-45.885783889909476,-23.570661979503999,0],[-45.885713096679972,-23.570230401246093,0],[-45.88584041710908,-23.570256116111416,0],[-45.886043025650224,-23.570326188043065,0],[-45.886222811568295,-23.570443326689478,0],[-45.886371210728107,-23.57055961896998,0],[-45.886482709144218,-23.570666429269693,0],[-45.886588507744762,-23.570812929015741,0],[-45.886667176377614,-23.570959590374798,0]]]},"properties":{"FID":93}},{"type":"Feature","id":94,"geometry":{"type":"Polygon","coordinates":[[[-45.885707981209862,-23.570039075945218,0],[-45.885717385976193,-23.570041287719565,0],[-45.885910289115827,-23.570095664399389,0],[-45.885707981209862,-23.570039075945218,0]]]},"properties":{"FID":94}},{"type":"Feature","id":95,"geometry":{"type":"Polygon","coordinates":[[[-47.878067895516949,-24.39588646307886,0],[-47.878074637734301,-24.395892413892735,0],[-47.878082006779152,-24.395900456529823,0],[-47.878088306530067,-24.395909228517091,0],[-47.878093451551486,-24.395918610244678,0],[-47.878097372595562,-24.395928476706906,0],[-47.878100016602453,-24.395938692105922,0],[-47.878101347598999,-24.395949119745115,0],[-47.878101347598999,-24.395959619329979,0],[-47.878100016602446,-24.395970046969065,0],[-47.878097372595562,-24.395980262368209,0],[-47.878093451551486,-24.395990128830292,0],[-47.878088306530067,-24.395999510557882,0],[-47.878082006779159,-24.396008282545225,0],[-47.878074637734294,-24.396016325182238,0],[-47.878066299220222,-24.396023529651202,0],[-47.878057103652395,-24.396029798825168,0],[-47.878047175136949,-24.396035048167917,0],[-47.878036648572447,-24.396039206633134,0],[-47.878025666051599,-24.39604221846259,0],[-47.878014376861984,-24.3960440413884,0],[-47.878002932089608,-24.396044652028078,0],[-47.877991487317161,-24.3960440413884,0],[-47.877980197228283,-24.396042218462579,0],[-47.877969214707434,-24.396039206633127,0],[-47.877958688142826,-24.396035048167914,0],[-47.877948759627429,-24.396029798825165,0],[-47.877939564059545,-24.396023529651202,0],[-47.877937967762932,-24.396022275996241,0],[-47.877788146106013,-24.39590206541698,0],[-47.877781403888669,-24.395896114602969,0],[-47.87777403484381,-24.395888071965942,0],[-47.877773987179694,-24.395888014409305,0],[-47.877556083246589,-24.39561951461792,0],[-47.877260060603199,-24.395332924963554,0],[-47.876862670875475,-24.394986345132743,0],[-47.876244012850869,-24.394541570126435,0],[-47.875649345141142,-24.394252439887154,0],[-47.875641399630858,-24.394248128537367,0],[-47.875632204962244,-24.394241858464063,0],[-47.875623865548903,-24.394234653995053,0],[-47.875616497403371,-24.394226611358086,0],[-47.875614441553125,-24.394223985337703,0],[-47.875455469294373,-24.394013069136864,0],[-47.875218013200652,-24.393910883669385,0],[-47.875215693849114,-24.393909852147033,0],[-47.87520576623303,-24.393904602804234,0],[-47.875203327271663,-24.393903084748619,0],[-47.874671634588196,-24.393561531228716,0],[-47.874663948982004,-24.393556056156058,0],[-47.874204771333105,-24.393194233716024,0],[-47.874198048900773,-24.393188412404356,0],[-47.873792694777023,-24.39280280019819,0],[-47.873792007694874,-24.392802140995116,0],[-47.873785037049743,-24.392794583991993,0],[-47.8733284692334,-24.392240739207814,0],[-47.873328071733063,-24.392240253573959,0],[-47.873321772881411,-24.392231482486014,0],[-47.87331662786,-24.392222099859062,0],[-47.873313133094548,-24.392213505038356,0],[-47.873216557597971,-24.391933159376897,0],[-47.873216130419969,-24.391931888634858,0],[-47.873213603325105,-24.391922265888986,0],[-47.873111345911866,-24.39141111282164,0],[-47.873110076968437,-24.391402393894438,0],[-47.87305246999545,-24.390773762388335,0],[-47.873052291929639,-24.390771461922569,0],[-47.873052291929639,-24.390760963236982,0],[-47.873053148084239,-24.390753236261897,0],[-47.873098865120419,-24.390464956781443,0],[-47.873099339063174,-24.390462256117306,0],[-47.873100531564205,-24.390456986989545,0],[-47.873235196946723,-24.389939913685179,0],[-47.873236648452462,-24.389934966514659,0],[-47.873240557805389,-24.389925125233439,0],[-47.873405962914831,-24.389573656688079,0],[-47.873411113332168,-24.389564262369962,0],[-47.873411520725028,-24.389563622052659,0],[-47.873610430976498,-24.389253989968772,0],[-47.873616322435225,-24.389245859198123,0],[-47.873623691480127,-24.389237816561096,0],[-47.873628688113399,-24.389233299266436,0],[-47.873902571246617,-24.389002766153844,0],[-47.873910342288411,-24.388996868399943,0],[-47.874313164820592,-24.388721717222609,0],[-47.874317930328175,-24.38871865772899,0],[-47.874327857944202,-24.388713408386259,0],[-47.874333347405972,-24.388711074645482,0],[-47.874802473355373,-24.388527392614201,0],[-47.875237095015912,-24.388372414244593,0],[-47.875239141872797,-24.388371708276917,0],[-47.875250124393638,-24.3883686973466,0],[-47.875261413583253,-24.38836687442079,0],[-47.875261472039256,-24.388366868125573,0],[-47.875998505126866,-24.388288377995362,0],[-47.876212782993491,-24.388223618714235,0],[-47.876220939844416,-24.388221504408083,0],[-47.876232229034031,-24.388219681482287,0],[-47.876243672907151,-24.388219070842645,0],[-47.876255117679477,-24.388219681482287,0],[-47.876266406869149,-24.388221504408069,0],[-47.87627218141597,-24.388222928934162,0],[-47.876605186879772,-24.388315067175782,0],[-47.876610393954479,-24.388316653579817,0],[-47.876620920518974,-24.388320812044924,0],[-47.876630848135115,-24.388326061387779,0],[-47.876640042803615,-24.388332331461026,0],[-47.876648381317679,-24.388339535929962,0],[-47.876655749463225,-24.388347578566993,0],[-47.876660809948369,-24.388354439494954,0],[-47.876752001203826,-24.388491209291036,0],[-47.877086764842261,-24.388637942676027,0],[-47.877088451071131,-24.38863869990525,0],[-47.877098378687151,-24.388643949247975,0],[-47.877104712612386,-24.388648101417846,0],[-47.877348531409552,-24.38882170025046,0],[-47.877351393052272,-24.388823817254561,0],[-47.877359731566344,-24.388831022622753,0],[-47.877367099711819,-24.388839064360429,0],[-47.877373399462726,-24.38884783634774,0],[-47.877378544484145,-24.388857218974579,0],[-47.877382049142227,-24.388865845271653,0],[-47.87747205419187,-24.389127455356906,0],[-47.877472469678708,-24.389128694622748,0],[-47.877475113685477,-24.389138910021753,0],[-47.877476443782768,-24.38914933856023,0],[-47.877476610157316,-24.38915421558373,0],[-47.877477765786239,-24.389410765183818,0],[-47.877477599411577,-24.389416386845877,0],[-47.877476268415023,-24.389426814484967,0],[-47.877476037289171,-24.389427971912539,0],[-47.877369771597614,-24.389940747356771,0],[-47.877367358716533,-24.389949806227715,0],[-47.877367018772823,-24.389950825159591,0],[-47.877242406012158,-24.390316275464897,0],[-47.8771407628359,-24.390699543138567,0],[-47.876995218354523,-24.391294467155031,0],[-47.87686899310944,-24.392053548921243,0],[-47.87687942434593,-24.392169231414016,0],[-47.87687959161979,-24.392171412269921,0],[-47.876879591619797,-24.392181911854763,0],[-47.87687922739434,-24.392186019957894,0],[-47.876862645694416,-24.39233174430365,0],[-47.876887980495781,-24.392509398179246,0],[-47.876888643296184,-24.392515840922389,0],[-47.876888704450096,-24.392525280206616,0],[-47.876884131397503,-24.392615417456671,0],[-47.876884070243584,-24.392616476858052,0],[-47.876882739246923,-24.392626904497156,0],[-47.876880096139416,-24.392637120795531,0],[-47.87687617509539,-24.392646986358393,0],[-47.876871030073914,-24.392656368985357,0],[-47.876864730322957,-24.392665140073181,0],[-47.876857362177468,-24.392673182710311,0],[-47.876849023663461,-24.392680387179158,0],[-47.876839828095569,-24.392686657252508,0],[-47.876829900479493,-24.39269190659525,0],[-47.876819373914941,-24.392696065060477,0],[-47.876808391394086,-24.392699075990663,0],[-47.87679710220447,-24.392700898916463,0],[-47.876785657432052,-24.392701509556122,0],[-47.876774213559095,-24.392700898916477,0],[-47.876762923470046,-24.392699075990663,0],[-47.876751940949191,-24.392696065060491,0],[-47.876741415284073,-24.392691906595264,0],[-47.87673148676862,-24.392686657252508,0],[-47.876722291200679,-24.392680387179169,0],[-47.876713953585977,-24.392673182710329,0],[-47.876706584541182,-24.392665140073181,0],[-47.876700284790218,-24.392656368985357,0],[-47.876695139768856,-24.392646986358383,0],[-47.876691218724716,-24.392637120795538,0],[-47.876688575617209,-24.392626904497138,0],[-47.876687244620541,-24.392616476858063,0],[-47.876687184366006,-24.39260703667447,0],[-47.87669135272364,-24.392524870115782,0],[-47.876665648301014,-24.392344618998102,0],[-47.876664985500611,-24.392338177154205,0],[-47.876664985500604,-24.392327677569384,0],[-47.876665349726068,-24.392323569466278,0],[-47.876682176940854,-24.392175690344924,0],[-47.876671551450848,-24.392057854875144,0],[-47.876671384176923,-24.392055674019215,0],[-47.876671384176923,-24.392045175333628,0],[-47.87667234105561,-24.392036832323008,0],[-47.876800822699693,-24.391264188780372,0],[-47.876802084448514,-24.391258042813487,0],[-47.876948764773658,-24.390658493583786,0],[-47.877051569873977,-24.390270831822598,0],[-47.877053265995357,-24.390265227247596,0],[-47.877177133218083,-24.389901966791452,0],[-47.877280573239773,-24.389402829566123,0],[-47.877279519234385,-24.389168655997743,0],[-47.877203250429595,-24.388946969516155,0],[-47.87699208421725,-24.388796619957134,0],[-47.876640540128726,-24.388642531017137,0],[-47.876638854799232,-24.388641773787981,0],[-47.876628927183219,-24.388636524445197,0],[-47.876619731615214,-24.388630255271192,0],[-47.876611394000577,-24.388623050802266,0],[-47.876604024955718,-24.388615008165228,0],[-47.876598964470524,-24.388608147237377,0],[-47.876512155611408,-24.388477950586037,0],[-47.876244983219294,-24.388404028112589,0],[-47.876050753039813,-24.388462728661178,0],[-47.876042595289519,-24.388464842967274,0],[-47.876031306099826,-24.388466665893077,0],[-47.8760312485432,-24.388466672188308,0],[-47.875296819892242,-24.388544884427958,0],[-47.874877002871365,-24.388694571186647,0],[-47.874421633851284,-24.388872878869478,0],[-47.874032261579487,-24.389138843471979,0],[-47.873772910591256,-24.389357144006159,0],[-47.873584571870481,-24.389650321194534,0],[-47.873424991669935,-24.38998941326998,0],[-47.873293337217717,-24.390494928487279,0],[-47.873249880177809,-24.390768960907963,0],[-47.873306141764999,-24.391382903787076,0],[-47.873406426964948,-24.391884193989487,0],[-47.873496048903462,-24.392144350770256,0],[-47.873938828314188,-24.392681468164252,0],[-47.874336873647685,-24.393060126812443,0],[-47.874788845928435,-24.393416270033825,0],[-47.875309572278923,-24.393750780063442,0],[-47.875563405027094,-24.393860012618468,0],[-47.875565723479262,-24.39386104414098,0],[-47.875575651095346,-24.393866294382981,0],[-47.875584846663287,-24.39387256355695,0],[-47.875593185177252,-24.393879768025919,0],[-47.87560055422211,-24.393887810662942,0],[-47.875602610072349,-24.393890436683318,0],[-47.875763039232773,-24.394103285527201,0],[-47.876344211715889,-24.394385854312759,0],[-47.876352157226222,-24.394390165662685,0],[-47.876358858974072,-24.394394581333852,0],[-47.876988119106336,-24.394846978993947,0],[-47.876995230945113,-24.394852614145805,0],[-47.877399733410925,-24.395205438868977,0],[-47.877703334641126,-24.39549932022652,0],[-47.877703423674006,-24.395499406561385,0],[-47.877710792718858,-24.395507449198419,0],[-47.877710840382917,-24.395507507654425,0],[-47.877925969907551,-24.395772588223394,0],[-47.878067895516949,-24.39588646307886,0]]]},"properties":{"FID":95}},{"type":"Feature","id":96,"geometry":{"type":"Polygon","coordinates":[[[-47.878665127193756,-24.389540616495367,0],[-47.878667597631477,-24.389534831156645,0],[-47.878672742652846,-24.389525449429144,0],[-47.87867904150454,-24.389516677441865,0],[-47.878686410549399,-24.389508634804812,0],[-47.878694749063349,-24.389501430335873,0],[-47.878703943731921,-24.389495161161896,0],[-47.878713871348054,-24.389489911819123,0],[-47.878724397912556,-24.389485753353952,0],[-47.878735379534078,-24.38948274152445,0],[-47.878746668723743,-24.389480918598611,0],[-47.878758112596749,-24.389480307958994,0],[-47.878769557369083,-24.389480918598629,0],[-47.878780846558698,-24.389482741524443,0],[-47.878791828180297,-24.389485753353952,0],[-47.878802354744835,-24.389489911819108,0],[-47.878812282360911,-24.389495161161882,0],[-47.878821477029426,-24.389501430335887,0],[-47.87882981554344,-24.38950863480483,0],[-47.878837183689036,-24.389516677441879,0],[-47.878843483439994,-24.389525449429129,0],[-47.878848628461363,-24.389534831156666,0],[-47.878852548606183,-24.389544697618817,0],[-47.878855192613003,-24.389554913017999,0],[-47.878856523609613,-24.389565340657096,0],[-47.878856523609613,-24.389575840241942,0],[-47.878855192613003,-24.389586267881047,0],[-47.87885254950551,-24.389596483280179,0],[-47.878851098899077,-24.389600564403686,0],[-47.878723884399619,-24.38993158686236,0],[-47.878564978690747,-24.390374476889694,0],[-47.878561842754777,-24.390382051879325,0],[-47.878557806597428,-24.3903896277683,0],[-47.878295658717661,-24.390828429477505,0],[-47.878234377114772,-24.391204882088694,0],[-47.878199225313949,-24.391670277650302,0],[-47.878193091937533,-24.392271165071236,0],[-47.878377425078043,-24.392801110372041,0],[-47.878714827327371,-24.393569061252272,0],[-47.879088688991772,-24.39413715399553,0],[-47.879613713202268,-24.394807472675737,0],[-47.880065589255416,-24.395242877645735,0],[-47.880426712023059,-24.395522605472877,0],[-47.881139749399836,-24.395754789740753,0],[-47.881674976418992,-24.395835423854756,0],[-47.88228124178579,-24.395845113150408,0],[-47.882927398380673,-24.395700361871206,0],[-47.88368515094885,-24.39541904224405,0],[-47.883688470346556,-24.395417873125378,0],[-47.883699452867411,-24.395414862195189,0],[-47.883710742956389,-24.395413038370013,0],[-47.883722187728722,-24.395412428629644,0],[-47.883733632501098,-24.395413038370023,0],[-47.883744922589983,-24.395414862195182,0],[-47.883755904211561,-24.395417873125385,0],[-47.88376643077607,-24.395422031590499,0],[-47.88377635929151,-24.395427280933241,0],[-47.883785554859344,-24.395433550107327,0],[-47.883793893373422,-24.395440755475537,0],[-47.883801262418274,-24.395448798112565,0],[-47.883807562169174,-24.395457569200538,0],[-47.883812707190657,-24.395466951827359,0],[-47.883816628234683,-24.395476817390197,0],[-47.883819272241574,-24.39548703278939,0],[-47.883820603238235,-24.395497461327697,0],[-47.883820603238235,-24.395507960013326,0],[-47.883819272241574,-24.395518387652537,0],[-47.883816628234683,-24.395528603950947,0],[-47.883812707190657,-24.395538469513784,0],[-47.883807562169174,-24.395547851241368,0],[-47.883801262418274,-24.395556623228579,0],[-47.883793893373415,-24.395564665865678,0],[-47.883785554859344,-24.395571870334553,0],[-47.883776359291517,-24.395578140407913,0],[-47.883766430776063,-24.395583389750641,0],[-47.883759224508474,-24.395586379097093,0],[-47.882994825051071,-24.395870166463972,0],[-47.882991505653415,-24.395871335582754,0],[-47.88298121291264,-24.395874194527451,0],[-47.882315699309977,-24.39602328233763,0],[-47.882315010429295,-24.39602343432302,0],[-47.88230372034036,-24.396025257248887,0],[-47.882292275568034,-24.396025867888511,0],[-47.882290556064284,-24.396025854398715,0],[-47.881664347331707,-24.396015845843632,0],[-47.881654622962458,-24.396015249593102,0],[-47.881650066097635,-24.396014662335865,0],[-47.881099036191472,-24.395931646817015,0],[-47.881092303866637,-24.3959304102492,0],[-47.881082012025217,-24.395927626847534,0],[-47.880343735175188,-24.395687224574772,0],[-47.880343044495817,-24.39568699704629,0],[-47.880332517931322,-24.395682838581148,0],[-47.880322590315252,-24.39567758923835,0],[-47.880313394747304,-24.39567132006438,0],[-47.880313097970998,-24.39567109163659,0],[-47.879934165929008,-24.395377568209259,0],[-47.879926374202739,-24.395370834085789,0],[-47.879466116468059,-24.394927352304538,0],[-47.879465866456542,-24.394927110386909,0],[-47.87945849741164,-24.394919067749814,0],[-47.879457467687928,-24.394917777222709,0],[-47.878926185095281,-24.394239467166706,0],[-47.87892185755765,-24.394233448903535,0],[-47.878541888597155,-24.393656074257429,0],[-47.878540947007082,-24.393654611959832,0],[-47.878535801985599,-24.393645230232224,0],[-47.87853486579138,-24.393643172583385,0],[-47.878193152192182,-24.392865405603132,0],[-47.878190677257862,-24.392859107650736,0],[-47.878000440068149,-24.392312188545709,0],[-47.877999931051932,-24.392310678584064,0],[-47.877997287045048,-24.392300463184931,0],[-47.877995956947764,-24.392290034646468,0],[-47.877995794170552,-24.392283941739613,0],[-47.878002102914643,-24.391665893455304,0],[-47.878002334040389,-24.391660506516249,0],[-47.878037957985271,-24.391188865163151,0],[-47.878038800650074,-24.391181782102592,0],[-47.878103246967221,-24.390785894242697,0],[-47.878103666950551,-24.390783529025665,0],[-47.878106310957435,-24.390773313626621,0],[-47.878110231102191,-24.390763448063812,0],[-47.878114267259548,-24.390755872174864,0],[-47.878380502558059,-24.390310231121369,0],[-47.878537231907671,-24.389873424108323,0],[-47.878665127193756,-24.389540616495367,0]]]},"properties":{"FID":96}},{"type":"Feature","id":97,"geometry":{"type":"Polygon","coordinates":[[[-47.898866540758206,-24.391154451705624,0],[-47.89886035971773,-24.391154629771457,0],[-47.898848914945404,-24.391154019131765,0],[-47.898837625755789,-24.391152196205972,0],[-47.898826643234948,-24.391149184376395,0],[-47.898816117569645,-24.391145025911275,0],[-47.898806189953689,-24.391139776568533,0],[-47.898796994385691,-24.391133507394553,0],[-47.898788655871662,-24.391126302925617,0],[-47.898781286826818,-24.391118260288572,0],[-47.89877498797523,-24.391109488301375,0],[-47.898769842953868,-24.391100106573791,0],[-47.898765921909728,-24.391090240111616,0],[-47.898763278802221,-24.391080024712426,0],[-47.898761947805617,-24.391069597073347,0],[-47.898761947805617,-24.391059097488373,0],[-47.898763278802228,-24.391048669849297,0],[-47.898765921909721,-24.391038454450204,0],[-47.898769842953875,-24.391028587988046,0],[-47.89877498797523,-24.391019206260466,0],[-47.898781287726194,-24.391010434273245,0],[-47.89878865587167,-24.391002391636103,0],[-47.898796994385691,-24.390995187167292,0],[-47.898806189953696,-24.390988917993308,0],[-47.898816117569659,-24.39098366865046,0],[-47.898826643234948,-24.390979510185335,0],[-47.898837625755796,-24.390976498355823,0],[-47.898848914945397,-24.390974675430012,0],[-47.898854177778041,-24.390974242856096,0],[-47.899092756225627,-24.39096051470511,0],[-47.899375544445782,-24.390922869983584,0],[-47.899378280183441,-24.390922541730962,0],[-47.899389724056505,-24.390921931091317,0],[-47.89939905182473,-24.390922336685666,0],[-47.899611078688281,-24.390940794371268,0],[-47.89988778389403,-24.390939321281788,0],[-47.900317633751683,-24.390892598803539,0],[-47.900317808220223,-24.390892579917743,0],[-47.900329252093286,-24.390891970177393,0],[-47.900340695966236,-24.390892579917743,0],[-47.9003480092532,-24.390893619534054,0],[-47.900703540036318,-24.390956727659947,0],[-47.901096696655209,-24.390977662977882,0],[-47.901446377348414,-24.390979676560001,0],[-47.901457201588528,-24.390980284501616,0],[-47.901468491677463,-24.390982108326689,0],[-47.901473567451148,-24.390983341297215,0],[-47.901758916940423,-24.391060186567472,0],[-47.901876201125738,-24.391076875286682,0],[-47.901883801296322,-24.39107823865891,0],[-47.901894782917793,-24.391081249589089,0],[-47.901905309482402,-24.391085408054334,0],[-47.901915237098478,-24.391090657396948,0],[-47.901924432666426,-24.391096926571031,0],[-47.901932770281007,-24.391104131939237,0],[-47.901940139325859,-24.391112174576282,0],[-47.90194643907688,-24.39112094566423,0],[-47.901951583198979,-24.391130328291187,0],[-47.901955504243006,-24.391140193853904,0],[-47.901958148249889,-24.391150409253033,0],[-47.90195947924645,-24.391160837791517,0],[-47.901959479246443,-24.391171336477111,0],[-47.901958148249889,-24.39118176411618,0],[-47.901955504242999,-24.391191980414582,0],[-47.901951584098313,-24.391201845977434,0],[-47.90194643907688,-24.391211227705007,0],[-47.901940139325859,-24.391219999692321,0],[-47.901932770281007,-24.391228042329391,0],[-47.901924432666419,-24.391235246798317,0],[-47.901915237098478,-24.391241516871553,0],[-47.901905309482402,-24.391246766214408,0],[-47.901894782917793,-24.391250924679536,0],[-47.901883801296314,-24.391253935609779,0],[-47.901872511207394,-24.391255758535532,0],[-47.901861067334323,-24.391256369175235,0],[-47.901849622561997,-24.391255758535532,0],[-47.901845932643646,-24.391255298981946,0],[-47.901722217406302,-24.391237694752924,0],[-47.901714617235712,-24.391236331380696,0],[-47.901709541462139,-24.391235098410174,0],[-47.901431257046809,-24.391160156105347,0],[-47.901090351938137,-24.391158164107026,0],[-47.90068552301841,-24.391136637035284,0],[-47.900679801531567,-24.391136179280295,0],[-47.900672488244716,-24.391135140563335,0],[-47.900325595449829,-24.391073564882166,0],[-47.899905516726101,-24.391119225261139,0],[-47.899894471252765,-24.391119852987973,0],[-47.899607262864777,-24.391121381835429,0],[-47.899597362228469,-24.391120978039726,0],[-47.899392184601595,-24.391103116604658,0],[-47.899117133249028,-24.391139730703131,0],[-47.899109135578108,-24.391140492428796,0],[-47.898866540758206,-24.391154451705624,0]]]},"properties":{"FID":97}},{"type":"Feature","id":98,"geometry":{"type":"Polygon","coordinates":[[[-47.932062194714433,-24.39506695136777,0],[-47.932061642530698,-24.395061315316468,0],[-47.932061642530698,-24.395050816630928,0],[-47.932062973527366,-24.395040388991738,0],[-47.932065617534136,-24.39503017269335,0],[-47.932069538578268,-24.395020307130498,0],[-47.932074683599751,-24.395010924503552,0],[-47.932080982451282,-24.395002153415714,0],[-47.932088351496134,-24.394994110778551,0],[-47.932096690010205,-24.394986905410349,0],[-47.932105885578103,-24.394980636236372,0],[-47.9321158140935,-24.394975386893631,0],[-47.932126340657994,-24.394971228428524,0],[-47.932137323178836,-24.394968217498228,0],[-47.932148612368451,-24.394966394572542,0],[-47.932160057140834,-24.394965783932793,0],[-47.932171501913224,-24.394966394572521,0],[-47.932182792002152,-24.394968217498214,0],[-47.932193774523007,-24.394971228428524,0],[-47.932204301087609,-24.394975386893645,0],[-47.932214228703572,-24.394980636236372,0],[-47.932223424271513,-24.394986905410359,0],[-47.932231762785591,-24.394994110778551,0],[-47.932239131830386,-24.395002153415714,0],[-47.93224543158135,-24.395010924503552,0],[-47.932250576602776,-24.395020307130498,0],[-47.932254497646859,-24.395030172693332,0],[-47.932257141653736,-24.395040388991731,0],[-47.932257919567292,-24.395045180579661,0],[-47.932303777797017,-24.395390955517207,0],[-47.932304433402805,-24.395398603351854,0],[-47.932325335445853,-24.395932151336734,0],[-47.932325232023807,-24.395940638238866,0],[-47.932323901027132,-24.395951065877959,0],[-47.9323237040756,-24.395952055132291,0],[-47.932197435662999,-24.396567686038853,0],[-47.932195863648133,-24.396574065829448,0],[-47.931866289997167,-24.397717225558431,0],[-47.931865414956853,-24.397720071912733,0],[-47.931861493912777,-24.397729937475578,0],[-47.931861406678536,-24.397730121836627,0],[-47.931455674839469,-24.398586264733304,0],[-47.931090876542669,-24.399356309235149,0],[-47.931085861922959,-24.399365440951218,0],[-47.930701580713347,-24.399976365705598,0],[-47.930303124389638,-24.400596172164523,0],[-47.930297246420757,-24.400604281351448,0],[-47.930289876476593,-24.400612323988419,0],[-47.930281537962507,-24.400619528457405,0],[-47.930272341495311,-24.400625798530719,0],[-47.930262412979857,-24.400631047873514,0],[-47.930251886415363,-24.40063520633856,0],[-47.930240902995202,-24.400638217268799,0],[-47.930229612906267,-24.400640040194617,0],[-47.930218168133933,-24.400640650834244,0],[-47.930206722462231,-24.400640040194617,0],[-47.930195432373189,-24.400638217268806,0],[-47.930184449852447,-24.400635206338567,0],[-47.930173922388583,-24.400631047873503,0],[-47.93016399387313,-24.400625798530719,0],[-47.930154798305232,-24.400619528457405,0],[-47.930146458891834,-24.400612323988419,0],[-47.930139089847103,-24.400604281351438,0],[-47.930132790096131,-24.400595509364226,0],[-47.930127645074663,-24.400586127636636,0],[-47.93012372403053,-24.400576262073677,0],[-47.930121080023753,-24.400566045775332,0],[-47.930119749027085,-24.400555618136135,0],[-47.930119749027085,-24.400545119450552,0],[-47.930121080023753,-24.400534690912195,0],[-47.930123724030523,-24.400524475513059,0],[-47.930127645074663,-24.400514609950218,0],[-47.930132790096131,-24.400505227323265,0],[-47.930133211878115,-24.400504565422246,0],[-47.93053119605775,-24.399885496407421,0],[-47.930912220822222,-24.399279749050081,0],[-47.931274800491622,-24.39851438911672,0],[-47.931677563668586,-24.397664514494757,0],[-47.932004317944866,-24.396531135792195,0],[-47.932127904579083,-24.395928590920811,0],[-47.9321075466259,-24.395408914079159,0],[-47.932062194714433,-24.39506695136777,0]]]},"properties":{"FID":98}},{"type":"Feature","id":99,"geometry":{"type":"Polygon","coordinates":[[[-47.90532733328974,-24.393201250226635,0],[-47.905321034438096,-24.393196794085853,0],[-47.905312695924124,-24.39318958871764,0],[-47.905305327778535,-24.393181546080587,0],[-47.905299028027684,-24.393172774992646,0],[-47.905293883006202,-24.393163392365704,0],[-47.905289961962126,-24.393153526802884,0],[-47.905287318854612,-24.393143311403719,0],[-47.905285987857958,-24.393132882865352,0],[-47.905285987857951,-24.39312238417979,0],[-47.905287318854619,-24.393111956540675,0],[-47.905289961962126,-24.393101740242177,0],[-47.905293883006202,-24.393091874679321,0],[-47.905299028027684,-24.393082492951759,0],[-47.905305327778535,-24.393073720964548,0],[-47.905312695924124,-24.393065678327506,0],[-47.905321034438089,-24.393058473858552,0],[-47.90533023000603,-24.393052203785206,0],[-47.905340158521476,-24.393046954442461,0],[-47.905350684186608,-24.393042795977358,0],[-47.905361666707449,-24.393039785047172,0],[-47.905372956796498,-24.393037962121344,0],[-47.90538440066944,-24.393037351481691,0],[-47.905395845441888,-24.393037962121344,0],[-47.905407134631446,-24.393039785047161,0],[-47.905418117152294,-24.393042795977358,0],[-47.905428643716895,-24.393046954442479,0],[-47.905438571332979,-24.393052203785206,0],[-47.905441468049268,-24.393054017717883,0],[-47.905774630894484,-24.393270635620418,0],[-47.905782854295182,-24.393276609816713,0],[-47.906119966063564,-24.393549529776006,0],[-47.906126379129034,-24.393555216189277,0],[-47.906133090769409,-24.393562459329079,0],[-47.906515307135699,-24.394021922962338,0],[-47.907078350185657,-24.394679045890335,0],[-47.907522054099445,-24.39508809352975,0],[-47.908083500852797,-24.395572232761371,0],[-47.908434003526395,-24.395816677486714,0],[-47.908826198770043,-24.396035802699203,0],[-47.909250137383822,-24.396236732827891,0],[-47.909872960168904,-24.396451513415631,0],[-47.910533203744308,-24.396578144254931,0],[-47.911233875442974,-24.396626374896304,0],[-47.911760685707009,-24.396644271404906,0],[-47.912210640808382,-24.396593973222263,0],[-47.912211140831403,-24.396593918363639,0],[-47.912222585603786,-24.39659330772389,0],[-47.912234030376169,-24.396593918363639,0],[-47.912245320465061,-24.396595741289449,0],[-47.912256302985902,-24.396598752219624,0],[-47.912266829550504,-24.396602910684745,0],[-47.912276758065907,-24.396608160027487,0],[-47.912285953633784,-24.39661443010084,0],[-47.912294292147756,-24.396621634569794,0],[-47.9123016611926,-24.396629677206814,0],[-47.912307960943629,-24.396638449194018,0],[-47.912313105964969,-24.396647830921605,0],[-47.912317027009124,-24.396657696484457,0],[-47.912319671015894,-24.396667912782892,0],[-47.912321002012561,-24.39667834042206,0],[-47.912321002012561,-24.396688839107586,0],[-47.912319671015887,-24.396699266746737,0],[-47.912317027009131,-24.396709483045182,0],[-47.912313105964984,-24.396719348608027,0],[-47.912307960943629,-24.39672873123488,0],[-47.9123016611926,-24.396737502322825,0],[-47.912294292147756,-24.396745544959863,0],[-47.912285953633784,-24.396752750328186,0],[-47.912276758065907,-24.396759019502156,0],[-47.912266829550497,-24.396764268844901,0],[-47.912256302985902,-24.396768427310015,0],[-47.912245320465054,-24.396771438240194,0],[-47.912234530399132,-24.396773206307373,0],[-47.911776801558062,-24.396824374134557,0],[-47.911776301535042,-24.396824428093861,0],[-47.911764856762716,-24.396825038733486,0],[-47.911761202817218,-24.396824976680303,0],[-47.911222829070198,-24.396806671879393,0],[-47.910511956361567,-24.396757755055319,0],[-47.910507901318518,-24.396757398923743,0],[-47.910499138324546,-24.396756092208815,0],[-47.909825115336744,-24.39662681826206,0],[-47.909822588241752,-24.396626302051196,0],[-47.909811605720904,-24.396623290221612,0],[-47.909810582292437,-24.396622943982596,0],[-47.909175231951338,-24.396403843051875,0],[-47.90916572971463,-24.396400031725072,0],[-47.909164661320013,-24.396399533500652,0],[-47.908732501103934,-24.396194705710133,0],[-47.908726470250372,-24.396191596753798,0],[-47.908326977907677,-24.395968395813771,0],[-47.908318594427556,-24.395963150967713,0],[-47.907959946594183,-24.395713025225007,0],[-47.90795209371413,-24.395706929620136,0],[-47.907384507289059,-24.395217478093176,0],[-47.906934413692106,-24.394802556981471,0],[-47.906932646524353,-24.394800885141709,0],[-47.906926797333718,-24.394794663631853,0],[-47.906359330518562,-24.394132372300213,0],[-47.905982127872846,-24.393678938621179,0],[-47.905656209966033,-24.393415081130119,0],[-47.90532733328974,-24.393201250226635,0]]]},"properties":{"FID":99}},{"type":"Feature","id":100,"geometry":{"type":"Polygon","coordinates":[[[-47.929713201502921,-24.41048164689915,0],[-47.929705764109663,-24.410487987119605,0],[-47.929696567642402,-24.410494256293589,0],[-47.929686638227736,-24.41049950563637,0],[-47.929676110763801,-24.410503664101444,0],[-47.92966512644432,-24.410506675031684,0],[-47.929653835456122,-24.410508498856867,0],[-47.929642389784426,-24.410509108597115,0],[-47.92963094321334,-24.410508498856867,0],[-47.929619652225085,-24.410506675031684,0],[-47.929608668804967,-24.410503664101444,0],[-47.929598140441719,-24.41049950563637,0],[-47.92958821102701,-24.410494256293578,0],[-47.929579014559742,-24.410487987119598,0],[-47.929570675146529,-24.410480782650723,0],[-47.929563305202294,-24.410472740013621,0],[-47.929557004552002,-24.410463968026352,0],[-47.929551859530591,-24.410454586298787,0],[-47.929547937587124,-24.410444719836672,0],[-47.929545293580418,-24.41043450443749,0],[-47.929543962583693,-24.410424076798392,0],[-47.929543962583693,-24.410413577213536,0],[-47.929545293580425,-24.410403149574332,0],[-47.929547937587131,-24.41039293417521,0],[-47.929551859530591,-24.410383068612369,0],[-47.929557004552009,-24.410373685985508,0],[-47.929563305202294,-24.410364914897563,0],[-47.929570675146529,-24.41035687226054,0],[-47.929571577166477,-24.410356008012069,0],[-47.929824185937377,-24.41011724520342,0],[-47.930154717366293,-24.409797257426114,0],[-47.93040227284655,-24.409482382294758,0],[-47.930765056661983,-24.408864952744068,0],[-47.931107166862148,-24.407998513509316,0],[-47.931460885511406,-24.407141516256676,0],[-47.93146447290701,-24.407133901696966,0],[-47.931631819652686,-24.406819280174432,0],[-47.931635073399825,-24.406813672901368,0],[-47.931641373150796,-24.406804900914203,0],[-47.931648743094911,-24.406796858277175,0],[-47.931657082508245,-24.406789653808186,0],[-47.931666278975577,-24.40678338373494,0],[-47.931676208390279,-24.406778134392084,0],[-47.931686734954781,-24.406773975927045,0],[-47.931697719274212,-24.406770964996767,0],[-47.93170900936326,-24.406769142070964,0],[-47.931720455034856,-24.406768531431336,0],[-47.931731900706559,-24.406769142070946,0],[-47.931743191694856,-24.406770964996767,0],[-47.931754175115024,-24.406773975927027,0],[-47.93176470257891,-24.406778134392084,0],[-47.931774631993612,-24.40678338373494,0],[-47.931783828460823,-24.406789653808175,0],[-47.931792167874164,-24.406796858277175,0],[-47.931799537818392,-24.40680490091415,0],[-47.9318058375693,-24.406813672901368,0],[-47.931810983489981,-24.406823054629065,0],[-47.931814904534185,-24.406832920191903,0],[-47.931817548541005,-24.406843136490298,0],[-47.931818879537623,-24.406853564129438,0],[-47.931818879537623,-24.406864062815018,0],[-47.931817548541005,-24.406874490454111,0],[-47.931814904534178,-24.406884706752532,0],[-47.931810983489981,-24.406894572315363,0],[-47.931809091316438,-24.406898346770003,0],[-47.93164373027389,-24.407209237005404,0],[-47.9312921160382,-24.4080611324041,0],[-47.930948030027544,-24.40893258625858,0],[-47.930945841077687,-24.408937646743755,0],[-47.930942134971531,-24.408944665053014,0],[-47.930572869742093,-24.409573125687931,0],[-47.930571430826838,-24.409575489106242,0],[-47.930566060974854,-24.409583097370664,0],[-47.93031089273348,-24.409907657301215,0],[-47.930309961935116,-24.409908821023972,0],[-47.930302591990994,-24.409916863661007,0],[-47.93030250565608,-24.409916947297919,0],[-47.929966629556247,-24.410242107076201,0],[-47.929713201502921,-24.41048164689915,0]]]},"properties":{"FID":100}},{"type":"Feature","id":101,"geometry":{"type":"Polygon","coordinates":[[[-47.929626529340794,-24.401422776828561,0],[-47.929630076266903,-24.401416613774611,0],[-47.929636376017925,-24.401407841787325,0],[-47.92964374506267,-24.40139979915028,0],[-47.929652084476004,-24.401392594681333,0],[-47.929661280044002,-24.40138632550735,0],[-47.929671208559398,-24.401381076164625,0],[-47.929681736023269,-24.401376917699515,0],[-47.929692718544061,-24.401373905869946,0],[-47.929704009532379,-24.401372082944146,0],[-47.929715454304699,-24.40137147320387,0],[-47.929726899976401,-24.401372082944071,0],[-47.929738190065336,-24.401373905869953,0],[-47.929749173485504,-24.401376917699508,0],[-47.929759700049999,-24.401381076164625,0],[-47.929769628565396,-24.40138632550735,0],[-47.929778825032656,-24.401392594681354,0],[-47.929787163546735,-24.40139979915028,0],[-47.929794533490906,-24.401407841787318,0],[-47.929800833241764,-24.401416613774582,0],[-47.929805978263232,-24.401425995502223,0],[-47.929809899307372,-24.401435861964281,0],[-47.929812543314142,-24.40144607736346,0],[-47.92981387431081,-24.401456505002567,0],[-47.92981387431081,-24.401467004587403,0],[-47.929812543314142,-24.401477432226624,0],[-47.929809899307372,-24.401487647625622,0],[-47.929805978263225,-24.401497513188577,0],[-47.92980438016798,-24.401500732761463,0],[-47.92959559805837,-24.401900187332679,0],[-47.929592051132211,-24.401906350386668,0],[-47.929585751381303,-24.40191512147447,0],[-47.929578382336452,-24.401923164111626,0],[-47.929575783295718,-24.401925594079717,0],[-47.929137899794171,-24.402319763335299,0],[-47.929129554984911,-24.402326472277757,0],[-47.928137796122371,-24.403037347684293,0],[-47.928128775922232,-24.40304310064737,0],[-47.926960801199989,-24.403702618469875,0],[-47.925858003044311,-24.404399089435234,0],[-47.924913330885424,-24.405028385540373,0],[-47.923988073290907,-24.405668219901255,0],[-47.923576358262281,-24.406093282667598,0],[-47.923191815349981,-24.406784794771177,0],[-47.922885414530235,-24.407480162268413,0],[-47.922790847219808,-24.407955699484717,0],[-47.922939596884802,-24.408671641671674,0],[-47.923327276632449,-24.409212844685722,0],[-47.923894010500085,-24.409716158362695,0],[-47.924308601560597,-24.409951882362162,0],[-47.924881181021597,-24.410152031879413,0],[-47.925557170826721,-24.410225157553683,0],[-47.926471642851993,-24.410127554132021,0],[-47.927159824766022,-24.409958892577542,0],[-47.92767275129637,-24.409773980273659,0],[-47.927675147989596,-24.409773149300062,0],[-47.927686131409821,-24.409770138369886,0],[-47.927697423297325,-24.409768315444072,0],[-47.927708868969034,-24.409767704804381,0],[-47.927720314640737,-24.409768315444072,0],[-47.927731605629056,-24.409770138369879,0],[-47.927742589948537,-24.409773149300069,0],[-47.927753117412358,-24.409777307765175,0],[-47.927763046827124,-24.409782557108045,0],[-47.927772243294271,-24.409788826282011,0],[-47.927780582707612,-24.409796031650217,0],[-47.92778795265184,-24.409804074287248,0],[-47.927794253302075,-24.409812845375189,0],[-47.927799398323536,-24.409822228002035,0],[-47.927803320267003,-24.40983209356494,0],[-47.927805964273723,-24.409842308964016,0],[-47.927807295270441,-24.409852736603224,0],[-47.927807295270441,-24.409863236188063,0],[-47.927805964273716,-24.40987366382717,0],[-47.927803320267003,-24.409883879226374,0],[-47.927799398323543,-24.409893745688525,0],[-47.927794253302068,-24.409903127416101,0],[-47.927787952651833,-24.409911899403365,0],[-47.927780582707612,-24.40991994204035,0],[-47.927772243294271,-24.40992714650929,0],[-47.927763046827124,-24.40993341568327,0],[-47.927753117412358,-24.409938665026004,0],[-47.927744986641699,-24.409941992517595,0],[-47.927226845842199,-24.410128784404545,0],[-47.92721621945293,-24.410131990487688,0],[-47.926515684451267,-24.410303680059478,0],[-47.926512930727085,-24.410304315880126,0],[-47.926501639738838,-24.410306138805932,0],[-47.926501608262527,-24.410306142403197,0],[-47.925568507680453,-24.41040573422594,0],[-47.925557093485004,-24.410406341268356,0],[-47.925545646914024,-24.410405730628611,0],[-47.925545526404903,-24.410405718038188,0],[-47.924845889825875,-24.410330033792725,0],[-47.924834719346734,-24.410328223457391,0],[-47.924823735926623,-24.410325212527194,0],[-47.924822294313401,-24.410324720598062,0],[-47.924229454925303,-24.410117488919653,0],[-47.924220368175384,-24.410113822383668,0],[-47.924212609724066,-24.41010984288355,0],[-47.92378097920875,-24.40986443228638,0],[-47.923778809144608,-24.409863161544298,0],[-47.923769612677461,-24.409856892370335,0],[-47.9237643471468,-24.409852540550951,0],[-47.92318217281894,-24.409335514011453,0],[-47.923179099835465,-24.409332661361933,0],[-47.923171729891351,-24.409324618724906,0],[-47.923168373621415,-24.409320223738074,0],[-47.922763966483842,-24.408755667129014,0],[-47.922761023002749,-24.408751291028018,0],[-47.922755877082004,-24.408741908401119,0],[-47.922751956037871,-24.408732042838214,0],[-47.922749551250782,-24.408723023537441,0],[-47.92259370773337,-24.407972934991669,0],[-47.922593468513647,-24.407971737994092,0],[-47.922592137517086,-24.407961310354882,0],[-47.922592137517086,-24.407950811669309,0],[-47.922593468513647,-24.407940384030201,0],[-47.922593565640462,-24.407939885805813,0],[-47.922693224912337,-24.407438748488239,0],[-47.922695771792355,-24.407429030414157,0],[-47.922698792615165,-24.407421141561191,0],[-47.923010573179283,-24.406713566666493,0],[-47.923014146185778,-24.406706380184051,0],[-47.923406372905681,-24.40600105089657,0],[-47.923408846940625,-24.405996878042224,0],[-47.923415146691582,-24.405988106055016,0],[-47.923420471577458,-24.405982110274966,0],[-47.923847071285252,-24.405541681692057,0],[-47.92384911724286,-24.405539633935739,0],[-47.923857455756952,-24.405532429466792,0],[-47.923861415471897,-24.405529541743704,0],[-47.924795914499846,-24.404883322196387,0],[-47.925744021169521,-24.404251741813191,0],[-47.926853031841908,-24.403551375884142,0],[-47.928020599171191,-24.402892053214536,0],[-47.929003644502465,-24.402187424498884,0],[-47.929425218798777,-24.401807934877187,0],[-47.929626529340794,-24.401422776828561,0]]]},"properties":{"FID":101}},{"type":"Feature","id":102,"geometry":{"type":"Polygon","coordinates":[[[-47.933303590987862,-24.40483856024019,0],[-47.933300537789542,-24.404842534344251,0],[-47.933293167845306,-24.40485057698135,0],[-47.933284828431972,-24.404857782349616,0],[-47.933275632864145,-24.404864051523596,0],[-47.933265703449422,-24.40486930086632,0],[-47.933255175985558,-24.404873459331505,0],[-47.933244193464702,-24.404876470261733,0],[-47.933232902476448,-24.404878293187437,0],[-47.933221456804738,-24.404878903827189,0],[-47.933210011133042,-24.404878293187437,0],[-47.933198721044107,-24.404876470261744,0],[-47.933187737623882,-24.404873459331494,0],[-47.933177210160018,-24.404869300866324,0],[-47.933167281644664,-24.404864051523596,0],[-47.933158085177411,-24.404857782349602,0],[-47.933149745764069,-24.404850576981339,0],[-47.933142375819955,-24.404842534344251,0],[-47.933136076068934,-24.40483376325637,0],[-47.933130931047572,-24.40482438062946,0],[-47.933127009104169,-24.404814515066626,0],[-47.933124365097292,-24.404804299667433,0],[-47.933123034100618,-24.404793871129073,0],[-47.933123034100625,-24.404783372443497,0],[-47.933124365097285,-24.404772944804382,0],[-47.933127009104176,-24.404762728505887,0],[-47.933130931047565,-24.404752862943045,0],[-47.933136076068926,-24.404743481215466,0],[-47.933139323520955,-24.404738683332308,0],[-47.933482332143853,-24.404265601265369,0],[-47.933703386402044,-24.403911784590029,0],[-47.933708468471025,-24.403904485692355,0],[-47.934060472113018,-24.403448777627837,0],[-47.934540961895834,-24.402889540508745,0],[-47.934546729248105,-24.40288341342767,0],[-47.934552614411587,-24.40287815868891,0],[-47.93511937076233,-24.40241266510122,0],[-47.935127975475609,-24.402406355457746,0],[-47.93587014639013,-24.401921938335605,0],[-47.935873192393899,-24.401920028175638,0],[-47.935881721564158,-24.401915435337894,0],[-47.936805464700406,-24.401473558846529,0],[-47.936806864944742,-24.401472902341421,0],[-47.936817391509351,-24.401468743876308,0],[-47.936820513955468,-24.401467757319942,0],[-47.937354810176323,-24.401308019738217,0],[-47.937362646868621,-24.40130600076013,0],[-47.937910370866859,-24.401186984480599,0],[-47.937921674445704,-24.401185157957631,0],[-47.937933119218023,-24.401184548217227,0],[-47.937943659272378,-24.40118506532729,0],[-47.938502282154552,-24.401240071461089,0],[-47.938503187771857,-24.401240164990543,0],[-47.938514478760169,-24.401241987916265,0],[-47.93851465952384,-24.401242027486372,0],[-47.938757479174228,-24.401295172922691,0],[-47.938768280931363,-24.401298144282759,0],[-47.938778807495851,-24.401302302747869,0],[-47.938788736910574,-24.401307552090767,0],[-47.938797932478515,-24.40131382126469,0],[-47.938803591912183,-24.401318524719091,0],[-47.939030116746437,-24.401521966654251,0],[-47.939032796726117,-24.401524469467571,0],[-47.939039377065512,-24.401531554326649,0],[-47.939236674832614,-24.401767632659002,0],[-47.939392694617091,-24.401938999374121,0],[-47.939396051786275,-24.401942900633188,0],[-47.93940235153724,-24.401951672620498,0],[-47.939407497457971,-24.401961054348078,0],[-47.939411418502125,-24.401970919910923,0],[-47.939414062508902,-24.401981136209312,0],[-47.939415393505556,-24.401991563848419,0],[-47.939415393505548,-24.402002062534017,0],[-47.939414062508895,-24.402012490173085,0],[-47.939411418502118,-24.402022706471545,0],[-47.939407497457978,-24.402032572034447,0],[-47.93940235153724,-24.402041954661275,0],[-47.939396051786275,-24.402050725749298,0],[-47.939388682741424,-24.402058768386272,0],[-47.939380343328082,-24.402065973754596,0],[-47.939371147760141,-24.402072242928579,0],[-47.939361218345425,-24.402077492271307,0],[-47.939350691780938,-24.402081650736427,0],[-47.939339708360819,-24.40208466166667,0],[-47.939328418271764,-24.402086484592477,0],[-47.939316972600182,-24.402087095232101,0],[-47.939305527827742,-24.40208648459247,0],[-47.939294236839487,-24.40208466166667,0],[-47.939283254318632,-24.402081650736427,0],[-47.939272726854774,-24.402077492271307,0],[-47.939262798339428,-24.402072242928579,0],[-47.93925360187211,-24.402065973754588,0],[-47.939245263358139,-24.402058768386265,0],[-47.939241251482478,-24.402054627008265,0],[-47.939082613771511,-24.401880352784868,0],[-47.93888705799128,-24.401646391456676,0],[-47.938685053172605,-24.401464970321047,0],[-47.938474946361623,-24.401418984387416,0],[-47.937939409975741,-24.401366251740008,0],[-47.93741213116482,-24.401480825368655,0],[-47.936889494654402,-24.401637077178172,0],[-47.935979045296612,-24.402072593664069,0],[-47.935246912614851,-24.402550460124512,0],[-47.934690630667944,-24.403007350797456,0],[-47.934218518070111,-24.403556791601535,0],[-47.933872182854941,-24.40400521335873,0],[-47.933651851651518,-24.404357873505898,0],[-47.933648411744684,-24.404362978057854,0],[-47.933303590987862,-24.40483856024019,0]]]},"properties":{"FID":102}},{"type":"Feature","id":103,"geometry":{"type":"Polygon","coordinates":[[[-47.936681456284141,-24.411742966753131,0],[-47.936673418143634,-24.411738610437116,0],[-47.936664220777061,-24.411732341263246,0],[-47.93665588136372,-24.41172513679436,0],[-47.936648511419598,-24.411717094157275,0],[-47.936642210769378,-24.411708322169996,0],[-47.936637065747902,-24.411698940442363,0],[-47.936633143804499,-24.411689074879579,0],[-47.936630499797616,-24.41167885858113,0],[-47.936629168801062,-24.411668430941919,0],[-47.936629168801062,-24.411657932256436,0],[-47.936630499797609,-24.41164750371798,0],[-47.936633143804507,-24.411637288318843,0],[-47.936637065747902,-24.411627422756016,0],[-47.936642210769378,-24.411618040129149,0],[-47.936648511419598,-24.41160926904119,0],[-47.93665588136372,-24.411601226404169,0],[-47.936664220777061,-24.411594021035949,0],[-47.936673418143641,-24.411587751861983,0],[-47.936683347558358,-24.411582502519131,0],[-47.936693875022236,-24.411578344053915,0],[-47.936704859341667,-24.411575333123842,0],[-47.936716150329971,-24.411573510198014,0],[-47.936727596901051,-24.411572899558337,0],[-47.93673904257264,-24.411573510198028,0],[-47.936750333561008,-24.411575333123842,0],[-47.936761317880503,-24.411578344053915,0],[-47.936771845344367,-24.411582502519131,0],[-47.936773736618584,-24.411583395545964,0],[-47.937009278954974,-24.411697608546447,0],[-47.937412708529621,-24.411858980196435,0],[-47.937764103330608,-24.411924732329165,0],[-47.938269045679874,-24.411949662435568,0],[-47.938701837219924,-24.411970210145682,0],[-47.938908598552871,-24.41192823698713,0],[-47.938918491994741,-24.411926707240397,0],[-47.938929938565707,-24.411926096600673,0],[-47.93894138423741,-24.411926707240411,0],[-47.938952676125041,-24.411928530166097,0],[-47.938963659545159,-24.411931541995678,0],[-47.9389741879084,-24.411935699561536,0],[-47.938984117323116,-24.411940949803675,0],[-47.938993313790377,-24.411947218977605,0],[-47.939001653203718,-24.411954423446559,0],[-47.939009023147833,-24.411962466083583,0],[-47.939015323798124,-24.411971238070798,0],[-47.939020469718805,-24.411980619798381,0],[-47.939024390762995,-24.411990485361237,0],[-47.939027034769765,-24.412000701659611,0],[-47.939028366665696,-24.412011129298826,0],[-47.939028366665703,-24.412021627984341,0],[-47.939027034769758,-24.412032056522833,0],[-47.939024390762995,-24.412042271921973,0],[-47.939020469718805,-24.412052137484807,0],[-47.939015323798117,-24.412061520111642,0],[-47.939009023147833,-24.412070291199711,0],[-47.939001653203718,-24.412078333836632,0],[-47.938993313790377,-24.412085538305575,0],[-47.938984117323123,-24.412091808378886,0],[-47.9389741879084,-24.412097057721663,0],[-47.938963659545152,-24.412101216186905,0],[-47.938952676125041,-24.412104227116966,0],[-47.9389512785786,-24.412104520296008,0],[-47.938731444700302,-24.412149147353947,0],[-47.938721550359219,-24.412150677100673,0],[-47.938710104687516,-24.41215128774035,0],[-47.938704999236279,-24.412151166331906,0],[-47.938258632429879,-24.412129974707163,0],[-47.937746201425966,-24.412104674979325,0],[-47.937740064452385,-24.412104195640719,0],[-47.937731770904463,-24.412102977958675,0],[-47.937363035375768,-24.41203398017274,0],[-47.937360037935377,-24.412033374928971,0],[-47.93734905361584,-24.41203036399866,0],[-47.937343307847357,-24.41202825958516,0],[-47.936926946021629,-24.411861715934094,0],[-47.936920273951444,-24.411858768855783,0],[-47.936681456284141,-24.411742966753131,0]]]},"properties":{"FID":103}},{"type":"Feature","id":104,"geometry":{"type":"Polygon","coordinates":[[[-47.938185908752587,-24.402962741726007,0],[-47.938188122883503,-24.4029627192429,0],[-47.938199568555206,-24.402963329882652,0],[-47.938210858644204,-24.40296515280836,0],[-47.938221842064308,-24.402968163738652,0],[-47.938232368628803,-24.40297232220377,0],[-47.938242298043519,-24.402977571546554,0],[-47.93825149361146,-24.402983840720538,0],[-47.938259833024802,-24.402991046088751,0],[-47.938267202069653,-24.402999088725828,0],[-47.938273502719881,-24.403007859813773,0],[-47.938278647741349,-24.403017242440686,0],[-47.938282568785439,-24.403027108003485,0],[-47.93828521279233,-24.403037323402653,0],[-47.938286543788884,-24.403047751941074,0],[-47.938286543788877,-24.403058250626593,0],[-47.93828521279233,-24.403068678265697,0],[-47.938282568785446,-24.403078894564196,0],[-47.938278647741356,-24.403088760127055,0],[-47.938273502719888,-24.403098141854642,0],[-47.938267202968916,-24.403106913841842,0],[-47.938259833024809,-24.403114956478881,0],[-47.93825149361146,-24.40312216094782,0],[-47.938242298043527,-24.403128430121797,0],[-47.938232369528194,-24.403133679464528,0],[-47.938221842064308,-24.403137837929773,0],[-47.938210858644204,-24.403140849759215,0],[-47.938199568555213,-24.403142672685007,0],[-47.938190337014362,-24.403143259942389,0],[-47.937898281280638,-24.403149268312973,0],[-47.937434939770583,-24.403277368644481,0],[-47.936570258710383,-24.403548238149526,0],[-47.935845252256513,-24.403793494962599,0],[-47.935354240405843,-24.404075418934273,0],[-47.934957690644808,-24.404364034761215,0],[-47.93450142590001,-24.404724761827133,0],[-47.934103938146166,-24.405122177635185,0],[-47.933842640125704,-24.405458066325483,0],[-47.933604253233625,-24.406050903914892,0],[-47.933483178405936,-24.406543788154003,0],[-47.933447813465705,-24.406784229097639,0],[-47.933447197430162,-24.406787855164175,0],[-47.933444553423335,-24.406798071462571,0],[-47.933440632379259,-24.406807937025398,0],[-47.933435486458507,-24.406817318752974,0],[-47.933429186707542,-24.406826090740203,0],[-47.933421816763321,-24.406834133377338,0],[-47.933413477349966,-24.406841337846174,0],[-47.933404280882769,-24.40684760791952,0],[-47.933394352367429,-24.406852857262265,0],[-47.933383824903565,-24.406857015727393,0],[-47.933372841483333,-24.406860026657686,0],[-47.933361550495079,-24.406861849583382,0],[-47.933350104823376,-24.406862460223124,0],[-47.933338659151673,-24.406861849583397,0],[-47.933327368163475,-24.406860026657686,0],[-47.93331638474325,-24.406857015727393,0],[-47.933305857279436,-24.406852857262265,0],[-47.933295927864719,-24.406847607919531,0],[-47.933286731397509,-24.406841337846174,0],[-47.933278391984175,-24.406834133377352,0],[-47.933271022939316,-24.406826090740203,0],[-47.933264722289039,-24.406817318752974,0],[-47.93325957726762,-24.406807937025409,0],[-47.933255655324217,-24.406798071462561,0],[-47.933253011317341,-24.406787855164175,0],[-47.933251680320716,-24.406777427524958,0],[-47.933251680320723,-24.406766928839428,0],[-47.93325239618104,-24.406760127266747,0],[-47.933288337586653,-24.406515774272414,0],[-47.933289858340231,-24.40650801132443,0],[-47.933413305579563,-24.40600547466174,0],[-47.933415043969042,-24.405999395244685,0],[-47.933416974813497,-24.405994091942532,0],[-47.933662167774798,-24.405384330910923,0],[-47.933664157974427,-24.405379768650228,0],[-47.933669302995888,-24.405370386922634,0],[-47.933674385964082,-24.405363145581529,0],[-47.933946851765775,-24.405012901912716,0],[-47.933948068548496,-24.405011371266617,0],[-47.93395444654044,-24.405004305293286,0],[-47.934359922971964,-24.404598904404683,0],[-47.934360914024865,-24.404597926841692,0],[-47.934368197634164,-24.404591545252437,0],[-47.934831881785833,-24.404224977089775,0],[-47.935235865342861,-24.403930928458418,0],[-47.935244835180974,-24.403925116140101,0],[-47.935749149803314,-24.403635552427666,0],[-47.935757275177991,-24.403631364284941,0],[-47.935767359276156,-24.40362735420787,0],[-47.936504179224414,-24.403378108901499,0],[-47.937374520617603,-24.403105474926573,0],[-47.937854147950468,-24.402972856401043,0],[-47.937859906309598,-24.402971436371562,0],[-47.937871196398532,-24.402969613445805,0],[-47.937880427939326,-24.40296902528917,0],[-47.938185908752587,-24.402962741726007,0]]]},"properties":{"FID":104}},{"type":"Feature","id":105,"geometry":{"type":"Polygon","coordinates":[[[-47.946879957144283,-24.412699759075224,0],[-47.946871707663085,-24.412700076535941,0],[-47.946860261092127,-24.41269946589631,0],[-47.946848970103822,-24.412697642970503,0],[-47.946837985784398,-24.412694631140866,0],[-47.946827457421136,-24.412690472675816,0],[-47.94681752800642,-24.412685223333035,0],[-47.946808331539216,-24.412678954159055,0],[-47.946799992125875,-24.412671749690155,0],[-47.946792621282384,-24.412663707053078,0],[-47.94678632153142,-24.412654935065799,0],[-47.946781175610695,-24.412645553338209,0],[-47.946777253667285,-24.412635687775378,0],[-47.946774609660388,-24.412625471476932,0],[-47.946773278663841,-24.412615043837821,0],[-47.946773278663848,-24.412604545152249,0],[-47.946774609660388,-24.412594116613779,0],[-47.946777253667278,-24.412583901214656,0],[-47.946781175610688,-24.412574035651783,0],[-47.946786321531413,-24.412564653024951,0],[-47.946792622181647,-24.412555881937017,0],[-47.946799992125875,-24.412547839299972,0],[-47.946808331539224,-24.412540633931766,0],[-47.94681752800642,-24.412534364757789,0],[-47.946827458320506,-24.412529115414941,0],[-47.946837985784391,-24.412524956949834,0],[-47.946848970103815,-24.412521946019648,0],[-47.946860261092134,-24.412520123093827,0],[-47.946863457282625,-24.412519829015487,0],[-47.947391092225018,-24.412479267792545,0],[-47.947972299781782,-24.412449546098287,0],[-47.948451088946577,-24.412390070334087,0],[-47.948452897483143,-24.412389860792068,0],[-47.948464343154853,-24.412389251051774,0],[-47.948464373731845,-24.41238925105176,0],[-47.948950745080708,-24.412389385050691,0],[-47.94896216197418,-24.412389995690329,0],[-47.948968676663071,-24.412390895911706,0],[-47.949423618505143,-24.412468076629015,0],[-47.949903306991928,-24.412548456234891,0],[-47.949908296430635,-24.412549414912235,0],[-47.949919280750187,-24.41255242674168,0],[-47.949929808214051,-24.412556585206911,0],[-47.949939737628775,-24.412561834549656,0],[-47.949948934995234,-24.412568103723636,0],[-47.949957274408582,-24.412575308192579,0],[-47.949964644352804,-24.412583350829614,0],[-47.949970945003038,-24.412592122816815,0],[-47.949976090923784,-24.412601504544412,0],[-47.949980011967916,-24.412611370107243,0],[-47.949982656874063,-24.412621586405763,0],[-47.949983987870723,-24.412632014044839,0],[-47.949983987870731,-24.412642512730375,0],[-47.949982656874056,-24.412652941268796,0],[-47.949980011967909,-24.412663156667964,0],[-47.949976090923776,-24.412673022230809,0],[-47.949970945003031,-24.412682404857669,0],[-47.949964644352796,-24.412691175945628,0],[-47.949957274408575,-24.412699218582706,0],[-47.949948934995234,-24.412706423950961,0],[-47.949939737628767,-24.412712693124945,0],[-47.949929808214051,-24.412717942467683,0],[-47.94991928075018,-24.412722100932797,0],[-47.949908296430635,-24.4127251118631,0],[-47.949897005442338,-24.412726934788804,0],[-47.949885558871358,-24.412727545428531,0],[-47.949874113199655,-24.412726934788804,0],[-47.949867811650165,-24.412726070540312,0],[-47.949387909124603,-24.412645654961572,0],[-47.948941644840943,-24.412569946434477,0],[-47.948470985547431,-24.412569816032818,0],[-47.94799494471085,-24.412628950953877,0],[-47.947987187158894,-24.41262962994205,0],[-47.947404840161141,-24.412659401099063,0],[-47.946879957144283,-24.412699759075224,0]]]},"properties":{"FID":105}},{"type":"Feature","id":106,"geometry":{"type":"Polygon","coordinates":[[[-47.95548529371127,-24.418809770143231,0],[-47.955486068926923,-24.418808518287044,0],[-47.955492369577094,-24.418799746299783,0],[-47.955499739521315,-24.418791703662734,0],[-47.955508079833912,-24.418784499193801,0],[-47.955517277200563,-24.418778229120445,0],[-47.955527207514535,-24.418772979777717,0],[-47.955537735877783,-24.41876882131259,0],[-47.955548720197221,-24.418765810382357,0],[-47.955560012084803,-24.418763987456547,0],[-47.955571458655875,-24.418763376816912,0],[-47.955582905226834,-24.418763987456558,0],[-47.955594198013742,-24.418765810382357,0],[-47.955605182333215,-24.41876882131259,0],[-47.955615710696463,-24.418772979777717,0],[-47.95562564011118,-24.418778229120445,0],[-47.955634837477696,-24.418784499193801,0],[-47.955643177790307,-24.418791703662755,0],[-47.955650548633798,-24.418799746299783,0],[-47.955656849284132,-24.418808518287054,0],[-47.955661995204878,-24.41881790001457,0],[-47.955665917148281,-24.418827765577468,0],[-47.955668561155051,-24.418837981875917,0],[-47.955669892151718,-24.418848409515011,0],[-47.955669892151718,-24.418858908200605,0],[-47.955668561155058,-24.418869335839698,0],[-47.955665917148281,-24.418879552138097,0],[-47.955661995204878,-24.418889417700932,0],[-47.955657624499729,-24.418897547572222,0],[-47.955339578358746,-24.419420961096996,0],[-47.954859271138382,-24.420113975967624,0],[-47.954855111773952,-24.420119511294832,0],[-47.954851774389809,-24.420123389171575,0],[-47.954354763161746,-24.420669577127732,0],[-47.953678595290917,-24.42153501901436,0],[-47.953677491822702,-24.421536403070945,0],[-47.953670120979211,-24.421544445708093,0],[-47.953664006488616,-24.421549888405032,0],[-47.953165482600866,-24.421956715618368,0],[-47.95264400261857,-24.422729675722405,0],[-47.951943095297572,-24.423815839118042,0],[-47.951659575029346,-24.424727426118167,0],[-47.951388536451702,-24.425836309986099,0],[-47.951277955812941,-24.426432853681593,0],[-47.951252062532603,-24.42756774054714,0],[-47.951466343097195,-24.42865699041602,0],[-47.951762012306915,-24.4292686544132,0],[-47.95224966878709,-24.429567276996476,0],[-47.95265103351835,-24.429723393008484,0],[-47.953333727769241,-24.429915791269025,0],[-47.953338444713381,-24.429917240076861,0],[-47.953348973975949,-24.429921398541975,0],[-47.953358904289928,-24.429926647884823,0],[-47.953368102555835,-24.42993291795808,0],[-47.953376443767802,-24.429940122426999,0],[-47.953383814611293,-24.429948165064044,0],[-47.953390116160904,-24.429956937051259,0],[-47.953395262081642,-24.429966318778852,0],[-47.953399184025102,-24.429976184341683,0],[-47.953401828931199,-24.429986400640079,0],[-47.953403159927866,-24.429996828279279,0],[-47.953403159927866,-24.430007326964823,0],[-47.953401828931192,-24.430017754604037,0],[-47.953399184025102,-24.430027970902426,0],[-47.953395262081642,-24.430037836465264,0],[-47.953390116160904,-24.430047218192858,0],[-47.9533838146113,-24.430055990179987,0],[-47.953376443767809,-24.430064032817146,0],[-47.953368102555828,-24.430071237286029,0],[-47.953358904289928,-24.430077506460027,0],[-47.953348973975949,-24.430082755802882,0],[-47.953338444713388,-24.430086914267928,0],[-47.953327458595254,-24.43008992519816,0],[-47.95331616580836,-24.430091749023241,0],[-47.953304718338011,-24.430092358763591,0],[-47.953293269968412,-24.430091749023241,0],[-47.953281977181412,-24.430089925198168,0],[-47.953275708007425,-24.430088363975031,0],[-47.95258814932356,-24.429894594248431,0],[-47.952578603020022,-24.4298914025544,0],[-47.952164008362217,-24.429730140621814,0],[-47.952158310257744,-24.429727725042778,0],[-47.952148379044402,-24.429722475699961,0],[-47.95214774412301,-24.429722090790172,0],[-47.951628594284159,-24.429404182245516,0],[-47.9516200318389,-24.429398298880695,0],[-47.951611690626919,-24.429391094411759,0],[-47.951604319783428,-24.429383051774732,0],[-47.951598018233931,-24.429374279787513,0],[-47.951593243733157,-24.429365676872752,0],[-47.951281219452596,-24.428720174984395,0],[-47.951280848032638,-24.42871939617153,0],[-47.951276926089236,-24.428709530608671,0],[-47.951274345034967,-24.428699641663457,0],[-47.951056226163871,-24.427590872908695,0],[-47.951056162311943,-24.427590546454905,0],[-47.951054831315389,-24.427580118815676,0],[-47.951054686524515,-24.427572983594658,0],[-47.951080938634341,-24.426422426042517,0],[-47.951081083425208,-24.42641906257796,0],[-47.951082307402544,-24.426409205109113,0],[-47.951194996951529,-24.425801468451368,0],[-47.951468398947334,-24.424682955542309,0],[-47.951756906855728,-24.423755200530501,0],[-47.951757279175062,-24.423754034109823,0],[-47.951761201118472,-24.42374416764763,0],[-47.951766347039211,-24.423734785920033,0],[-47.951766847062288,-24.423734001711246,0],[-47.952475209763008,-24.422636297315698,0],[-47.953005259385179,-24.421850627093196,0],[-47.953010055469576,-24.421844160967744,0],[-47.953017426313075,-24.421836118330663,0],[-47.953023541702969,-24.421830675633615,0],[-47.953524595383726,-24.421421784476259,0],[-47.954196488776901,-24.420561814064904,0],[-47.95420093052843,-24.420556551232281,0],[-47.954696187179259,-24.420012292321864,0],[-47.955170057052442,-24.419328636695713,0],[-47.95548529371127,-24.418809770143231,0]]]},"properties":{"FID":106}},{"type":"Feature","id":107,"geometry":{"type":"Polygon","coordinates":[[[-47.956591819556706,-24.430291511832028,0],[-47.95658817280588,-24.430297866441617,0],[-47.956581871256276,-24.430306637529611,0],[-47.956574500412785,-24.430314680166596,0],[-47.956566159200811,-24.4303218846356,0],[-47.956556960934961,-24.430328154708782,0],[-47.956547030620932,-24.430333404051687,0],[-47.956536500459038,-24.430337562516804,0],[-47.956525515240287,-24.430340573446991,0],[-47.956514222453279,-24.430342396372673,0],[-47.956502774983065,-24.430343007012414,0],[-47.956491326613396,-24.430342396372694,0],[-47.956480033826431,-24.430340573446969,0],[-47.956469048607637,-24.430337562516812,0],[-47.956458518445743,-24.430333404051677,0],[-47.956448588131757,-24.430328154708782,0],[-47.956439389865871,-24.430321884635593,0],[-47.956431048653883,-24.430314680166596,0],[-47.956423677810406,-24.430306637529547,0],[-47.956417376260788,-24.430297866441617,0],[-47.956412230340057,-24.43028848381471,0],[-47.956408308396639,-24.430278618251865,0],[-47.956405663490514,-24.430268402852683,0],[-47.956404332493832,-24.430257974314372,0],[-47.956404332493832,-24.430247475628722,0],[-47.956405663490507,-24.430237047989635,0],[-47.956408308396647,-24.430226831691243,0],[-47.95641223034005,-24.430216966128402,0],[-47.956413729509912,-24.430213938110978,0],[-47.956978783444015,-24.429126557932538,0],[-47.956982849278972,-24.429119545918635,0],[-47.957454044568465,-24.428386665000918,0],[-47.957457726392875,-24.42838136889338,0],[-47.957942765845928,-24.427734438881494,0],[-47.95794869867342,-24.427727311754339,0],[-47.958715417482487,-24.426895352526866,0],[-47.959355234756231,-24.426229809246657,0],[-47.959357528926773,-24.426227504284228,0],[-47.959365112909609,-24.42622088707266,0],[-47.960263173206791,-24.425516709816645,0],[-47.960263930435985,-24.425516121660056,0],[-47.960273128701886,-24.42550985248608,0],[-47.960283059015872,-24.425504603143231,0],[-47.960283397160936,-24.425504447560588,0],[-47.96122617444837,-24.425075069846908,0],[-47.961236365565753,-24.425071065165874,0],[-47.961247350784504,-24.425068054235616,0],[-47.961252843843567,-24.425067012820758,0],[-47.962406321494484,-24.424879427731693,0],[-47.963324240621148,-24.424775000254453,0],[-47.963324948387537,-24.424774922013405,0],[-47.96333639585788,-24.424774311373771,0],[-47.963347843328222,-24.424774922013416,0],[-47.963351964921166,-24.424775444519529,0],[-47.964410908536536,-24.424930476848441,0],[-47.964421668924842,-24.424932622630831,0],[-47.965141916166431,-24.425115342387532,0],[-47.965149312190938,-24.425117508854324,0],[-47.965159840554186,-24.425121667319438,0],[-47.965169771767478,-24.4251269166623,0],[-47.965178969134058,-24.425133186735522,0],[-47.965179067160186,-24.425133261379298,0],[-47.965656954304968,-24.425501372778523,0],[-47.966276508054364,-24.425947938335074,0],[-47.966278896653712,-24.425949716294728,0],[-47.966287237865686,-24.425956920763682,0],[-47.9662946078098,-24.425964963400702,0],[-47.966297637625765,-24.425968905129245,0],[-47.96674776719567,-24.426589036243339,0],[-47.967058170897758,-24.427025554574065,0],[-47.967060930917121,-24.427029671670322,0],[-47.967066076837853,-24.427039054297261,0],[-47.967068172258223,-24.427043879160006,0],[-47.967280031847906,-24.427575722030276,0],[-47.967555039133686,-24.428119662580688,0],[-47.967556096736367,-24.428121829047484,0],[-47.967560018679876,-24.428131694610322,0],[-47.967561148228292,-24.428135438487978,0],[-47.967742189850135,-24.428790407539516,0],[-47.967925983397322,-24.429466781355128,0],[-47.96792740252755,-24.429472900342315,0],[-47.967928202924107,-24.429477860103479,0],[-47.968011701378842,-24.430117267286377,0],[-47.96801223197884,-24.430122736063645,0],[-47.96801223197884,-24.430133234749292,0],[-47.968010900082902,-24.430143662388328,0],[-47.968008256076139,-24.430153877787404,0],[-47.968004334132665,-24.430163743350374,0],[-47.967999187312614,-24.430173125977213,0],[-47.967992886662323,-24.430181897964538,0],[-47.967985514919526,-24.430189939702188,0],[-47.967977174606801,-24.430197145070515,0],[-47.967967976341008,-24.430203414244481,0],[-47.967958045127659,-24.430208663587209,0],[-47.967947515865148,-24.43021282205228,0],[-47.967936530646334,-24.430215832982523,0],[-47.967925237859397,-24.430217655908329,0],[-47.967913789489678,-24.430218266548078,0],[-47.967902342019393,-24.43021765590834,0],[-47.967891049232442,-24.430215832982523,0],[-47.967880063114372,-24.43021282205228,0],[-47.967869533851861,-24.430208663587219,0],[-47.967859603537768,-24.430203414244481,0],[-47.967850405271861,-24.430197145070515,0],[-47.967842064059994,-24.430189939702203,0],[-47.967834693216503,-24.430181897964538,0],[-47.967828391666906,-24.430173125977209,0],[-47.96782324574616,-24.430163743350366,0],[-47.967819323802658,-24.430153877787411,0],[-47.967816678896497,-24.430143662388328,0],[-47.967815878499955,-24.430138702627353,0],[-47.967733112992732,-24.429504898220728,0],[-47.967550904950258,-24.428834353810661,0],[-47.967372212357645,-24.428187885151097,0],[-47.967099325673303,-24.42764813634075,0],[-47.967098268070579,-24.427645970773195,0],[-47.967096172650201,-24.427641145910453,0],[-47.966886755619214,-24.427115431919969,0],[-47.966583005101548,-24.426688266538644,0],[-47.966142123260283,-24.426080877019217,0],[-47.965532455758137,-24.425641422402073,0],[-47.965068551272566,-24.42528409657217,0],[-47.964374325015001,-24.425107977839229,0],[-47.963334653871065,-24.424955767583011,0],[-47.962435738318568,-24.425058002513126,0],[-47.961301304711355,-24.425242520913976,0],[-47.960382170600667,-24.425661131943983,0],[-47.95949867482387,-24.426353889608656,0],[-47.958864811062142,-24.427013232962683,0],[-47.958102585266033,-24.427840325059261,0],[-47.957622260059225,-24.428480968809936,0],[-47.957155007397617,-24.429207719049309,0],[-47.956591819556706,-24.430291511832028,0]]]},"properties":{"FID":107}},{"type":"Feature","id":108,"geometry":{"type":"Polygon","coordinates":[[[-47.969319910985007,-24.431103711155586,0],[-47.96932121140469,-24.431093741271358,0],[-47.969323856310837,-24.431083525872218,0],[-47.96932777825424,-24.431073660309391,0],[-47.969332925074355,-24.431064277682538,0],[-47.969339225724575,-24.431055506594575,0],[-47.96934659746745,-24.431047463957558,0],[-47.969354937780047,-24.431040258589235,0],[-47.969364136045947,-24.431033989415273,0],[-47.969374067259317,-24.431028740072509,0],[-47.969384596521834,-24.431024581607403,0],[-47.969395582640011,-24.431021570677235,0],[-47.969406875426827,-24.431019747751417,0],[-47.969418322897248,-24.431019137111726,0],[-47.969429771266846,-24.431019747751403,0],[-47.96944106405374,-24.431021570677224,0],[-47.969452049272604,-24.431024581607403,0],[-47.969462579434435,-24.431028740072531,0],[-47.969472509748464,-24.431033989415258,0],[-47.969481708014371,-24.431040258589235,0],[-47.969490049226351,-24.431047463957565,0],[-47.969497420069843,-24.431055506594589,0],[-47.969503721619333,-24.431064277682548,0],[-47.969508868439512,-24.431073660309391,0],[-47.969512790382858,-24.431083525872232,0],[-47.969515434389734,-24.431093741271358,0],[-47.969516766285665,-24.431104168910444,0],[-47.969516766285658,-24.431114668495418,0],[-47.969516735708737,-24.431115127149674,0],[-47.969477449724494,-24.431682891640392,0],[-47.969476252726849,-24.431692310240127,0],[-47.969288418525593,-24.432704135675596,0],[-47.969033767394421,-24.433980141458555,0],[-47.968848345174941,-24.435040949368442,0],[-47.96881853894439,-24.435486631790813,0],[-47.968817403999942,-24.435567533902724,0],[-47.968817245719208,-24.435571623120037,0],[-47.968815913823285,-24.43558205165851,0],[-47.968813269816515,-24.435592267057643,0],[-47.968809347873041,-24.435602132620488,0],[-47.96880420105299,-24.435611515247324,0],[-47.968797899503386,-24.435620286335276,0],[-47.968790527760632,-24.435628328972328,0],[-47.968782186548651,-24.435635533441246,0],[-47.968772988282737,-24.43564180351461,0],[-47.968763057069403,-24.435647052857352,0],[-47.968752526907508,-24.435651211322455,0],[-47.968741540789438,-24.435654222252648,0],[-47.96873024710316,-24.435656045178462,0],[-47.968718799632832,-24.435656655818089,0],[-47.96870735126322,-24.435656045178462,0],[-47.968696057576942,-24.435654222252648,0],[-47.968685071458822,-24.435651211322472,0],[-47.968674541296991,-24.435647052857352,0],[-47.968664610083636,-24.43564180351461,0],[-47.968655411817743,-24.435635533441246,0],[-47.968647070605755,-24.435628328972328,0],[-47.968639699762264,-24.435620286335286,0],[-47.96863339731339,-24.435611515247324,0],[-47.968628251392666,-24.435602132620481,0],[-47.968624328549879,-24.435592267057643,0],[-47.968621684543002,-24.43558205165851,0],[-47.968620352647065,-24.435571623120037,0],[-47.968620194366387,-24.435565214551165,0],[-47.96862141924305,-24.435479951626519,0],[-47.968651782153991,-24.435025516102822,0],[-47.968652837058762,-24.435016767497991,0],[-47.968839370840271,-24.43394964544796,0],[-47.969094191044064,-24.432672780812435,0],[-47.969280951454721,-24.43166673711848,0],[-47.969319910985007,-24.431103711155586,0]]]},"properties":{"FID":108}},{"type":"Feature","id":109,"geometry":{"type":"Polygon","coordinates":[[[-47.968022708181422,-24.439595610836875,0],[-47.968022029193264,-24.439589060175088,0],[-47.968022029193271,-24.439578561489487,0],[-47.968023361089195,-24.4395681338504,0],[-47.968026005095972,-24.439557918451207,0],[-47.968029927938744,-24.439548052888426,0],[-47.968035074758859,-24.439538670261513,0],[-47.968041376308406,-24.439529899173564,0],[-47.96804874805116,-24.43952185653648,0],[-47.968057089263148,-24.439514651168306,0],[-47.96806628842841,-24.439508381994298,0],[-47.968076219641766,-24.439503132651485,0],[-47.968086749803547,-24.439498974186399,0],[-47.968097735921724,-24.439495963256224,0],[-47.968109030507314,-24.439494140330396,0],[-47.968120478876983,-24.439493529690651,0],[-47.968131927246596,-24.439494140330392,0],[-47.968143220932866,-24.439495963256203,0],[-47.968154207050986,-24.439498974186399,0],[-47.96816473721281,-24.43950313265151,0],[-47.968174669325435,-24.439508381994287,0],[-47.968183867591328,-24.439514651168292,0],[-47.968192209702693,-24.43952185653648,0],[-47.968199581445447,-24.439529899173579,0],[-47.968205882995051,-24.439538670261513,0],[-47.968211029815109,-24.439548052888412,0],[-47.968214951758576,-24.439557918451218,0],[-47.968217596664722,-24.439568133850376,0],[-47.968218248673118,-24.43957201172703,0],[-47.968327343631984,-24.440329620403759,0],[-47.968513042842574,-24.441020831234368,0],[-47.968757649445877,-24.442153574116116,0],[-47.968758023563858,-24.442155403337168,0],[-47.968759354560518,-24.442165830976368,0],[-47.968759354560518,-24.442176330561217,0],[-47.968758023563851,-24.442186758200304,0],[-47.968755378657711,-24.442196973599494,0],[-47.968751455814925,-24.442206839162345,0],[-47.96874630899493,-24.442216221789181,0],[-47.968740007445319,-24.442224992877126,0],[-47.968732635702445,-24.442233035514139,0],[-47.968724293591208,-24.44224024088243,0],[-47.968715094426045,-24.442246510056396,0],[-47.96870516321269,-24.442251759399205,0],[-47.968694633050866,-24.442255917864269,0],[-47.968683646033405,-24.442258928794502,0],[-47.968672352347085,-24.442260751720301,0],[-47.96866090307816,-24.442261362359936,0],[-47.968649454708441,-24.442260751720301,0],[-47.968638160122914,-24.442258928794502,0],[-47.96862717400478,-24.442255917864255,0],[-47.968616642943687,-24.442251759399205,0],[-47.968606711730338,-24.442246510056396,0],[-47.968597512565054,-24.44224024088243,0],[-47.968589170453811,-24.442233035514139,0],[-47.96858179961032,-24.442224992877119,0],[-47.968575497161339,-24.442216221789181,0],[-47.968570350341338,-24.442206839162345,0],[-47.968566427498558,-24.44219697359949,0],[-47.968564156710443,-24.442188587421413,0],[-47.968320457523077,-24.441059919367817,0],[-47.96813451999207,-24.440367916234383,0],[-47.968132511805941,-24.440358151395586,0],[-47.968022708181422,-24.439595610836875,0]]]},"properties":{"FID":109}},{"type":"Feature","id":110,"geometry":{"type":"Polygon","coordinates":[[[-47.958586428620663,-24.424850233939591,0],[-47.958593678955026,-24.424845421667218,0],[-47.958603610168375,-24.424840172324494,0],[-47.958614138531566,-24.424836013859363,0],[-47.958625123750437,-24.424833002929127,0],[-47.958636416537324,-24.424831180003313,0],[-47.958647863108297,-24.424830569363678,0],[-47.958659310578639,-24.424831180003313,0],[-47.958670603365533,-24.42483300292913,0],[-47.958681588584412,-24.424836013859299,0],[-47.958692116947525,-24.42484017232448,0],[-47.958702048160944,-24.424845421667218,0],[-47.958711245527532,-24.424851690841326,0],[-47.958719585840122,-24.424858896209468,0],[-47.958726956683613,-24.424866938846495,0],[-47.958733258233224,-24.424875709934515,0],[-47.958738404153962,-24.424885092561283,0],[-47.958742326097365,-24.424894958124135,0],[-47.958744970104242,-24.424905173523324,0],[-47.958746302000179,-24.424915601162411,0],[-47.958746302000186,-24.424926100747367,0],[-47.958744970104263,-24.424936528386471,0],[-47.958742326097365,-24.424946743785604,0],[-47.958738404153955,-24.424956609348442,0],[-47.958733258233224,-24.424965991975405,0],[-47.958726956683613,-24.424974763962496,0],[-47.958719585840115,-24.424982805700274,0],[-47.958711245527532,-24.424990011068477,0],[-47.958709298495307,-24.42499146886956,0],[-47.95821724253171,-24.425350323546922,0],[-47.958210315953238,-24.425354938867667,0],[-47.957493238821883,-24.425790464346747,0],[-47.95657119810221,-24.426715366709182,0],[-47.956089273001517,-24.427559786942883,0],[-47.955708987479738,-24.428434666315134,0],[-47.955479769175966,-24.429171239849104,0],[-47.955479400453896,-24.429172393679323,0],[-47.955475478510436,-24.429182259242172,0],[-47.955470456696162,-24.429191444018191,0],[-47.955067372461208,-24.429834397227975,0],[-47.955067248354794,-24.429834594179521,0],[-47.955060946805183,-24.429843366166672,0],[-47.955053575961692,-24.429851408803714,0],[-47.955045234749711,-24.429858613272664,0],[-47.955036036483811,-24.429864882446623,0],[-47.955029039758351,-24.429868726149031,0],[-47.954681399626793,-24.430042194579929,0],[-47.954678466038331,-24.430043601119625,0],[-47.95466793677582,-24.430047759584678,0],[-47.954656951557013,-24.430050770514924,0],[-47.954645658770126,-24.430052593440731,0],[-47.9546342104004,-24.43005320408038,0],[-47.954622762930057,-24.430052593440678,0],[-47.954611470143163,-24.430050770514924,0],[-47.954600484025036,-24.430047759584667,0],[-47.954589954762582,-24.430043601119625,0],[-47.954580024448497,-24.430038351776822,0],[-47.954570826182646,-24.430032081703526,0],[-47.954562484970666,-24.430024877234523,0],[-47.954555114127174,-24.430016834597495,0],[-47.954548812577578,-24.430008062610234,0],[-47.954543666656775,-24.429998680882694,0],[-47.954539744713443,-24.429988815319799,0],[-47.954537099807219,-24.429978599021357,0],[-47.954535768810615,-24.429968171382331,0],[-47.954535768810622,-24.429957672696684,0],[-47.954537099807219,-24.429947245057583,0],[-47.954539744713436,-24.429937028759074,0],[-47.954543666656775,-24.429927163196336,0],[-47.954548812577571,-24.42991778146877,0],[-47.954555114127174,-24.429909009481417,0],[-47.954562484970658,-24.4299009668444,0],[-47.954570826182646,-24.429893762375457,0],[-47.954580024448489,-24.429887493201484,0],[-47.954587021174,-24.429883649499068,0],[-47.954910197947193,-24.429722387566368,0],[-47.955293407164966,-24.429111138156763,0],[-47.955520689228365,-24.428380793327293,0],[-47.955523903405371,-24.428372148144376,0],[-47.955907911221061,-24.427488707226363,0],[-47.955912135336689,-24.427480278780209,0],[-47.956402340495565,-24.426621352481735,0],[-47.956404339688454,-24.426618023191569,0],[-47.956410640338682,-24.426609251204358,0],[-47.956416905016063,-24.42660230034425,0],[-47.957355772950507,-24.425660519505698,0],[-47.95735687911656,-24.4256594277287,0],[-47.95736522032859,-24.425652222360508,0],[-47.957374094838485,-24.425646148339407,0],[-47.958097726229028,-24.425206642460875,0],[-47.958586428620663,-24.424850233939591,0]]]},"properties":{"FID":110}},{"type":"Feature","id":111,"geometry":{"type":"Polygon","coordinates":[[[-47.975045471770997,-24.447330173436669,0],[-47.975043245948996,-24.447331553896007,0],[-47.975033313836263,-24.447336803238731,0],[-47.97502278277517,-24.447340961703834,0],[-47.975011795757666,-24.447343972634073,0],[-47.975000502071396,-24.447345795559905,0],[-47.974989051903208,-24.447346406199514,0],[-47.974977602634226,-24.447345795559905,0],[-47.974966308048586,-24.447343972634094,0],[-47.974955321930459,-24.447340961703834,0],[-47.974944790869358,-24.447336803238738,0],[-47.974934858756626,-24.447331553896007,0],[-47.974925658692079,-24.447325283822643,0],[-47.97491731748012,-24.447318079353806,0],[-47.974909944838025,-24.447310036716662,0],[-47.974903643288492,-24.447301265628838,0],[-47.97489849556905,-24.447291883001867,0],[-47.974894573625647,-24.447282017439086,0],[-47.974891928719501,-24.447271802039886,0],[-47.974890596823577,-24.447261373501416,0],[-47.974890596823577,-24.447250874815939,0],[-47.974891928719501,-24.447240447176732,0],[-47.974894573625647,-24.44723023177767,0],[-47.97489849556905,-24.447220366214779,0],[-47.974903643288492,-24.447210983587933,0],[-47.974909944838032,-24.447202212499977,0],[-47.974917317480106,-24.447194169862943,0],[-47.974925659591463,-24.447186964494744,0],[-47.97493263293461,-24.447182075780059,0],[-47.97527406864328,-24.446964071122874,0],[-47.975281104039645,-24.446959972912364,0],[-47.975989608833345,-24.446584769459381,0],[-47.976548069837513,-24.446141518803916,0],[-47.97719235404378,-24.445554751638383,0],[-47.977200366103943,-24.445548209070598,0],[-47.977868664007531,-24.445059610100834,0],[-47.977876015065995,-24.445054725882819,0],[-47.977880314724636,-24.445052278827578,0],[-47.978719477521857,-24.444601720281071,0],[-47.978725109975805,-24.444598917094257,0],[-47.978730120098867,-24.444596772211227,0],[-47.97926821775394,-24.444383065414051,0],[-47.979273737792717,-24.444381050932691,0],[-47.9792847248101,-24.444378040002452,0],[-47.979293157752977,-24.44437656241637,0],[-47.98038777657451,-24.44422959610694,0],[-47.980390639116656,-24.444229250767187,0],[-47.980402087486262,-24.444228641026939,0],[-47.980406299910719,-24.444228722865201,0],[-47.981494044314609,-24.444271287777624,0],[-47.981501282058446,-24.444271815679635,0],[-47.981512576643979,-24.444273639504825,0],[-47.981516026443458,-24.444274447995262,0],[-47.982341338781737,-24.444482597881503,0],[-47.983177065269274,-24.444711709166032,0],[-47.984426044626218,-24.445052260841063,0],[-47.984431623120891,-24.445053949767953,0],[-47.984442154182034,-24.445058108233074,0],[-47.98444355892309,-24.44505876653675,0],[-47.985066063348093,-24.44535647810693,0],[-47.985072648184087,-24.445359928805601,0],[-47.985862249343313,-24.44581147300903,0],[-47.985864191878875,-24.445812613349389,0],[-47.985873391044038,-24.445818882523291,0],[-47.985877829198444,-24.445822505891837,0],[-47.986341275029766,-24.446224478564773,0],[-47.98634517898671,-24.446228059665145,0],[-47.986352551628833,-24.446236102302187,0],[-47.9863575473629,-24.446242863405352,0],[-47.986743371809112,-24.446819567157203,0],[-47.986744677624699,-24.446821578940565,0],[-47.986746248740303,-24.446824165390812,0],[-47.987089349094106,-24.447411854361462,0],[-47.987092925697937,-24.447418649638848,0],[-47.987095334981632,-24.447424271300925,0],[-47.987374551993923,-24.448146050987361,0],[-47.987376066452214,-24.4481502957874,0],[-47.987378641211308,-24.44816015415568,0],[-47.987545220835159,-24.449005057325316,0],[-47.987545290982276,-24.449005415255549,0],[-47.987546621979,-24.449015842894656,0],[-47.987546621978993,-24.44902634158024,0],[-47.987546492476554,-24.449028087164276,0],[-47.987523544475891,-24.44929840718363,0],[-47.98752234298172,-24.44930708923857,0],[-47.987519698075516,-24.449317305537093,0],[-47.987515775232794,-24.449327171099938,0],[-47.987510628412736,-24.449336552827504,0],[-47.987504325963762,-24.449345324814718,0],[-47.987496953321624,-24.449353366552486,0],[-47.987488611210388,-24.449360571920703,0],[-47.987479412045097,-24.449366841094683,0],[-47.987469479932486,-24.449372090437407,0],[-47.987458948871279,-24.449376248902638,0],[-47.987447961853889,-24.449379259832824,0],[-47.987436666369035,-24.449381082758624,0],[-47.987425217100061,-24.449381693398266,0],[-47.987413767831072,-24.449381082758624,0],[-47.987402473245425,-24.449379259832824,0],[-47.987391486228091,-24.449376248902627,0],[-47.987380955166827,-24.449372090437407,0],[-47.987371022154889,-24.449366841094683,0],[-47.987361822989669,-24.449360571920703,0],[-47.987353480878369,-24.449353366552486,0],[-47.987346109135494,-24.449345324814711,0],[-47.987339806686634,-24.449336552827489,0],[-47.987334658967313,-24.449327171099938,0],[-47.987330737023861,-24.449317305537082,0],[-47.987328092117707,-24.44930708923858,0],[-47.987326760221777,-24.44929666159948,0],[-47.987326760221769,-24.449286162913893,0],[-47.987326889724102,-24.449284417329864,0],[-47.987348854765735,-24.449025687773087,0],[-47.987185951570382,-24.448199426650095,0],[-47.986911885874804,-24.447490960527261,0],[-47.986573654450517,-24.446911610969956,0],[-47.986196151431159,-24.446347343043339,0],[-47.985749353849485,-24.445959810784519,0],[-47.984971367434639,-24.445514908973831,0],[-47.984360642329754,-24.445222830757011,0],[-47.983120621119674,-24.444884720741225,0],[-47.982286847959635,-24.444656139157427,0],[-47.981474434597366,-24.444451248414296,0],[-47.980407182145711,-24.444409485697136,0],[-47.979334719022006,-24.444553477049272,0],[-47.978814105986096,-24.444760240180869,0],[-47.97798621439216,-24.445204748088582,0],[-47.977327654347732,-24.445686228024943,0],[-47.976684785674195,-24.446271708260561,0],[-47.976679834906399,-24.446275917087799,0],[-47.97611172507596,-24.446726825470535,0],[-47.976110512789887,-24.44672777245664,0],[-47.976101313624611,-24.446734041630645,0],[-47.976096504050361,-24.446736759381803,0],[-47.975383484659972,-24.44711435413204,0],[-47.975045471770997,-24.447330173436669,0]]]},"properties":{"FID":111}},{"type":"Feature","id":112,"geometry":{"type":"Polygon","coordinates":[[[-47.977232063608824,-24.444023902269176,0],[-47.97722531779408,-24.44402731159915,0],[-47.977214787632256,-24.444031470064264,0],[-47.977203800614866,-24.444034480994443,0],[-47.977192506928596,-24.44403630392026,0],[-47.977181057659671,-24.444036914559891,0],[-47.977169608390682,-24.44403630392026,0],[-47.977158314704411,-24.444034480994443,0],[-47.977147327686907,-24.444031470064264,0],[-47.977136797525084,-24.44402731159915,0],[-47.977126865412458,-24.444022062256288,0],[-47.977117666247189,-24.444015792183034,0],[-47.977109324135938,-24.444008587714098,0],[-47.97710195239307,-24.444000545077078,0],[-47.97709565084358,-24.443991773989111,0],[-47.977090503124145,-24.443982391362173,0],[-47.977086581180693,-24.443972525799317,0],[-47.977083936274596,-24.443962310400241,0],[-47.977082605277992,-24.443951881861839,0],[-47.977082605277985,-24.443941383176192,0],[-47.977083936274596,-24.443930955537159,0],[-47.9770865811807,-24.443920740137969,0],[-47.977090504023522,-24.443910874575135,0],[-47.977095650843573,-24.443901491948289,0],[-47.97710195239307,-24.443892720860315,0],[-47.977109324135938,-24.443884678223306,0],[-47.977117666247189,-24.443877472854975,0],[-47.977126865412458,-24.443871203681002,0],[-47.977130052609823,-24.44386936366816,0],[-47.977661238075648,-24.443575511088898,0],[-47.978269642030348,-24.443234663536948,0],[-47.978276859089704,-24.443230991604924,0],[-47.978282927714872,-24.443228433033699,0],[-47.978818600797752,-24.443022447815682,0],[-47.978823063233683,-24.443020847921847,0],[-47.978834049351804,-24.443017836991608,0],[-47.978838388580698,-24.443016988930928,0],[-47.979487859177311,-24.442904048471004,0],[-47.980012452612584,-24.442815116312598,0],[-47.980022921620446,-24.44281386805357,0],[-47.980890895997959,-24.44275335627038,0],[-47.980898384652676,-24.442753095466959,0],[-47.980909833022281,-24.4427537061066,0],[-47.980921127607928,-24.442755529032411,0],[-47.980932113725991,-24.442758539962597,0],[-47.980942644787156,-24.442762698427835,0],[-47.980952576000512,-24.442767947770609,0],[-47.980961775165667,-24.442774216944606,0],[-47.980970117277018,-24.442781422312752,0],[-47.980977489019779,-24.442789464949886,0],[-47.980983790569383,-24.442798236037735,0],[-47.980988937389441,-24.442807618664688,0],[-47.980992860232284,-24.442817484227525,0],[-47.980995505138367,-24.442827699626609,0],[-47.980996836134977,-24.442838127265752,0],[-47.980996836134985,-24.442848625951292,0],[-47.980995505138367,-24.442859054489759,0],[-47.980992860232284,-24.442869269888885,0],[-47.980988938288817,-24.442879135451726,0],[-47.980983790569383,-24.442888518078686,0],[-47.980977489019779,-24.442897289166535,0],[-47.980970117277018,-24.442905331803569,0],[-47.980961775165675,-24.442912536272495,0],[-47.980952576000504,-24.442918806345865,0],[-47.980942644787156,-24.442924055688596,0],[-47.980932113725991,-24.442928214153714,0],[-47.980921127607921,-24.442931225084013,0],[-47.980909833022288,-24.442933048009706,0],[-47.980905873307336,-24.442933397846041,0],[-47.980043168956954,-24.442993541806519,0],[-47.979524220566304,-24.443081516187014,0],[-47.978885405137305,-24.443192604942741,0],[-47.978366213030256,-24.443392252638247,0],[-47.97776372211797,-24.443729787087982,0],[-47.977232063608824,-24.444023902269176,0]]]},"properties":{"FID":112}},{"type":"Feature","id":113,"geometry":{"type":"Polygon","coordinates":[[[-48.001148296856343,-24.452441389346408,0],[-48.001138675909083,-24.452443956011511,0],[-48.001127381323556,-24.452445778937314,0],[-48.001115931155198,-24.452446389576945,0],[-48.001104480986889,-24.452445778937303,0],[-48.001093186401306,-24.452443956011511,0],[-48.001082199383973,-24.452440945081321,0],[-48.001071667423396,-24.452436786616207,0],[-48.001061735310763,-24.452431537273366,0],[-48.001052535246231,-24.452425267200113,0],[-48.00104419313498,-24.452418062731173,0],[-48.0010368204928,-24.452410020094138,0],[-48.001030518043926,-24.452401249006183,0],[-48.001025371223825,-24.452391866379337,0],[-48.001021448381039,-24.452382000816502,0],[-48.001018803474892,-24.452371785417384,0],[-48.001017471578962,-24.452361357778159,0],[-48.001017471578962,-24.45235085819332,0],[-48.001018803474892,-24.452340430554223,0],[-48.001021448381039,-24.452330215155026,0],[-48.001025371223825,-24.452320349592185,0],[-48.001030518043926,-24.452310966965339,0],[-48.001036820492807,-24.452302195877458,0],[-48.001044193134987,-24.452294153240363,0],[-48.001052535246231,-24.452286948771466,0],[-48.001061735310763,-24.45228067869812,0],[-48.001071667423396,-24.452275429355311,0],[-48.001082199383973,-24.452271270890204,0],[-48.001083565454167,-24.452270826625131,0],[-48.002057917938536,-24.45196097061006,0],[-48.002067538885797,-24.451958403944971,0],[-48.002078834370586,-24.451956581019154,0],[-48.002080037663518,-24.451956459610638,0],[-48.002984517321522,-24.451869970910195,0],[-48.002994764196963,-24.451869482578342,0],[-48.003006214365257,-24.451870093218012,0],[-48.003016133887336,-24.451871627461461,0],[-48.003931282202871,-24.45205754790527,0],[-48.003932659064908,-24.452057837486951,0],[-48.003943646082305,-24.452060848417155,0],[-48.003951103260768,-24.452063653402607,0],[-48.004932033386581,-24.452476364880045,0],[-48.004941166901233,-24.45248075177307,0],[-48.005701103922725,-24.45289344436469,0],[-48.005704978202118,-24.452895661193576,0],[-48.005714178266658,-24.452901930367538,0],[-48.005722520377901,-24.452909134836482,0],[-48.005729893020025,-24.45291717747353,0],[-48.005736195469012,-24.452925949460727,0],[-48.005741342289078,-24.452935331188311,0],[-48.005745265131793,-24.452945196751163,0],[-48.00574791003794,-24.452955413049672,0],[-48.00574924193387,-24.452965840688766,0],[-48.00574924193387,-24.452976339374342,0],[-48.00574791003794,-24.452986767013492,0],[-48.0057452651318,-24.452996982412628,0],[-48.00574134228907,-24.453006848874736,0],[-48.005736195469012,-24.45301623060233,0],[-48.005729893020032,-24.453025001690271,0],[-48.005722520377894,-24.45303304432732,0],[-48.005714178266658,-24.453040249695515,0],[-48.005704978202118,-24.453046518869485,0],[-48.005695046089443,-24.45305176821233,0],[-48.005684514128909,-24.453055926677436,0],[-48.005673527111476,-24.453058937607647,0],[-48.005662231626673,-24.45306076053345,0],[-48.005650782357691,-24.453061371173078,0],[-48.005639332189396,-24.453060760533436,0],[-48.005628037603742,-24.453058937607647,0],[-48.005617049686975,-24.453055926677454,0],[-48.005606518625889,-24.453051768212344,0],[-48.005600459893238,-24.453048735698363,0],[-48.004844964623381,-24.452638454189071,0],[-48.003878279758737,-24.452231736693015,0],[-48.002989056199965,-24.45205108267913,0],[-48.002111875462568,-24.45213495974831,0],[-48.001148296856343,-24.452441389346408,0]]]},"properties":{"FID":113}},{"type":"Feature","id":114,"geometry":{"type":"Polygon","coordinates":[[[-47.968295868259645,-24.436979579232297,0],[-47.968296454617587,-24.436976154613994,0],[-47.96829909862447,-24.436965938315542,0],[-47.968303021467257,-24.436956072752633,0],[-47.968308168287308,-24.436946691025124,0],[-47.968314469836798,-24.436937919037863,0],[-47.968321840680282,-24.436929876400839,0],[-47.968330182791647,-24.436922671931875,0],[-47.96833938105754,-24.436916402757891,0],[-47.968349312270902,-24.43691115251573,0],[-47.968359842432676,-24.436906994949986,0],[-47.96837082855086,-24.436903983120427,0],[-47.968382122237074,-24.436902160194613,0],[-47.968393570606736,-24.436901549554996,0],[-47.968405018976341,-24.436902160194641,0],[-47.968416312662605,-24.436903983120438,0],[-47.968427298780753,-24.43690699495,0],[-47.968437828043307,-24.43691115251573,0],[-47.968447760155918,-24.436916402757905,0],[-47.968456958421818,-24.436922671931875,0],[-47.968465299633799,-24.436929876400828,0],[-47.96847267137656,-24.436937919037863,0],[-47.968478972926164,-24.436946691025124,0],[-47.968484119746279,-24.436956072752643,0],[-47.968488041689682,-24.436965938315549,0],[-47.968490686595828,-24.436976154614008,0],[-47.968492017592489,-24.436986582253105,0],[-47.968492017592496,-24.436997080938681,0],[-47.96849127205445,-24.43700408395943,0],[-47.96839995399467,-24.437614407067368,0],[-47.968397913432902,-24.437624082873242,0],[-47.968229266267599,-24.438240698537488,0],[-47.968203151753933,-24.438826582568762,0],[-47.968203067217758,-24.438828150986463,0],[-47.968201735321713,-24.43883857862556,0],[-47.968199090415567,-24.438848794024629,0],[-47.968195168472164,-24.438858659587538,0],[-47.968190021652156,-24.43886804221443,0],[-47.968183720102566,-24.438876813302389,0],[-47.968176348359691,-24.43888485593936,0],[-47.96816800714771,-24.43889206130768,0],[-47.968158807982547,-24.438898330481674,0],[-47.968148876769199,-24.438903579824451,0],[-47.968138346607361,-24.438907738289572,0],[-47.968127360489234,-24.438910749219758,0],[-47.968116066802963,-24.438912572145568,0],[-47.968104618433372,-24.438913182785196,0],[-47.96809316916432,-24.438912572145568,0],[-47.968081875478106,-24.438910749219747,0],[-47.968070889360035,-24.438907738289579,0],[-47.968060359198205,-24.438903579824458,0],[-47.968050427984856,-24.438898330481663,0],[-47.968041228819629,-24.43889206130768,0],[-47.968032887607592,-24.438884855939371,0],[-47.968025515864838,-24.438876813302389,0],[-47.968019214315234,-24.438868042214438,0],[-47.968014067495119,-24.438858659587538,0],[-47.968010145551716,-24.438848794024629,0],[-47.96800750064557,-24.438838578625571,0],[-47.968006168749632,-24.438828150986463,0],[-47.96800608421335,-24.438819219819159,0],[-47.968032613314385,-24.438224077267478,0],[-47.968032697850667,-24.438222508849822,0],[-47.968034028847228,-24.438212081210736,0],[-47.96803548395031,-24.438205829123781,0],[-47.96820528134856,-24.437585012726284,0],[-47.968295868259645,-24.436979579232297,0]]]},"properties":{"FID":114}},{"type":"Feature","id":115,"geometry":{"type":"Polygon","coordinates":[[[-47.881626667536587,-24.389995740899856,0],[-47.881635716515063,-24.389992247933044,0],[-47.881646699035905,-24.389989236103489,0],[-47.88165798822547,-24.389987413177654,0],[-47.88166943209859,-24.38998680253809,0],[-47.881680876870917,-24.389987413177654,0],[-47.881692166060589,-24.389989236103467,0],[-47.881703147682003,-24.389992247933044,0],[-47.881713674246605,-24.389996406398154,0],[-47.881723601862632,-24.390001655741006,0],[-47.88173279653131,-24.39000792491499,0],[-47.881741135045274,-24.390015129383826,0],[-47.881748504090133,-24.390023172020971,0],[-47.881754802941721,-24.390031944008165,0],[-47.881759947963189,-24.390041325735751,0],[-47.88176386900728,-24.390051192197912,0],[-47.88176651211473,-24.390061407596988,0],[-47.88176784311144,-24.390071835236089,0],[-47.88176784311144,-24.390082334821063,0],[-47.88176651211473,-24.390092762460142,0],[-47.881763869007273,-24.390102977859343,0],[-47.881759947963197,-24.390112844321504,0],[-47.881754802941728,-24.390122226049076,0],[-47.881748504090126,-24.390130998036295,0],[-47.881741135045274,-24.390139040673319,0],[-47.88173279653131,-24.390146245142269,0],[-47.881723601862639,-24.390152514316231,0],[-47.881713674246612,-24.39015776455836,0],[-47.88171219666043,-24.390158429157278,0],[-47.881372535314199,-24.390308206747424,0],[-47.881365489125933,-24.390311009934283,0],[-47.881015417227623,-24.390435648775295,0],[-47.881013414437454,-24.390436339454656,0],[-47.881002432815933,-24.390439350384902,0],[-47.880991142726998,-24.390441173310638,0],[-47.880979814866464,-24.390441783950347,0],[-47.880499147017943,-24.390442302859071,0],[-47.880499031005414,-24.390442302859071,0],[-47.880487587132336,-24.390441692219436,0],[-47.880476297043401,-24.390439869293626,0],[-47.880467159032094,-24.390437453714689,0],[-47.880107932035401,-24.390325048351503,0],[-47.880098578186789,-24.39032162283371,0],[-47.879720426756251,-24.390162169437737,0],[-47.879332321629249,-24.389991367496702,0],[-47.879330776593974,-24.389990672320785,0],[-47.879320848977898,-24.38998542297805,0],[-47.879311991555142,-24.389979411909504,0],[-47.879034994069627,-24.389768468728963,0],[-47.879034655924571,-24.389768209724267,0],[-47.879026318309847,-24.389761005255316,0],[-47.879024896481724,-24.389759596017708,0],[-47.878736406559874,-24.389467343332349,0],[-47.87873046024243,-24.389460710832235,0],[-47.878724160491572,-24.389451938845088,0],[-47.878719015470168,-24.389442557117487,0],[-47.87871509532534,-24.389432690655287,0],[-47.878712451318449,-24.389422475256207,0],[-47.878711120321903,-24.389412047616986,0],[-47.87871112032191,-24.38940154803214,0],[-47.878712451318464,-24.389391120393046,0],[-47.878715095325333,-24.389380904993914,0],[-47.878719015470161,-24.389371038531678,0],[-47.878724160491572,-24.389361656804112,0],[-47.878730460242423,-24.389352884816898,0],[-47.878737828387955,-24.38934484217987,0],[-47.87874616690204,-24.389337637710927,0],[-47.878755361570605,-24.389331368536944,0],[-47.878765289186688,-24.389326119194227,0],[-47.878775815751169,-24.389321960729085,0],[-47.878786797372754,-24.389318948899529,0],[-47.878798086562426,-24.389317125973719,0],[-47.878809531334745,-24.389316515334095,0],[-47.878820975207823,-24.389317125973729,0],[-47.878832264397374,-24.389318948899529,0],[-47.87884324601896,-24.389321960729102,0],[-47.878853772583454,-24.389326119194216,0],[-47.878863700199531,-24.389331368536944,0],[-47.878872894868095,-24.389337637710916,0],[-47.878881233382167,-24.38934484217986,0],[-47.878882655210255,-24.389346252316844,0],[-47.879166440778533,-24.389633738595254,0],[-47.879428684885852,-24.389833447444808,0],[-47.87980435418757,-24.389998778809684,0],[-47.880176447784727,-24.390155674533901,0],[-47.880515350103224,-24.390261720790939,0],[-47.880961155732685,-24.390261239653565,0],[-47.881290469479552,-24.390143990541905,0],[-47.881626667536587,-24.389995740899856,0]]]},"properties":{"FID":115}},{"type":"Feature","id":116,"geometry":{"type":"Polygon","coordinates":[[[-48.010083311395597,-24.387752873985161,0],[-48.010084011967479,-24.387753725643115,0],[-48.010090311718436,-24.387762497630327,0],[-48.010095456739919,-24.387771880257279,0],[-48.010099376884632,-24.387781745820128,0],[-48.010102020891509,-24.387791961219239,0],[-48.01010335188807,-24.387802389757603,0],[-48.010103351888063,-24.3878128884432,0],[-48.010102020891502,-24.387823316082411,0],[-48.010099376884625,-24.387833532380849,0],[-48.010095456739919,-24.387843397943701,0],[-48.010090311718436,-24.387852779671285,0],[-48.010084012866869,-24.387861551658446,0],[-48.010076643821989,-24.38786959429558,0],[-48.010068306207295,-24.387876798764417,0],[-48.010059110639361,-24.38788306883777,0],[-48.010049183023277,-24.387888318180512,0],[-48.010038657358059,-24.387892476645614,0],[-48.01002767573658,-24.387895487575872,0],[-48.010016386546909,-24.387897310501671,0],[-48.010004942673909,-24.387897921141292,0],[-48.009993497901576,-24.387897310501671,0],[-48.009982208711897,-24.387895487575872,0],[-48.009971227090375,-24.387892476645614,0],[-48.009960701425143,-24.387888318180501,0],[-48.009950773809116,-24.38788306883777,0],[-48.009941579140445,-24.387876798764417,0],[-48.009933240626538,-24.38786959429558,0],[-48.00992657305278,-24.387862404215813,0],[-48.009844973966267,-24.387764457253127,0],[-48.009844272495108,-24.387763604695799,0],[-48.009837973643528,-24.387754833607843,0],[-48.009832828622052,-24.387745450981029,0],[-48.009828908477239,-24.387735585418163,0],[-48.009826264470462,-24.387725370019048,0],[-48.009824933473801,-24.387714941480557,0],[-48.009824933473801,-24.387704442794991,0],[-48.009825687105725,-24.387697388512819,0],[-48.009848431859609,-24.38754596426406,0],[-48.009819926048635,-24.387414579608368,0],[-48.009699361136555,-24.387365625012819,0],[-48.009487366648557,-24.387370189072165,0],[-48.009405742381034,-24.387473220801724,0],[-48.009335599758003,-24.387643092843632,0],[-48.009323686438897,-24.3878325125496,0],[-48.009354324542414,-24.387983757833286,0],[-48.009451500786099,-24.388118702904919,0],[-48.009699537403669,-24.388307221490326,0],[-48.009699949293186,-24.388307536253023,0],[-48.00970828690788,-24.388314740721846,0],[-48.009715655952725,-24.388322783358888,0],[-48.009717539133092,-24.388325181850799,0],[-48.009771170203237,-24.388395874858876,0],[-48.009775585874529,-24.388402248354279,0],[-48.009780729996628,-24.388411630081759,0],[-48.009784651040775,-24.388421495644653,0],[-48.009787295047538,-24.388431711943088,0],[-48.009788625144843,-24.388442139582196,0],[-48.009788625144843,-24.388452638267772,0],[-48.009787295047545,-24.388463066806256,0],[-48.009784651040775,-24.388473282205393,0],[-48.009780729996635,-24.388483147768216,0],[-48.009775585874536,-24.388492530395126,0],[-48.009769286123628,-24.388501301483021,0],[-48.009761917978039,-24.38850934412006,0],[-48.009753579464075,-24.388516549488244,0],[-48.009744384795404,-24.388522818662238,0],[-48.009734457179434,-24.388528068005098,0],[-48.009723930614825,-24.388532226470211,0],[-48.009712948993368,-24.38853523740044,0],[-48.009701659803689,-24.38853706122562,0],[-48.009690215930618,-24.38853767096591,0],[-48.009678772057676,-24.388537061225634,0],[-48.009667482867989,-24.388535237400447,0],[-48.009656500347148,-24.388532226470211,0],[-48.009645974681916,-24.388528068005098,0],[-48.00963604706584,-24.388522818662249,0],[-48.009626851497899,-24.388516549488262,0],[-48.009618513883197,-24.388509344120067,0],[-48.009611144838402,-24.388501301483032,0],[-48.009609261658007,-24.388498903890483,0],[-48.009563296408892,-24.388438314765548,0],[-48.009314323597096,-24.388249084816557,0],[-48.009313911707636,-24.388248770053913,0],[-48.009305574092892,-24.388241565584948,0],[-48.00929820504804,-24.388233522947825,0],[-48.009294984575781,-24.388229315919322,0],[-48.009178752597336,-24.388067908296414,0],[-48.009175673318566,-24.38806334243851,0],[-48.009170529196538,-24.388053960710867,0],[-48.009166608152327,-24.388044095148068,0],[-48.009164120627588,-24.388034670252971,0],[-48.009127665709116,-24.387854702421823,0],[-48.009127509227078,-24.387853911018411,0],[-48.009126178230417,-24.387843483379303,0],[-48.009126174633138,-24.387833042250247,0],[-48.009139641980831,-24.387618901979916,0],[-48.009139645578102,-24.387618844423347,0],[-48.00914097657477,-24.387608416784172,0],[-48.00914362058154,-24.387598200485769,0],[-48.009145851799531,-24.387592158840221,0],[-48.009226003876961,-24.387398047371228,0],[-48.009227692803741,-24.387394223453857,0],[-48.009232837825095,-24.38738484172627,0],[-48.009238420816416,-24.387376962765746,0],[-48.009356462230926,-24.387227962189925,0],[-48.009357178091193,-24.387227069163107,0],[-48.009364547136052,-24.387219026526065,0],[-48.009372884750803,-24.387211822057115,0],[-48.009382080318687,-24.387205552883117,0],[-48.009392007934764,-24.387200303540403,0],[-48.009402533599939,-24.387196145075272,0],[-48.009413515221524,-24.387193133245717,0],[-48.009424804411132,-24.38719131031992,0],[-48.009433931630618,-24.387190724861284,0],[-48.009716807084885,-24.387184634652325,0],[-48.009719123738527,-24.387184609471323,0],[-48.009730567611491,-24.387185220111075,0],[-48.009741856801156,-24.387187043036771,0],[-48.009752839321997,-24.38719005486638,0],[-48.009759077019744,-24.387192357130804,0],[-48.009946595558908,-24.387268499131139,0],[-48.009950882627045,-24.387270354432477,0],[-48.009960810243172,-24.387275603775318,0],[-48.009970005811056,-24.387281872949298,0],[-48.009978343425757,-24.387289077418146,0],[-48.009985712470616,-24.387297120055266,0],[-48.009992011322154,-24.387305892042487,0],[-48.009997156343616,-24.387315274669323,0],[-48.010001076488379,-24.387325140232239,0],[-48.010003327491518,-24.387333437377418,0],[-48.010045029954149,-24.387525648579011,0],[-48.01004542295788,-24.38752756683294,0],[-48.010046753954434,-24.387537994472037,0],[-48.010046753954434,-24.387548494057018,0],[-48.010046000322632,-24.387555548339034,0],[-48.010026588456171,-24.387684787212333,0],[-48.010083311395597,-24.387752873985161,0]]]},"properties":{"FID":116}},{"type":"Feature","id":117,"geometry":{"type":"Polygon","coordinates":[[[-48.00988742106756,-24.38906139026005,0],[-48.009887113499481,-24.389057795669824,0],[-48.009887113499474,-24.389047296984248,0],[-48.009888444496035,-24.389036869345134,0],[-48.009891087603542,-24.389026653046756,0],[-48.009895008647618,-24.389016787483914,0],[-48.009900153669037,-24.389007405756342,0],[-48.009906452520681,-24.38899863376912,0],[-48.009913821565533,-24.388990591131975,0],[-48.009922160079498,-24.388983386663149,0],[-48.009931354748176,-24.388977116589782,0],[-48.009941282364252,-24.388971867247079,0],[-48.009951808029484,-24.388967708781831,0],[-48.009962790550219,-24.388964697851684,0],[-48.009974079739898,-24.388962874925866,0],[-48.009985523612954,-24.388962264286249,0],[-48.009996967486018,-24.388962874925866,0],[-48.01000825757496,-24.388964697851694,0],[-48.010019239196431,-24.388967708781816,0],[-48.010029764861656,-24.388971867247061,0],[-48.01003969247779,-24.388977116589789,0],[-48.010048888045688,-24.388983386663149,0],[-48.010057225660375,-24.388990591131975,0],[-48.010064594705185,-24.38899863376912,0],[-48.010070893556872,-24.389007405756328,0],[-48.010076038578234,-24.389016787483914,0],[-48.010079959622381,-24.389026653046756,0],[-48.010082602729881,-24.389036869345137,0],[-48.010083627057668,-24.389043702394137,0],[-48.010106631715587,-24.389257749134913,0],[-48.010106938384403,-24.389261343725142,0],[-48.010106938384411,-24.389271842410778,0],[-48.010105608287112,-24.389282270049872,0],[-48.01010296428035,-24.389292486348271,0],[-48.010102721463404,-24.389293217497087,0],[-48.01005758628849,-24.389427158026077,0],[-48.010053908061366,-24.389436292440116,0],[-48.010048763039883,-24.389445674167693,0],[-48.010042463288926,-24.389454446154904,0],[-48.010035095143444,-24.389462488791938,0],[-48.010026756629493,-24.389469693260882,0],[-48.010017561960794,-24.389475962434869,0],[-48.010007634344788,-24.389481212676969,0],[-48.009997107780237,-24.38948537024282,0],[-48.009986126158765,-24.389488382072276,0],[-48.009980851634964,-24.389489388413683,0],[-48.009894378222953,-24.38950363997014,0],[-48.009888362657762,-24.389504456554558,0],[-48.009881959484744,-24.389504949383088,0],[-48.009791568625928,-24.389509187887821,0],[-48.009786527925883,-24.389509305698986,0],[-48.009775084052762,-24.389508695059369,0],[-48.009763794863211,-24.389506872133552,0],[-48.009752813241626,-24.389503861203302,0],[-48.009746504497507,-24.389501529261278,0],[-48.009551292258266,-24.389422097540901,0],[-48.009547074437812,-24.389420271017809,0],[-48.009537146821799,-24.38941502167506,0],[-48.009527952153178,-24.389408751601717,0],[-48.009525479017562,-24.389406786583027,0],[-48.009373922568393,-24.389282231378942,0],[-48.009368057190045,-24.389276991928735,0],[-48.009362552439825,-24.389271169717848,0],[-48.009200027858981,-24.38908366556781,0],[-48.009059975537404,-24.388928245631117,0],[-48.009056934030177,-24.388924691510404,0],[-48.009050634279326,-24.388915920422566,0],[-48.00904735085453,-24.388910255592975,0],[-48.008948291430393,-24.388723658858908,0],[-48.008903515984457,-24.388649727392192,0],[-48.008791526107977,-24.388571629366361,0],[-48.008724126417185,-24.388574014368427,0],[-48.008689140990953,-24.388627226354508,0],[-48.008638328396039,-24.388741278376482,0],[-48.008637572066277,-24.388742930431082,0],[-48.008632427044788,-24.388752312158665,0],[-48.00862612819315,-24.388761084145877,0],[-48.008618759148312,-24.388769126783021,0],[-48.008610421533604,-24.38877633125184,0],[-48.008601225965776,-24.388782600425827,0],[-48.0085912983497,-24.388787850667939,0],[-48.008580772684461,-24.38879200823369,0],[-48.008569791062882,-24.388795020063288,0],[-48.008558500973948,-24.388796842989045,0],[-48.008547057100891,-24.388797453628754,0],[-48.008535613227934,-24.388796842989045,0],[-48.008524324038255,-24.388795020063288,0],[-48.008513342416791,-24.388792008233676,0],[-48.008502815852182,-24.388787850667946,0],[-48.008492888236106,-24.388782600425834,0],[-48.008483693567541,-24.388776331251837,0],[-48.008475355053569,-24.388769126783021,0],[-48.008467986908045,-24.38876108414587,0],[-48.008461687157073,-24.388752312158655,0],[-48.008456542135605,-24.388742930431086,0],[-48.008452621990841,-24.38873306396891,0],[-48.008449977984071,-24.388722848569728,0],[-48.008448646987404,-24.388712420930645,0],[-48.008448646987404,-24.38870192134565,0],[-48.008449977984078,-24.388691493706592,0],[-48.008452621990841,-24.388681278307512,0],[-48.008455785805829,-24.388673063899954,0],[-48.008509482526506,-24.388552536759278,0],[-48.008510238856395,-24.388550884704724,0],[-48.008515383877743,-24.388541502977155,0],[-48.008516305682861,-24.38854007125645,0],[-48.008582686441805,-24.388439108866866,0],[-48.008588064387538,-24.388431768600359,0],[-48.00859543253307,-24.388423725963332,0],[-48.008603771047149,-24.388416521494491,0],[-48.008612965715713,-24.388410252320391,0],[-48.008622893331783,-24.388405002078414,0],[-48.008633419896285,-24.388400843613233,0],[-48.008644401517863,-24.388397832683001,0],[-48.008655690707542,-24.388396009757166,0],[-48.008663328649675,-24.388395466566685,0],[-48.008819280085675,-24.388389947427253,0],[-48.008823086915811,-24.388389879978103,0],[-48.008834530788882,-24.388390490617841,0],[-48.008845819978532,-24.388392313543537,0],[-48.008856801600018,-24.388395325373153,0],[-48.00886732726525,-24.388399483838217,0],[-48.008877254881384,-24.388404733181122,0],[-48.008882805497031,-24.388408333167206,0],[-48.009039407142886,-24.388517543239125,0],[-48.009043052095144,-24.388520212427014,0],[-48.009051389709846,-24.388527416895968,0],[-48.009058758754691,-24.388535459532989,0],[-48.009065057606222,-24.3885442315202,0],[-48.009065891277771,-24.388545580503258,0],[-48.009123243742579,-24.388640344765246,0],[-48.009219512570326,-24.388821613016201,0],[-48.009353274134241,-24.388970058710367,0],[-48.009511791336081,-24.389152933150449,0],[-48.009645566389679,-24.389262875270607,0],[-48.009805019785745,-24.389327755960323,0],[-48.009865624199158,-24.389324914102648,0],[-48.009886890467556,-24.38932140944463,0],[-48.009908480491902,-24.389257342641372,0],[-48.00988742106756,-24.38906139026005,0]]]},"properties":{"FID":117}},{"type":"Feature","id":118,"geometry":{"type":"Polygon","coordinates":[[[-48.009806437117334,-24.390389424521455,0],[-48.009810772748956,-24.390385888387126,0],[-48.009819968316776,-24.390379619213164,0],[-48.009829895932853,-24.390374369870433,0],[-48.009840421598085,-24.390370211405294,0],[-48.00985140411894,-24.390367199575749,0],[-48.009862693308605,-24.390365376649932,0],[-48.009874137181669,-24.390364766010226,0],[-48.009885581953988,-24.390365376649928,0],[-48.009896871143681,-24.390367199575749,0],[-48.009907852765146,-24.390370211405301,0],[-48.009918379329633,-24.390374369870443,0],[-48.00992830694571,-24.390379619213164,0],[-48.009937502513651,-24.390385888387115,0],[-48.009945840128353,-24.390393092856076,0],[-48.009953209173212,-24.3904011354931,0],[-48.009959508924112,-24.390409907480432,0],[-48.009964653046268,-24.390419289208008,0],[-48.009968574090351,-24.390429155670123,0],[-48.009971218097128,-24.390439371069228,0],[-48.009972549093781,-24.390449798708342,0],[-48.009972549093789,-24.390460298293323,0],[-48.009971218097128,-24.390470725932392,0],[-48.009968574090351,-24.390480941331461,0],[-48.009964653046282,-24.390490807793658,0],[-48.009959508924112,-24.390500189521216,0],[-48.009953209173204,-24.390508961508548,0],[-48.009945841027623,-24.390517004145575,0],[-48.009941838145274,-24.390520672480189,0],[-48.009666128489016,-24.390759245531804,0],[-48.009661792857393,-24.390762781666147,0],[-48.009652597289467,-24.39076905084011,0],[-48.009642669673383,-24.390774300182827,0],[-48.009633395864455,-24.390778032369383,0],[-48.009368487065956,-24.390870079779482,0],[-48.009367235209702,-24.390870506058093,0],[-48.009356252688868,-24.390873516988272,0],[-48.009344963499196,-24.390875339914082,0],[-48.009333518726862,-24.390875950553724,0],[-48.009322074853806,-24.390875339914079,0],[-48.009310785664134,-24.390873516988275,0],[-48.009299803143271,-24.390870506058082,0],[-48.009289277478047,-24.390866347592961,0],[-48.009279349862084,-24.390861098250173,0],[-48.009270154294143,-24.390854828176888,0],[-48.009269038235409,-24.39085395763318,0],[-48.009017702005288,-24.390654900792121,0],[-48.00868835138624,-24.390619947741509,0],[-48.008423034295561,-24.390693216407961,0],[-48.008417309211325,-24.390694626544931,0],[-48.008408632552289,-24.390696138305248,0],[-48.008164538562532,-24.390728343027718,0],[-48.00816192693128,-24.39072865509247,0],[-48.008150482158953,-24.390729265732205,0],[-48.008139038285897,-24.390728655092452,0],[-48.008127749096211,-24.390726832166653,0],[-48.008116766575483,-24.390723821236481,0],[-48.008106240910251,-24.390719662771346,0],[-48.008096312394791,-24.390714413428565,0],[-48.008087117726234,-24.390708144254621,0],[-48.008078779212269,-24.390700938886376,0],[-48.008071410167403,-24.39069289624927,0],[-48.0080684046331,-24.390688986896354,0],[-48.007906046426854,-24.390465452307922,0],[-48.007902753109477,-24.39046058967363,0],[-48.007897608088115,-24.390451207946068,0],[-48.007893687043918,-24.390441342383209,0],[-48.007892478355139,-24.390437303527907,0],[-48.007829955687782,-24.390207794743048,0],[-48.007828521269168,-24.390201617299972,0],[-48.007827191171884,-24.390191189660754,0],[-48.007827191171884,-24.390180690075912,0],[-48.007828521269168,-24.390170262436815,0],[-48.007831165275945,-24.390160047037675,0],[-48.007835086320085,-24.390150180575461,0],[-48.007840231341561,-24.390140798847892,0],[-48.007846530193142,-24.390132026860677,0],[-48.007853899237993,-24.390123984223639,0],[-48.007862237752022,-24.390116779754695,0],[-48.007871432420586,-24.390110510580712,0],[-48.00788136003667,-24.390105260338601,0],[-48.007891886601271,-24.39010110277286,0],[-48.007902868222736,-24.390098090943294,0],[-48.007914157412415,-24.390096268017491,0],[-48.007925602184748,-24.390095657377852,0],[-48.007937046057812,-24.390096268017491,0],[-48.007948335247356,-24.390098090943304,0],[-48.007959317768218,-24.390101102772885,0],[-48.007969843433443,-24.390105260338601,0],[-48.00797977104952,-24.390110510580712,0],[-48.007988966617468,-24.390116779754695,0],[-48.007997305131425,-24.390123984223639,0],[-48.008004673277007,-24.390132026860673,0],[-48.008010973027858,-24.390140798847892,0],[-48.008016118049341,-24.390150180575464,0],[-48.008020038194161,-24.390160047037675,0],[-48.008021247782317,-24.390164084993607,0],[-48.008079643460746,-24.390378445597914,0],[-48.008198067087108,-24.390541490886285,0],[-48.008373198364325,-24.390518384604956,0],[-48.008650970166059,-24.390441676930941,0],[-48.008656695250238,-24.390440266793981,0],[-48.00866798443991,-24.390438442968897,0],[-48.008679429212236,-24.390437833228525,0],[-48.008690775958435,-24.390438433076397,0],[-48.009070561457122,-24.390478737992463,0],[-48.009070658583944,-24.390478748784403,0],[-48.009081947773552,-24.390480571710107,0],[-48.009092930294401,-24.390483582640357,0],[-48.009103455959632,-24.390487741105506,0],[-48.009113383575759,-24.390492990448301,0],[-48.00912257914365,-24.390499259622299,0],[-48.009123695202327,-24.390500131065384,0],[-48.009353525944448,-24.390682155646132,0],[-48.009545044667959,-24.39061560851264,0],[-48.009806437117334,-24.390389424521455,0]]]},"properties":{"FID":118}},{"type":"Feature","id":119,"geometry":{"type":"Polygon","coordinates":[[[-48.00519062894432,-24.391824043733664,0],[-48.005191031840525,-24.391825243429313,0],[-48.005193675847401,-24.391835459727815,0],[-48.005195005944699,-24.391845887366919,0],[-48.005195005944699,-24.391856386052442,0],[-48.005194709168393,-24.391859887113128,0],[-48.005184144832356,-24.391959246910812,0],[-48.005513499947952,-24.391878707225661,0],[-48.005516197014799,-24.391878084894834,0],[-48.005527487103741,-24.391876261968999,0],[-48.005538930976805,-24.391875651329304,0],[-48.005550375749131,-24.391876261968999,0],[-48.005553168144168,-24.391876597416065,0],[-48.00582543879284,-24.391912992080034,0],[-48.006175838943712,-24.391875793422226,0],[-48.006297151192484,-24.391804103965324,0],[-48.006464058169691,-24.391681491296879,0],[-48.006469640261628,-24.391584195443389,0],[-48.006353852548159,-24.391403305807046,0],[-48.006173934179628,-24.391139649764167,0],[-48.006172158018614,-24.391136942804732,0],[-48.006167012997139,-24.391127561077273,0],[-48.006163091953113,-24.391117695514318,0],[-48.006160448845613,-24.391107479215901,0],[-48.006159117848995,-24.391097051576704,0],[-48.006159077379493,-24.391087238174652,0],[-48.006173915293914,-24.390818775255358,0],[-48.006173956662671,-24.390818089971965,0],[-48.006175286759976,-24.390807662332868,0],[-48.00617793076686,-24.390797446034416,0],[-48.006181851810993,-24.390787580471624,0],[-48.006186996832355,-24.390778197844657,0],[-48.006189328774383,-24.390774685992085,0],[-48.006395437199615,-24.390479625623371,0],[-48.006399405008494,-24.390474365488672,0],[-48.006406774053289,-24.39046632285163,0],[-48.006413823838784,-24.390460125623406,0],[-48.006643348811394,-24.390277516483305,0],[-48.006890960948965,-24.390095723028363,0],[-48.00689844510714,-24.390090738086258,0],[-48.006908372723096,-24.39008548874342,0],[-48.006918898388342,-24.390081330278363,0],[-48.006929880909183,-24.390078319348103,0],[-48.006937999988622,-24.390076883130753,0],[-48.007025862853254,-24.390064820524163,0],[-48.007078289731233,-24.390000855344347,0],[-48.007085424952322,-24.389993098691729,0],[-48.007093763466294,-24.389985893323413,0],[-48.007102958134965,-24.389979624149415,0],[-48.007112885751049,-24.389974374806677,0],[-48.007123412315536,-24.389970216341556,0],[-48.007134393937022,-24.389967205411388,0],[-48.007145683126673,-24.389965381586194,0],[-48.00715712789907,-24.389964771845893,0],[-48.00716857177207,-24.389965381586205,0],[-48.007179860961749,-24.389967205411377,0],[-48.00719084348259,-24.389970216341567,0],[-48.007201369147829,-24.389974374806688,0],[-48.007211296763899,-24.389979624149415,0],[-48.00722049233184,-24.389985893323406,0],[-48.007228830845804,-24.389993098691729,0],[-48.007236198991286,-24.390001141328742,0],[-48.007242498742308,-24.390009912416698,0],[-48.007247643763712,-24.390019295043562,0],[-48.007251563908426,-24.390029160606399,0],[-48.00725420791531,-24.390039376005515,0],[-48.007255538911977,-24.390049804543995,0],[-48.007255538911984,-24.390060303229582,0],[-48.00725420791531,-24.390070730868661,0],[-48.007251563908426,-24.390080947167124,0],[-48.007247643763719,-24.390090812729923,0],[-48.007242498742308,-24.390100194457556,0],[-48.007236198991279,-24.390108966444821,0],[-48.007235966066958,-24.390109252429177,0],[-48.007159279976747,-24.390202816096245,0],[-48.007152144755658,-24.39021057364825,0],[-48.007143806241572,-24.390217778117055,0],[-48.007134611573001,-24.39022404729106,0],[-48.007124683956931,-24.390229296633883,0],[-48.007114157392323,-24.390233455099018,0],[-48.007103175770851,-24.390236466928588,0],[-48.007095056691483,-24.390237902246547,0],[-48.006993522333111,-24.39025184263761,0],[-48.00676969276708,-24.390416155070668,0],[-48.006553857274639,-24.390587895004437,0],[-48.006369498053857,-24.39085181994465,0],[-48.006357548761748,-24.391068023259731,0],[-48.006522516800615,-24.39130978530746,0],[-48.006654677571191,-24.391516235474977,0],[-48.006655006723122,-24.391516752585169,0],[-48.006660151744484,-24.391526135212033,0],[-48.006664072788674,-24.391536000774881,0],[-48.006666715896181,-24.391546216174049,0],[-48.006668046892742,-24.39155664471247,0],[-48.006668078369096,-24.391566630784499,0],[-48.006658628292989,-24.391731350610367,0],[-48.006658596816749,-24.391731862324701,0],[-48.006657266719458,-24.391742290863068,0],[-48.006654622712581,-24.391752506262261,0],[-48.006650701668491,-24.391762371825113,0],[-48.006645556647015,-24.391771754452005,0],[-48.00663925779542,-24.391780525539843,0],[-48.006631888750576,-24.391788568176988,0],[-48.006623550236604,-24.391795773545198,0],[-48.0066218667057,-24.391797038891301,0],[-48.006416550583317,-24.391947866889659,0],[-48.006408317289974,-24.391953301492769,0],[-48.006263443702949,-24.392038914253522,0],[-48.00625423824237,-24.392043732821044,0],[-48.006243711677882,-24.392047891286268,0],[-48.006232730056411,-24.392050902216464,0],[-48.006221439967376,-24.392052726041534,0],[-48.006221346437947,-24.392052735934055,0],[-48.005835321442824,-24.39209371624111,0],[-48.00582397109936,-24.392094316088848,0],[-48.005812526326906,-24.392093706348589,0],[-48.00580973393204,-24.392093370002108,0],[-48.005544764878948,-24.392057952001991,0],[-48.005182052109987,-24.392146648538073,0],[-48.005179355043147,-24.392147270868964,0],[-48.005168065853475,-24.392149093794675,0],[-48.005156621081142,-24.392149704434424,0],[-48.005145176308822,-24.392149093794668,0],[-48.005133887119143,-24.392147270868957,0],[-48.005122904598295,-24.392144259938743,0],[-48.005118725448703,-24.392142767064165,0],[-48.005039754181261,-24.392112650567423,0],[-48.005033407665515,-24.392109984976916,0],[-48.005023480049552,-24.392104735634067,0],[-48.005014284481547,-24.392098465560831,0],[-48.005005945967532,-24.392091261091881,0],[-48.004998577822057,-24.39208321845484,0],[-48.004992278071079,-24.392074446467621,0],[-48.004987133049724,-24.392065064740045,0],[-48.004983212005584,-24.392055199177214,0],[-48.004980568898084,-24.392044982878698,0],[-48.004979237901466,-24.392034555239615,0],[-48.004979237901466,-24.392024056554018,0],[-48.004979535577036,-24.392020555493342,0],[-48.004996532763691,-24.391860689308423,0],[-48.004953817664507,-24.391736340948469,0],[-48.004876141420773,-24.39156216025453,0],[-48.004640542427005,-24.391438150039619,0],[-48.0043322845072,-24.391378441351041,0],[-48.004061322372088,-24.391381328174816,0],[-48.004060175736413,-24.391381334470111,0],[-48.00404873096408,-24.39138072383043,0],[-48.004037441774415,-24.391378900904666,0],[-48.004026459253566,-24.39137588997443,0],[-48.004015933588391,-24.391371731509317,0],[-48.004006005972371,-24.391366482166475,0],[-48.003996810404431,-24.391360212992609,0],[-48.003988471890352,-24.391353007624268,0],[-48.003981102845501,-24.391344964987248,0],[-48.003976867038716,-24.391339318144052,0],[-48.003927003228569,-24.391267128664136,0],[-48.003924940183758,-24.391264004419387,0],[-48.003919795162403,-24.391254621792545,0],[-48.003918810404691,-24.391252453526988,0],[-48.003854462113623,-24.391105428761659,0],[-48.003851526726521,-24.391097732363502,0],[-48.003848882719645,-24.391087516065074,0],[-48.003847551723084,-24.39107708842603,0],[-48.003847551723084,-24.391066589740376,0],[-48.003848882719645,-24.391056161201902,0],[-48.003851526726521,-24.391045945802883,0],[-48.003855447770597,-24.391036080240042,0],[-48.003860591892753,-24.3910266976131,0],[-48.003866891643661,-24.391017926525251,0],[-48.003874260688526,-24.391009883888106,0],[-48.003882599202484,-24.391002678519907,0],[-48.003891793871162,-24.390996409345938,0],[-48.003901721487239,-24.390991160003054,0],[-48.003912248051734,-24.390987001538083,0],[-48.003923229673212,-24.390983990607765,0],[-48.003934519762254,-24.390982167681955,0],[-48.003945963635203,-24.390981557042327,0],[-48.003957408407643,-24.390982167681965,0],[-48.003968697597202,-24.390983990607772,0],[-48.00397967921878,-24.390987001538065,0],[-48.003990205783282,-24.390991160003047,0],[-48.004000133399352,-24.39099640934592,0],[-48.0040093289673,-24.391002678519921,0],[-48.004017667481278,-24.391009883888231,0],[-48.004025035626853,-24.391017926525269,0],[-48.004031335377753,-24.3910266976131,0],[-48.004036480399229,-24.391036080240056,0],[-48.004037465156848,-24.391038248505414,0],[-48.004098450882729,-24.391177591261851,0],[-48.004114061314802,-24.391200190325552,0],[-48.004340881126716,-24.391197773847246,0],[-48.004342027762291,-24.391197767551994,0],[-48.004353471635341,-24.391198378191635,0],[-48.004362426184969,-24.391199721778822,0],[-48.004696566593232,-24.391264443288485,0],[-48.004698903031908,-24.391264923526489,0],[-48.00470988465338,-24.391267934456721,0],[-48.004720411217995,-24.391272092921785,0],[-48.004725290040028,-24.391274496809622,0],[-48.005003727340124,-24.391421054826942,0],[-48.005008776133984,-24.391423900281879,0],[-48.005017970802676,-24.391430169455873,0],[-48.005026309316641,-24.391437374824072,0],[-48.005033678361485,-24.391445417461131,0],[-48.005039978112443,-24.391454188549059,0],[-48.005045122234549,-24.39146357117589,0],[-48.005045866873218,-24.391465194452287,0],[-48.005137886404214,-24.391671537600477,0],[-48.005140660812749,-24.391678580191407,0],[-48.00519062894432,-24.391824043733664,0]]]},"properties":{"FID":119}},{"type":"Feature","id":120,"geometry":{"type":"Polygon","coordinates":[[[-47.954024648118946,-24.405227679802405,0],[-47.954030559362714,-24.405235970652374,0],[-47.954035705283502,-24.405245352379897,0],[-47.954039626327578,-24.405255217942802,0],[-47.954042270334476,-24.405265434241262,0],[-47.954043601331023,-24.405275861880337,0],[-47.954043601331023,-24.40528636056591,0],[-47.954042270334476,-24.405296789104295,0],[-47.954039626327578,-24.405307004503424,0],[-47.954035705283502,-24.405316870066251,0],[-47.954030560262083,-24.405326252693222,0],[-47.954024259611856,-24.405335023781152,0],[-47.954016890566947,-24.405343066418183,0],[-47.954008551153606,-24.405350271786403,0],[-47.953999354686353,-24.405356540960405,0],[-47.95398942527175,-24.405361790303104,0],[-47.953978898707135,-24.405365948768342,0],[-47.953967915287024,-24.405368959698542,0],[-47.953956624298712,-24.405370782624331,0],[-47.953945178627009,-24.405371393264033,0],[-47.953933732955306,-24.405370782624345,0],[-47.953922441967059,-24.405368959698542,0],[-47.953911459446196,-24.405365948768363,0],[-47.953900931982332,-24.405361790303115,0],[-47.953891002567616,-24.405356540960405,0],[-47.953881806100412,-24.405350271786411,0],[-47.953873467586334,-24.405343066418183,0],[-47.953866097642219,-24.40533502378117,0],[-47.95386570913513,-24.405334543543173,0],[-47.953619691495526,-24.405027705652859,0],[-47.953613779352402,-24.405019414802887,0],[-47.953608634330919,-24.405010033075374,0],[-47.95360471328685,-24.405000166613206,0],[-47.953604505543467,-24.404999522698581,0],[-47.953541864165636,-24.40480259275428,0],[-47.953539427902228,-24.404793021269644,0],[-47.953538096905618,-24.404782593630546,0],[-47.953538096905618,-24.404772094944974,0],[-47.953539427902221,-24.404761666406621,0],[-47.95353958078698,-24.404760891190953,0],[-47.953609924858078,-24.404413342790352,0],[-47.95361241598016,-24.404403903506157,0],[-47.953616337024251,-24.404394037043911,0],[-47.953621482045719,-24.404384655316342,0],[-47.953627782695946,-24.40437588332912,0],[-47.953635151740805,-24.4043678406921,0],[-47.953643491154139,-24.404360636223142,0],[-47.953645337462319,-24.404359252166579,0],[-47.953822474227771,-24.404229699429884,0],[-47.953876621508805,-24.404129293720764,0],[-47.953673538402995,-24.404084829440144,0],[-47.953182874589977,-24.404100577468505,0],[-47.952681733675036,-24.404153137446155,0],[-47.952670590175501,-24.404153723804132,0],[-47.952217167288381,-24.404154037667524,0],[-47.952208892626238,-24.404153724703409,0],[-47.951748095298292,-24.404118504554102,0],[-47.951744850544415,-24.404118206878554,0],[-47.951733559556089,-24.404116383952712,0],[-47.951722576135865,-24.404113373022554,0],[-47.951720654284657,-24.404112712020893,0],[-47.951529162540801,-24.404044718777591,0],[-47.951520557827394,-24.404041221314134,0],[-47.951510629312054,-24.404035971971325,0],[-47.951501432844736,-24.404029702797398,0],[-47.951493093431395,-24.404022497429082,0],[-47.951485724386657,-24.404014455691431,0],[-47.951479423736309,-24.404005683704099,0],[-47.951474278714954,-24.40399630107725,0],[-47.951470357670821,-24.403986435514426,0],[-47.951467713663924,-24.403976220115275,0],[-47.951466382667377,-24.403965791576926,0],[-47.951466382667377,-24.403955292891347,0],[-47.951467713663931,-24.403944865252072,0],[-47.951470357670814,-24.403934649853063,0],[-47.951474278714961,-24.403924783390828,0],[-47.951479423736309,-24.403915401663252,0],[-47.951485724386657,-24.403906629676026,0],[-47.951493093431395,-24.40389858703902,0],[-47.951501432844736,-24.403891382570123,0],[-47.951510629312054,-24.403885113396136,0],[-47.951520557827386,-24.403879864053341,0],[-47.951531085291265,-24.403875705588124,0],[-47.951542067812106,-24.403872694657942,0],[-47.951553358800375,-24.403870870832868,0],[-47.951564804472135,-24.403870261092486,0],[-47.951576250143781,-24.403870870832858,0],[-47.951587540232708,-24.403872694657942,0],[-47.951598523652812,-24.403875705588124,0],[-47.951600445504141,-24.403876366589934,0],[-47.951778673147203,-24.403939650083593,0],[-47.952221162076846,-24.403973470887706,0],[-47.952664851601526,-24.403973163319687,0],[-47.953164309884862,-24.40392077960917,0],[-47.953172074631418,-24.403920249009158,0],[-47.953680000031909,-24.403903947897671,0],[-47.953683453428596,-24.403903892139681,0],[-47.953694899100299,-24.403904502779497,0],[-47.953706189189234,-24.403906325705126,0],[-47.953706378046896,-24.403906367073997,0],[-47.953953530630876,-24.403960479281523,0],[-47.953964325193404,-24.403963448842898,0],[-47.953974851757891,-24.403967607308065,0],[-47.953984781172615,-24.403972856650849,0],[-47.953993474019569,-24.403978742713601,0],[-47.954064211993739,-24.404032369287293,0],[-47.954064715614038,-24.404032752398511,0],[-47.954073054128116,-24.404039957766646,0],[-47.954080424072231,-24.404048000403705,0],[-47.954086723823195,-24.404056771491636,0],[-47.954091869743934,-24.404066154118606,0],[-47.954095790788074,-24.404076019681341,0],[-47.954098434794851,-24.404086235080516,0],[-47.954099765791518,-24.404096663618944,0],[-47.954099765791518,-24.404107162304499,0],[-47.954098434794851,-24.404117589943692,0],[-47.954095790788074,-24.404127806242077,0],[-47.954091869743941,-24.404137671804914,0],[-47.954089741048676,-24.404141889625333,0],[-47.953989548478773,-24.404327675170862,0],[-47.953986532152669,-24.404332839977357,0],[-47.953980232401705,-24.40434161106532,0],[-47.95397286245759,-24.404349653702315,0],[-47.953964523044242,-24.404356859070603,0],[-47.953962676736076,-24.404358243127216,0],[-47.953797103453432,-24.40447933863932,0],[-47.95373772751401,-24.404772698390108,0],[-47.953788943005236,-24.404933704915386,0],[-47.954024648118946,-24.405227679802405,0]]]},"properties":{"FID":120}},{"type":"Feature","id":121,"geometry":{"type":"Polygon","coordinates":[[[-47.950646379027091,-24.403958982809563,0],[-47.950645646079643,-24.403956837926554,0],[-47.950643002072866,-24.403946621628101,0],[-47.950641671076198,-24.403936193988898,0],[-47.950641671076198,-24.403925695303492,0],[-47.950643002072866,-24.403915267664217,0],[-47.950645646079636,-24.403905051365825,0],[-47.950649567123776,-24.403895185802988,0],[-47.950654713044514,-24.403885803176145,0],[-47.950661012795429,-24.403877032088193,0],[-47.950668381840281,-24.403868989451055,0],[-47.950676721253615,-24.403861784982212,0],[-47.950685917720875,-24.403855514908972,0],[-47.950695846236272,-24.403850265566124,0],[-47.950706373700093,-24.403846107100996,0],[-47.950717357120318,-24.403843096170817,0],[-47.950728647209246,-24.403841273245025,0],[-47.950740092880942,-24.403840662605372,0],[-47.950751538552538,-24.403841273245007,0],[-47.950762828641587,-24.403843096170817,0],[-47.950773812061762,-24.403846107100996,0],[-47.950784339525626,-24.403850265566117,0],[-47.95079426804103,-24.403855514908972,0],[-47.950803464508162,-24.403861784982208,0],[-47.950811803022248,-24.403868989451045,0],[-47.950819172966362,-24.403877032088193,0],[-47.950825472717327,-24.403885803176145,0],[-47.950830618638072,-24.403895185803002,0],[-47.950833805835437,-24.403902905583436,0],[-47.950938278278898,-24.404195719445738,0],[-47.951010026191689,-24.404386721958467,0],[-47.951011245672362,-24.404390196039518,0],[-47.951013889679238,-24.404400411438644,0],[-47.951015220675799,-24.404410839077787,0],[-47.951015338486975,-24.40441893657345,0],[-47.951007785980437,-24.404638090564234,0],[-47.951007668169261,-24.40464049175408,0],[-47.951006338071927,-24.404650919393262,0],[-47.951003694065207,-24.40466113569164,0],[-47.950999772121754,-24.404671001254478,0],[-47.950994627100329,-24.404680383881445,0],[-47.950993947212794,-24.404681444182074,0],[-47.950907282245161,-24.404814679642545,0],[-47.950901661482483,-24.404822390429722,0],[-47.950898371762328,-24.404826216145764,0],[-47.950743689269814,-24.40499648478869,0],[-47.950652824468193,-24.405138380720476,0],[-47.950646859265021,-24.405146623906315,0],[-47.95063949022029,-24.405154666543456,0],[-47.950631150806949,-24.405161871911666,0],[-47.950621954339681,-24.405168141085653,0],[-47.950612025824292,-24.405173390428406,0],[-47.950605867266859,-24.405175984073257,0],[-47.950372521974259,-24.405265485502579,0],[-47.950368153967077,-24.405267050322877,0],[-47.950361471104891,-24.405269034227327,0],[-47.95002341504852,-24.405357313478092,0],[-47.950019114490424,-24.405358340503824,0],[-47.950007823502233,-24.40536016432894,0],[-47.94999637783053,-24.405360774069255,0],[-47.949984932158827,-24.40536016432894,0],[-47.949973642069892,-24.405358340503813,0],[-47.949972588064455,-24.405358106680119,0],[-47.949582552093098,-24.405269296829371,0],[-47.949572622678375,-24.405266519722886,0],[-47.94956209521451,-24.405262361257769,0],[-47.949552165799801,-24.40525711191497,0],[-47.94954296933247,-24.405250842740998,0],[-47.949534630818498,-24.405243638272108,0],[-47.94953375847615,-24.405242780318876,0],[-47.949207556383499,-24.404917808498908,0],[-47.948905617100429,-24.404623553023377,0],[-47.948898383853255,-24.404615643485897,0],[-47.948892083202963,-24.404606871498682,0],[-47.948886938181545,-24.40459748977112,0],[-47.948883017137462,-24.404587623309006,0],[-47.948880373130692,-24.404577407909866,0],[-47.948879042134024,-24.404566980270666,0],[-47.948879042134024,-24.40455648068582,0],[-47.948880373130692,-24.404546053046719,0],[-47.948883017137454,-24.404535837647533,0],[-47.948886938181545,-24.404525972084684,0],[-47.948892083202956,-24.404516589457845,0],[-47.948898383853255,-24.404507817470577,0],[-47.948905752898099,-24.404499775732852,0],[-47.948914092311441,-24.404492570364596,0],[-47.948923288778708,-24.404486301190623,0],[-47.948933217294091,-24.404481051847874,0],[-47.948943744757976,-24.404476893382757,0],[-47.948954728178137,-24.404473882452521,0],[-47.948966018267065,-24.404472058627437,0],[-47.948977463938768,-24.404471448887065,0],[-47.948988909610364,-24.404472058627437,0],[-47.949000200598682,-24.404473882452521,0],[-47.949011183119531,-24.404476893382757,0],[-47.949021710583452,-24.404481051847874,0],[-47.949031639098855,-24.404486301190623,0],[-47.949040835566009,-24.404492570364596,0],[-47.949049174979343,-24.404499775732862,0],[-47.949049310777006,-24.404499907933211,0],[-47.949351990202111,-24.404794885564343,0],[-47.949658878454443,-24.405100613691161,0],[-47.949994638541625,-24.405177065058364,0],[-47.950301756121064,-24.405096865316914,0],[-47.950499364154219,-24.405021071354152,0],[-47.950577685211968,-24.404898764455261,0],[-47.95058365041502,-24.404890521269294,0],[-47.950586940135111,-24.404886694654017,0],[-47.950741840263618,-24.404716186791394,0],[-47.950811509843277,-24.40460908023368,0],[-47.950817688185737,-24.404429794088504,0],[-47.950751329010586,-24.404253127668547,0],[-47.950646379027091,-24.403958982809563,0]]]},"properties":{"FID":121}},{"type":"Feature","id":122,"geometry":{"type":"Polygon","coordinates":[[[-47.943562793388082,-24.40624850565279,0],[-47.943566505789597,-24.406249242197593,0],[-47.943577489209709,-24.406252253127779,0],[-47.94358801667358,-24.406256411592885,0],[-47.943597946088289,-24.406261660935751,0],[-47.94360714255555,-24.406267930109728,0],[-47.943615481069571,-24.406275135477927,0],[-47.943622851013686,-24.406283178114961,0],[-47.943629151663913,-24.406291949202913,0],[-47.943634296685332,-24.406301331829752,0],[-47.943638217729529,-24.406311197392615,0],[-47.943640861736306,-24.406321412791733,0],[-47.943642192732959,-24.406331841330207,0],[-47.943642192732966,-24.406342340015801,0],[-47.943640861736306,-24.406352767654894,0],[-47.943638217729522,-24.406362983953315,0],[-47.943634296685339,-24.406372849516163,0],[-47.943629151663906,-24.40638223124374,0],[-47.943622851013686,-24.406391003231025,0],[-47.943615481968898,-24.406399045868117,0],[-47.94360714255555,-24.406406250337021,0],[-47.943597946088289,-24.406412520410228,0],[-47.943588016673573,-24.40641776975297,0],[-47.943577489209702,-24.406421928218208,0],[-47.94356650578959,-24.406424939148458,0],[-47.943555214801286,-24.406426762074076,0],[-47.943543769129576,-24.406427372713903,0],[-47.943532323457937,-24.406426762074076,0],[-47.943524745770333,-24.406425675693132,0],[-47.943359269614518,-24.406395876657086,0],[-47.943355557213181,-24.406395140112402,0],[-47.943344573792956,-24.406392128282796,0],[-47.943336755087103,-24.40638916951325,0],[-47.943085710237312,-24.40628237142311,0],[-47.943083000579918,-24.406281172626855,0],[-47.943073072064585,-24.406275923283989,0],[-47.943063875597261,-24.406269653210771,0],[-47.943060084055624,-24.406266584723948,0],[-47.942760369695179,-24.4060111781621,0],[-47.94275582182366,-24.406007042180018,0],[-47.942748452778801,-24.405998999542977,0],[-47.94274319084554,-24.405991835543539,0],[-47.942479257811435,-24.40559252036735,0],[-47.942192839927543,-24.405144589639917,0],[-47.941858327200009,-24.40478836458016,0],[-47.941366168713671,-24.404458299899368,0],[-47.941361048873205,-24.404454621672258,0],[-47.941357033400266,-24.404451361629864,0],[-47.940872478681861,-24.404035846066215,0],[-47.940868155640828,-24.404031901639776,0],[-47.9408607856966,-24.404023859002784,0],[-47.940854485945692,-24.404015087914789,0],[-47.940849340924281,-24.404005705287947,0],[-47.940847783298523,-24.404002198831229,0],[-47.940688394653606,-24.403620585910119,0],[-47.940474960351082,-24.403169500361017,0],[-47.940474896499225,-24.403169364563329,0],[-47.940470975455128,-24.403159499000481,0],[-47.940468331448244,-24.403149283601369,0],[-47.94046700045169,-24.403138855062977,0],[-47.94046700045169,-24.403128356377394,0],[-47.940468331448251,-24.403117928738315,0],[-47.940468368320516,-24.403117738082017,0],[-47.940624549982893,-24.402316663372165,0],[-47.94062715621817,-24.402306637729961,0],[-47.94063107816168,-24.402296772167137,0],[-47.940636223183049,-24.402287390439533,0],[-47.940642522934013,-24.402278618452321,0],[-47.940649892878128,-24.40227057581528,0],[-47.940658231392206,-24.402263371346351,0],[-47.940667427859417,-24.402257102172378,0],[-47.940677356374856,-24.402251852829636,0],[-47.940687882939358,-24.402247694364409,0],[-47.940698866359476,-24.402244682534953,0],[-47.940710157347837,-24.402242859609153,0],[-47.940721602120227,-24.402242248969518,0],[-47.940733047791866,-24.402242859609153,0],[-47.940744337880801,-24.402244682534953,0],[-47.940755321300912,-24.402247694364409,0],[-47.940765847865528,-24.402251852829636,0],[-47.940775776380868,-24.402257102172388,0],[-47.940784972848178,-24.402263371346347,0],[-47.940793312261526,-24.402270575815287,0],[-47.940800681306385,-24.402278618452314,0],[-47.940806981057221,-24.402287390439533,0],[-47.94081212697796,-24.402296772167126,0],[-47.940816048022157,-24.402306637729961,0],[-47.940818692028984,-24.402316854028452,0],[-47.940820023025594,-24.402327281667571,0],[-47.940820023025594,-24.402337780353154,0],[-47.940818692028991,-24.402348208891624,0],[-47.940818655156761,-24.402348399547805,0],[-47.940667697656068,-24.403122685252523,0],[-47.940871003793745,-24.403552414601066,0],[-47.941023831884301,-24.403918263306085,0],[-47.941487468371925,-24.404315840992073,0],[-47.941983955295193,-24.404648808684335,0],[-47.941989076034929,-24.404652486911566,0],[-47.941997415448284,-24.404659691380399,0],[-47.942000456056114,-24.404662782350265,0],[-47.94234816093882,-24.405033055719752,0],[-47.942352490275134,-24.405038007386903,0],[-47.942358486954561,-24.405046301834204,0],[-47.942648685588324,-24.405500149201266,0],[-47.94290476034633,-24.405887569944195,0],[-47.943182966520624,-24.406124648322645,0],[-47.943409017412151,-24.406220812829023,0],[-47.943562793388082,-24.40624850565279,0]]]},"properties":{"FID":122}},{"type":"Feature","id":123,"geometry":{"type":"Polygon","coordinates":[[[-47.979953519139535,-24.404411029734042,0],[-47.979954148664952,-24.404410817494021,0],[-47.979965132085056,-24.404407806563842,0],[-47.979976422174104,-24.404405983638018,0],[-47.979987867845807,-24.404405372998394,0],[-47.979999313517453,-24.404405983638028,0],[-47.980010603606388,-24.404407806563842,0],[-47.980021587026499,-24.404410817494011,0],[-47.980032114490371,-24.404414975959121,0],[-47.980042043005817,-24.404420225301987,0],[-47.980051239473035,-24.404426495375237,0],[-47.980059578886369,-24.404433699844148,0],[-47.980066947931213,-24.4044417424812,0],[-47.980073248581441,-24.404450514468401,0],[-47.980078393602923,-24.404459896195988,0],[-47.980082314647063,-24.40446976175895,0],[-47.98008495865384,-24.404479978057338,0],[-47.980086289650508,-24.404490405696436,0],[-47.980086289650501,-24.404500904382076,0],[-47.980084958653833,-24.404511332920496,0],[-47.980082314647071,-24.404521548319572,0],[-47.980078393602923,-24.404531413882466,0],[-47.980073248581448,-24.404540796509348,0],[-47.98006694883059,-24.404549567597311,0],[-47.980059578886369,-24.404557610234306,0],[-47.980051239473035,-24.404564815602487,0],[-47.980042043005824,-24.404571084776485,0],[-47.980032114490371,-24.404576334119323,0],[-47.980022216552022,-24.404580280344412,0],[-47.979793553129866,-24.404658111271665,0],[-47.979792923604528,-24.40465832261231,0],[-47.979781940184303,-24.404661333542549,0],[-47.979770650095368,-24.404663157367622,0],[-47.97976070449289,-24.404663757215367,0],[-47.979476140111679,-24.404667723225643,0],[-47.979474640042561,-24.404667734017547,0],[-47.979463194370851,-24.404667123377806,0],[-47.979460962253484,-24.404666860775748,0],[-47.97921391668887,-24.404635168666864,0],[-47.979204858717196,-24.404633608343154,0],[-47.979193875297028,-24.404630596513641,0],[-47.979183347833157,-24.404626438048471,0],[-47.979181025783596,-24.404625334580327,0],[-47.978957415652189,-24.404515596606249,0],[-47.978949809186247,-24.404511451630931,0],[-47.97894061361832,-24.404505181557692,0],[-47.978932274204965,-24.404497977088738,0],[-47.97892490426085,-24.404489934451696,0],[-47.978921008397727,-24.404484777739128,0],[-47.978779668247057,-24.404283058904863,0],[-47.978777264359231,-24.404279444529489,0],[-47.978772119337805,-24.404270062801906,0],[-47.978768824221852,-24.404262041748666,0],[-47.978664724097655,-24.403966770938549,0],[-47.978664097270155,-24.403964925529696,0],[-47.978661453263385,-24.403954710130577,0],[-47.978660122266724,-24.403944282491462,0],[-47.978660122266717,-24.40393378290662,0],[-47.978661453263385,-24.40392335526753,0],[-47.978664097270141,-24.403913139868404,0],[-47.978668018314288,-24.403903273406183,0],[-47.978673164235033,-24.403893891678589,0],[-47.978679463986047,-24.403885119691324,0],[-47.978686833030856,-24.403877077054347,0],[-47.978695172444198,-24.403869872585343,0],[-47.978704368911401,-24.403863603411423,0],[-47.978714297426848,-24.403858354068685,0],[-47.978724824890712,-24.403854195603458,0],[-47.978735808310823,-24.403851184673314,0],[-47.978747098399765,-24.403849360848213,0],[-47.978758544071475,-24.403848751107777,0],[-47.978769989743164,-24.403849360848138,0],[-47.978781279832162,-24.403851184673314,0],[-47.978792263252274,-24.403854195603444,0],[-47.978802790716145,-24.403858354068696,0],[-47.978812719231485,-24.403863603411441,0],[-47.978821915698802,-24.403869872585332,0],[-47.97883025511215,-24.40387707705424,0],[-47.978837624156995,-24.403885119691324,0],[-47.978843923907846,-24.403893891678585,0],[-47.978849069828591,-24.403903273406165,0],[-47.978852364045345,-24.403911294459416,0],[-47.978952533232764,-24.404195412776929,0],[-47.979073129621213,-24.404367525929388,0],[-47.979258675047788,-24.404458583185875,0],[-47.979480765325036,-24.404487074607637,0],[-47.979740749436012,-24.404483450339807,0],[-47.979953519139535,-24.404411029734042,0]]]},"properties":{"FID":123}},{"type":"Feature","id":124,"geometry":{"type":"Polygon","coordinates":[[[-45.920435160741192,-23.185476806675126,0],[-45.920453500606989,-23.185743845706622,0],[-45.920346468001355,-23.185787723824827,0],[-45.919640908802656,-23.185639192668816,0],[-45.919767313627744,-23.185208475729031,0],[-45.920435160741192,-23.185476806675126,0]]]},"properties":{"FID":124}},{"type":"Feature","id":125,"geometry":{"type":"Polygon","coordinates":[[[-48.402402204269308,-23.110297735313527,0],[-48.402339331975412,-23.110422376502729,0],[-48.402270227405012,-23.110543673286433,0],[-48.402195067948561,-23.110661314297527,0],[-48.402114046539303,-23.110774997553229,0],[-48.402027371158027,-23.11088443123025,0],[-48.401935264299198,-23.110989334413912,0],[-48.401837962399796,-23.111089437819246,0],[-48.401735715232412,-23.111184484482244,0],[-48.401628785264045,-23.11127423041949,0],[-48.401517446982403,-23.111358445254446,0],[-48.401401986191253,-23.111436912808841,0],[-48.401282699276791,-23.111509431657588,0],[-48.401159892446813,-23.111575815645839,0],[-48.401033880944688,-23.111635894366852,0],[-48.400904988240143,-23.111689513599412,0],[-48.400773545198895,-23.111736535703717,0],[-48.400639889233346,-23.111776839974699,0],[-48.400504363436447,-23.111810322951872,0],[-48.400367315700969,-23.111836898684917,0],[-48.40022909782649,-23.111856498954303,0],[-48.400090064616307,-23.111869073446424,0],[-48.399950572966674,-23.111874589882738,0],[-48.399810980950662,-23.111873034102633,0],[-48.399671646898973,-23.111864410099773,0],[-48.39953292848012,-23.111848740011848,0],[-48.399395181782282,-23.111826064063752,0],[-48.399258760399277,-23.111796440464317,0],[-48.399124014522819,-23.111759945256896,0],[-48.398991290043654,-23.111716672124167,0],[-48.398860927663613,-23.11166673214764,0],[-48.398733262021054,-23.111610253522517,0],[-48.398608620831851,-23.111547381228618,0],[-48.398487324048148,-23.111478276658225,0],[-48.398369683037053,-23.111403117201771,0],[-48.398255999781348,-23.111322095792509,0],[-48.39814656610433,-23.111235420411234,0],[-48.398041662920669,-23.111143313552404,0],[-48.397941559515331,-23.111046011653006,0],[-48.397846512852333,-23.110943764485619,0],[-48.397756766915087,-23.110836834517258,0],[-48.397672552080131,-23.110725496235617,0],[-48.397594084525736,-23.110610035444463,0],[-48.397521565676996,-23.110490748530001,0],[-48.397455181688741,-23.110367941700019,0],[-48.397395102967728,-23.110241930197898,0],[-48.397341483735168,-23.110113037493349,0],[-48.397294461630864,-23.109981594452101,0],[-48.397254157359882,-23.109847938486553,0],[-48.397220674382709,-23.109712412689653,0],[-48.397194098649663,-23.109575364954178,0],[-48.397174498380274,-23.109437147079699,0],[-48.397161923888156,-23.109298113869514,0],[-48.397156407451838,-23.109158622219887,0],[-48.397157963231948,-23.109019030203875,0],[-48.397166587234807,-23.108879696152183,0],[-48.397182257322733,-23.108740977733326,0],[-48.397204933270828,-23.108603231035495,0],[-48.397234556870266,-23.108466809652484,0],[-48.397271052077684,-23.108332063776029,0],[-48.397314325210409,-23.108199339296863,0],[-48.397364265186937,-23.108068976916822,0],[-48.397420743812063,-23.107941311274264,0],[-48.397483616105959,-23.107816670085061,0],[-48.397552720676359,-23.107695373301357,0],[-48.397627880132809,-23.107577732290263,0],[-48.397708901542067,-23.107464049034562,0],[-48.397795576923343,-23.10735461535754,0],[-48.397887683782173,-23.107249712173878,0],[-48.397984985681575,-23.107149608768545,0],[-48.398087232848958,-23.107054562105546,0],[-48.398194162817326,-23.106964816168301,0],[-48.398305501098967,-23.106880601333344,0],[-48.398420961890118,-23.106802133778949,0],[-48.398540248804579,-23.106729614930202,0],[-48.398663055634557,-23.106663230941951,0],[-48.398789067136683,-23.106603152220938,0],[-48.398917959841228,-23.106549532988378,0],[-48.399049402882476,-23.106502510884074,0],[-48.399183058848024,-23.106462206613092,0],[-48.399318584644924,-23.106428723635918,0],[-48.399455632380402,-23.106402147902873,0],[-48.399593850254881,-23.106382547633487,0],[-48.399732883465063,-23.106369973141366,0],[-48.399872375114697,-23.106364456705052,0],[-48.400011967130709,-23.106366012485157,0],[-48.400151301182397,-23.106374636488017,0],[-48.40029001960125,-23.106390306575943,0],[-48.400427766299089,-23.106412982524038,0],[-48.400564187682093,-23.106442606123473,0],[-48.400698933558552,-23.106479101330894,0],[-48.400831658037717,-23.106522374463623,0],[-48.400962020417758,-23.10657231444015,0],[-48.401089686060317,-23.106628793065273,0],[-48.401214327249519,-23.106691665359172,0],[-48.401335624033223,-23.106760769929565,0],[-48.401453265044317,-23.106835929386019,0],[-48.401566948300022,-23.106916950795281,0],[-48.40167638197704,-23.107003626176557,0],[-48.401781285160702,-23.107095733035386,0],[-48.401881388566039,-23.107193034934784,0],[-48.401976435229038,-23.107295282102172,0],[-48.402066181166283,-23.107402212070532,0],[-48.40215039600124,-23.107513550352174,0],[-48.402228863555635,-23.107629011143327,0],[-48.402301382404374,-23.107748298057789,0],[-48.402367766392629,-23.107871104887771,0],[-48.402427845113642,-23.107997116389893,0],[-48.402481464346202,-23.108126009094441,0],[-48.402528486450507,-23.108257452135689,0],[-48.402568790721489,-23.108391108101237,0],[-48.402602273698662,-23.108526633898137,0],[-48.402628849431707,-23.108663681633612,0],[-48.402648449701097,-23.108801899508091,0],[-48.402661024193215,-23.108940932718276,0],[-48.402666540629532,-23.109080424367903,0],[-48.402664984849423,-23.109220016383915,0],[-48.402656360846564,-23.109359350435607,0],[-48.402640690758638,-23.109498068854464,0],[-48.402618014810542,-23.109635815552295,0],[-48.402588391211104,-23.109772236935306,0],[-48.402551896003686,-23.109906982811761,0],[-48.402508622870961,-23.110039707290927,0],[-48.402458682894434,-23.110170069670968,0],[-48.402402204269308,-23.110297735313527,0]]]},"properties":{"FID":125}},{"type":"Feature","id":126,"geometry":{"type":"Polygon","coordinates":[[[-48.420351527665574,-22.998161022008983,0],[-48.420158951226938,-22.998084222449101,0],[-48.419969124630867,-22.9980008574652,0],[-48.419782271631952,-22.997911025322203,0],[-48.419598612479724,-22.997814831908098,0],[-48.419418363658991,-22.997712390609088,0],[-48.419241737634735,-22.997603822175961,0],[-48.419068942601612,-22.997489254581748,0],[-48.418900182238566,-22.997368822870882,0],[-48.418735655468758,-22.99724266900002,0],[-48.418575556225079,-22.997110941670702,0],[-48.418420073221547,-22.99697379615408,0],[-48.418269389730881,-22.996831394107897,0],[-48.418123683368457,-22.996683903385932,0],[-48.417983125882955,-22.996531497840145,0],[-48.417847882953915,-22.996374357115759,0],[-48.417718113996436,-22.996212666439494,0],[-48.417593971973275,-22.996046616401241,0],[-48.417475603214555,-22.995876402729419,0],[-48.417363147245254,-22.995702226060246,0],[-48.417256736620772,-22.995524291701244,0],[-48.417156496770652,-22.995342809389253,0],[-48.417062545850783,-22.99515799304319,0],[-48.416974994604061,-22.994970060511907,0],[-48.416893946229898,-22.994779233317402,0],[-48.416819496262576,-22.994585736393702,0],[-48.416751732458614,-22.994389797821722,0],[-48.41669073469334,-22.994191648560438,0],[-48.416636574866743,-22.993991522174621,0],[-48.416589316818715,-22.993789654559553,0],[-48.416549016253811,-22.99358628366295,0],[-48.416515720675577,-22.993381649204498,0],[-48.416489469330557,-22.993175992393276,0],[-48.416470293162035,-22.992969555643452,0],[-48.41645821477357,-22.992762582288528,0],[-48.416453248402341,-22.992555316294517,0],[-48.416455399902361,-22.992348001972378,0],[-48.416464666737596,-22.992140883690034,0],[-48.41648103798493,-22.991934205584329,0],[-48.416504494347052,-22.991728211273262,0],[-48.416535008175224,-22.991523143568813,0],[-48.416572543501822,-22.991319244190752,0],[-48.416617056082778,-22.991116753481698,0],[-48.41666849344972,-22.990915910123832,0],[-48.416726794971787,-22.990716950857546,0],[-48.416791891927147,-22.990520110202397,0],[-48.416863707583964,-22.990325620180666,0],[-48.416942157290862,-22.990133710043875,0],[-48.4170271485767,-22.989944606002542,0],[-48.417118581259565,-22.989758530959563,0],[-48.417216347564889,-22.989575704247454,0],[-48.41732033225243,-22.989396341369819,0],[-48.417430412752175,-22.989220653747335,0],[-48.417546459308753,-22.989048848468542,0],[-48.417668335134451,-22.98888112804573,0],[-48.417795896570375,-22.988717690176248,0],[-48.417928993255856,-22.988558727509464,0],[-48.418067468305622,-22.988404427419677,0],[-48.418211158494785,-22.988254971785274,0],[-48.418359894451186,-22.988110536774311,0],[-48.418513500855056,-22.987971292636892,0],[-48.418671796645697,-22.987837403504464,0],[-48.418834595234877,-22.987709027196374,0],[-48.419001704726753,-22.987586315033816,0],[-48.419172928144121,-22.987469411661483,0],[-48.419348063660529,-22.987358454877064,0],[-48.419526904838236,-22.987253575468817,0],[-48.419709240871498,-22.987154897061405,0],[-48.4198948568351,-22.987062535970178,0],[-48.42008353393765,-22.986976601064061,0],[-48.420275049779505,-22.986897193637237,0],[-48.420469178614908,-22.986824407289742,0],[-48.420665691618083,-22.986758327817139,0],[-48.420864357152965,-22.986699033109382,0],[-48.421064941046218,-22.98664659305901,0],[-48.421267206863298,-22.98660106947877,0],[-48.421470916187111,-22.98656251602873,0],[-48.421675828899048,-22.986530978153066,0],[-48.421881703462056,-22.986506493026457,0],[-48.422088297205285,-22.9864890895103,0],[-48.422295366610186,-22.986478788118667,0],[-48.422502667597534,-22.98647560099413,0],[-48.422709955815108,-22.986479531893455,0],[-48.42291698692577,-22.986490576183169,0],[-48.423123516895423,-22.986508720845013,0],[-48.423329302280671,-22.98653394449131,0],[-48.423534100515816,-22.986566217390148,0],[-48.423737670198712,-22.986605501500449,0],[-48.423939771375366,-22.986651750516788,0],[-48.424140165822749,-22.986704909924001,0],[-48.42433861732961,-22.986764917061411,0],[-48.424534891974908,-22.986831701196717,0],[-48.424728758403539,-22.986905183609359,0],[-48.424919988099028,-22.986985277683296,0],[-48.42510835565291,-22.987071889009123,0],[-48.425293639030414,-22.987164915495338,0],[-48.425475619832184,-22.987264247488696,0],[-48.425654083551713,-22.987369767903438,0],[-48.425828819828197,-22.987481352359335,0],[-48.425999622694476,-22.987598869328266,0],[-48.426166290819829,-22.987722180289285,0],[-48.426328627747296,-22.98785113989187,0],[-48.42648644212521,-22.987985596127274,0],[-48.426639547932801,-22.988125390507697,0],[-48.426787764699426,-22.988270358253104,0],[-48.426930917717314,-22.988420328485436,0],[-48.427068838247493,-22.98857512443006,0],[-48.427201363718687,-22.988734563624117,0],[-48.427328337918944,-22.988898458131608,0],[-48.427449611179775,-22.989066614764912,0],[-48.427565040552572,-22.989238835312502,0],[-48.427674489977086,-22.989414916772599,0],[-48.42777783044184,-22.989594651592434,0],[-48.427874940136171,-22.98977782791291,0],[-48.427965704593824,-22.98996422981833,0],[-48.428050016827861,-22.990153637590893,0],[-48.428127777456815,-22.990345827969691,0],[-48.428198894821762,-22.990540574413867,0],[-48.428263285094438,-22.990737647369652,0],[-48.428320872375991,-22.990936814540941,0],[-48.428371588786483,-22.99113784116312,0],[-48.428415374544876,-22.991340490279768,0],[-48.428452178039528,-22.991544523021989,0],[-48.428481955888991,-22.991749698889958,0],[-48.428504672993178,-22.99195577603642,0],[-48.428520302574725,-22.992162511551747,0],[-48.428528826210545,-22.992369661750274,0],[-48.428530233853571,-22.992576982457532,0],[-48.428524523844565,-22.992784229298071,0],[-48.428511702914086,-22.992991157983511,0],[-48.428491786174583,-22.993197524600493,0],[-48.428464797102528,-22.99340308589818,0],[-48.428430767510811,-22.993607599574993,0],[-48.428389737511161,-22.993810824564218,0],[-48.428341755466953,-22.994012521318158,0],[-48.428286877936124,-22.994212452090494,0],[-48.428225169604545,-22.994410381216522,0],[-48.428156703209773,-22.994606075390948,0],[-48.428081559455315,-22.99479930394288,0],[-48.427999826915467,-22.994989839107735,0],[-48.427911601930958,-22.995177456295714,0],[-48.427816988495358,-22.995361934356524,0],[-48.4277160981325,-22.995543055840063,0],[-48.427609049765032,-22.995720607252728,0],[-48.427495969574245,-22.995894379309078,0],[-48.427376990851322,-22.996064167178513,0],[-48.427252253840223,-22.996229770726725,0],[-48.427121905572406,-22.996390994751586,0],[-48.426986099693472,-22.996547649213266,0],[-48.426844996282092,-22.99669954945821,0],[-48.426698761661306,-22.996846516436815,0],[-48.426547568202473,-22.996988376914473,0],[-48.426391594122073,-22.99712496367577,0],[-48.426231023271683,-22.997256115721584,0],[-48.426066044921214,-22.997381678458865,0],[-48.425896853535853,-22.997501503882862,0],[-48.425723648546814,-22.997615450751571,0],[-48.425546634116273,-22.997723384752224,0],[-48.425366018896725,-22.997825178659621,0],[-48.425182015785012,-22.997920712486071,0],[-48.424994841671399,-22.998009873622841,0],[-48.42480471718391,-22.998092556972892,0],[-48.424611866428279,-22.998168665074754,0],[-48.424416516723767,-22.998238108217411,0],[-48.424218898335219,-22.998300804546037,0],[-48.424019244201652,-22.998356680158501,0],[-48.423817789661697,-22.998405669192454,0],[-48.423614772176158,-22.99844771390298,0],[-48.423410431048154,-22.998482764730653,0],[-48.423205007140993,-22.998510780359954,0],[-48.422998742594324,-22.998531727767986,0],[-48.422791880538661,-22.998545582263372,0],[-48.422584664808824,-22.998552327515387,0],[-48.422377339656521,-22.998551955573184,0],[-48.422170149462453,-22.998544466875192,0],[-48.421963338448222,-22.998529870248564,0],[-48.421757150388487,-22.998508182898814,0],[-48.421551828323608,-22.998479430389498,0],[-48.421347614273181,-22.998443646612106,0],[-48.421144748950738,-22.998400873746107,0],[-48.420943471480022,-22.998351162209222,0],[-48.420744019113137,-22.998294570598006,0],[-48.420546626950866,-22.99823116561878,0],[-48.420351527665574,-22.998161022008983,0]]]},"properties":{"FID":126}},{"type":"Feature","id":127,"geometry":{"type":"MultiPolygon","coordinates":[[[[-48.246461906007596,-24.845402660798356,0],[-48.246499349359908,-24.845405227673155,0],[-48.246461833084993,-24.845404535882778,0],[-48.246461906007596,-24.845402660798356,0]]],[[[-48.244386731435213,-24.84721279940436,0],[-48.244382257892255,-24.847217255933572,0],[-48.244360366987962,-24.847216609353154,0],[-48.244356748022483,-24.847213170832333,0],[-48.244356707946906,-24.847206497678656,0],[-48.244350843642906,-24.847203189254458,0],[-48.244330574945536,-24.84719607172832,0],[-48.244316052998784,-24.847194539596728,0],[-48.244302860826281,-24.847189748750964,0],[-48.244289220822282,-24.847187112844495,0],[-48.24427696435464,-24.847181595396478,0],[-48.244247414995129,-24.847181050045663,0],[-48.244242969550328,-24.847178335759963,0],[-48.244236408694462,-24.847177475183571,0],[-48.244232789733701,-24.847174036660135,0],[-48.244232411504072,-24.84715453877385,0],[-48.244228808929279,-24.847150361061722,0],[-48.244185232005009,-24.847115839481432,0],[-48.244185530845243,-24.847102358065968,0],[-48.24418304656615,-24.847096556308145,0],[-48.244182105072525,-24.847090204526125,0],[-48.244178529879946,-24.847084791694044,0],[-48.244178679300205,-24.84707805098634,0],[-48.244175743150606,-24.847072410326746,0],[-48.24417540294894,-24.847059156738737,0],[-48.244165649008266,-24.847035288735697,0],[-48.244160979295998,-24.847010203804359,0],[-48.244155029885917,-24.847000643154672,0],[-48.24414729125499,-24.846993756863355,0],[-48.244175911164746,-24.846869530964568,0],[-48.244168523843939,-24.846869394624036,0],[-48.244168673263346,-24.846862653916105,0],[-48.244175031563373,-24.846860387089919,0],[-48.244187073248611,-24.846843669537975,0],[-48.244197447482975,-24.846834134468963,0],[-48.244202622710759,-24.846831394694163,0],[-48.244203955198202,-24.846825126933254,0],[-48.244206738363573,-24.846819523915201,0],[-48.244210352626396,-24.846816075308823,0],[-48.244210911162725,-24.846795897272614,0],[-48.244218381372548,-24.846787274506539,0],[-48.244220804824977,-24.846782694459989,0],[-48.244222299154444,-24.846777231613032,0],[-48.244223780419702,-24.846757252229622,0],[-48.244230384965931,-24.846745856088091,0],[-48.24423698771335,-24.846742921334226,0],[-48.244245617727302,-24.84673229974095,0],[-48.244249055074135,-24.846726331639388,0],[-48.244258605351263,-24.846716231233529,0],[-48.244260742032225,-24.846709957498206,0],[-48.244268269800671,-24.846699365939799,0],[-48.244283439727838,-24.84668619576081,0],[-48.244294639161069,-24.84668105559939,0],[-48.244295834449815,-24.846627129929118,0],[-48.24429960280878,-24.846623827741269,0],[-48.244299752219376,-24.846617087032485,0],[-48.244301322293438,-24.846610914251301,0],[-48.244307332697417,-24.846608508348424,0],[-48.244307482107502,-24.846601767639527,0],[-48.244314049666343,-24.846592226537666,0],[-48.24431521199358,-24.846586448246057,0],[-48.244320845375057,-24.846583891623766,0],[-48.244326174636456,-24.846579221623642,0],[-48.244332776016847,-24.846576232761322,0],[-48.24433642158499,-24.8465724090089,0],[-48.244343218596271,-24.846570037973436,0],[-48.244348941786654,-24.846565888561429,0],[-48.244355616009159,-24.846562995962017,0],[-48.2443796209472,-24.846548911372111,0],[-48.244391177503871,-24.846541142992351,0],[-48.244395269019662,-24.846535796452429,0],[-48.244401830170887,-24.846532754427756,0],[-48.244407159427055,-24.846528084424278,0],[-48.244410248325778,-24.846523195445286,0],[-48.244420231656591,-24.84651628676221,0],[-48.244420756132399,-24.846509902424998,0],[-48.244433366038436,-24.846505119679591,0],[-48.244446591992869,-24.84649398920368,0],[-48.244446741394597,-24.846487248493929,0],[-48.244454321854448,-24.846478669800661,0],[-48.244456088155061,-24.846473465375709,0],[-48.244465670662919,-24.846466788914086,0],[-48.244468494351452,-24.846461117281081,0],[-48.244473630487505,-24.84645631477332,0],[-48.244480427958308,-24.846445480919272,0],[-48.244493117579907,-24.846432930222875,0],[-48.244499376637464,-24.846430431675003,0],[-48.244503493912248,-24.846427461011388,0],[-48.244507306017283,-24.846422184508867,0],[-48.244514842711283,-24.846415580120208,0],[-48.244520382062035,-24.846413960631025,0],[-48.24453005564726,-24.84640728234757,0],[-48.244536729857373,-24.846404389738836,0],[-48.244561046966737,-24.846389207646723,0],[-48.244572059345899,-24.846380278178799,0],[-48.244578298402473,-24.846377146147006,0],[-48.244585501363758,-24.846375643532099,0],[-48.244591440374279,-24.846372431984094,0],[-48.244595662410063,-24.846366898988947,0],[-48.244606453219433,-24.84635856608412,0],[-48.244610619248135,-24.846353097959934,0],[-48.244616055178312,-24.846350462398107,0],[-48.244619716830982,-24.846345125750133,0],[-48.244620315449993,-24.846324963759344,0],[-48.244616740255822,-24.846319550937608,0],[-48.244616889647261,-24.846312810226721,0],[-48.244618948750201,-24.846307884011708,0],[-48.244623318856952,-24.846303357466184,0],[-48.244646016107254,-24.846286927280687,0],[-48.244666215296775,-24.846281782329356,0],[-48.244669395050664,-24.846277920891907,0],[-48.244669265486664,-24.846264592181569,0],[-48.244656651222783,-24.846258739019902,0],[-48.244647825924517,-24.846250766478363,0],[-48.244647716832674,-24.846244117921003,0],[-48.244644400120194,-24.846238612946138,0],[-48.244644549509474,-24.84623187223491,0],[-48.244640974316439,-24.846226459413799,0],[-48.244640712136061,-24.846206490534257,0],[-48.244634272100257,-24.846195411638007,0],[-48.244635019047564,-24.846161708082377,0],[-48.244636765442579,-24.846156484753351,0],[-48.244642846851093,-24.846146481768869,0],[-48.244651916552925,-24.846138444485575,0],[-48.244654141375008,-24.846132533451055,0],[-48.244657909708906,-24.846129231251723,0],[-48.244669232039712,-24.84611335618132,0],[-48.244678329599935,-24.846105383965892,0],[-48.244684357426024,-24.846102985022014,0],[-48.244684422589614,-24.846100044662307,0],[-48.244718711032249,-24.846053473077518,0],[-48.244755963051546,-24.846039911692799,0],[-48.244756170248536,-24.846030562127964,0],[-48.244769417183193,-24.845933026263594,0],[-48.244752144061181,-24.845878759800542,0],[-48.244671033528277,-24.845870519691914,0],[-48.244559552303599,-24.845898808188622,0],[-48.24441497773671,-24.845919742434432,0],[-48.244315805771919,-24.846059525095257,0],[-48.244106422033553,-24.846170299771188,0],[-48.243997289269146,-24.846259322350591,0],[-48.243974637124381,-24.846447721286893,0],[-48.243927175327826,-24.846588458034375,0],[-48.243822258732337,-24.846653956142745,0],[-48.243669847581316,-24.846694975336675,0],[-48.243493374222282,-24.846654628610793,0],[-48.243407117922686,-24.846545140848264,0],[-48.24339723264842,-24.846491010652471,0],[-48.243275566510704,-24.846478649328958,0],[-48.243154423557883,-24.846442695449639,0],[-48.24305958461548,-24.846386996750368,0],[-48.243029406120229,-24.846248198589478,0],[-48.242978186961636,-24.846058435977113,0],[-48.242856041605478,-24.845901081075056,0],[-48.242769412640769,-24.845808444779948,0],[-48.242803776406902,-24.845758503338402,0],[-48.243032151641899,-24.845624479045227,0],[-48.243147475928765,-24.845589519187172,0],[-48.243152290539911,-24.845539032105137,0],[-48.243083051713086,-24.845328706453472,0],[-48.242625355611437,-24.84497296729927,0],[-48.242361733810867,-24.844863575560453,0],[-48.24209329754035,-24.844804670412941,0],[-48.241922016365947,-24.844696983339645,0],[-48.241550280151614,-24.844464211109369,0],[-48.241347253307367,-24.844288502449047,0],[-48.241229627813311,-24.844094140928632,0],[-48.241184453092728,-24.84396518067922,0],[-48.241216693676904,-24.843844394082794,0],[-48.241270572091935,-24.843747609307115,0],[-48.241325825921535,-24.843755373501267,0],[-48.241493112643639,-24.843876474276101,0],[-48.241846349048274,-24.843943690099422,0],[-48.242090423477293,-24.8439347110413,0],[-48.242477095839263,-24.843827212911151,0],[-48.242736333688129,-24.84367723592311,0],[-48.24307648482943,-24.843593481101777,0],[-48.243247557919062,-24.843506604320282,0],[-48.243152635010063,-24.843337644192275,0],[-48.243085606811178,-24.843182061130562,0],[-48.243428891644726,-24.84295687970706,0],[-48.243871658253056,-24.842694947019822,0],[-48.244184196585081,-24.842584955516543,0],[-48.24459194360611,-24.842631065808121,0],[-48.244869465045269,-24.842829118322697,0],[-48.244893371513115,-24.843022491626357,0],[-48.244931082947346,-24.843228981764923,0],[-48.245212024327088,-24.84327275102936,0],[-48.245681259740479,-24.843088473989212,0],[-48.246136119375308,-24.842916792432618,0],[-48.246350313151083,-24.842792120556851,0],[-48.247100913406484,-24.843268997089694,0],[-48.24673201591304,-24.843377955686321,0],[-48.246423463252654,-24.843307955795808,0],[-48.24618649900043,-24.843187826799124,0],[-48.246127292336212,-24.843315356570201,0],[-48.246110070282668,-24.843456522716338,0],[-48.246177387268631,-24.843599247846555,0],[-48.246526786479478,-24.843734312241679,0],[-48.246461906007596,-24.845402660798356,0],[-48.246178141307837,-24.84538320741342,0],[-48.24598479233623,-24.845477173401548,0],[-48.245968843764103,-24.845598362466831,0],[-48.245963546272492,-24.845739263835867,0],[-48.245892098051627,-24.845795265589061,0],[-48.245669285396389,-24.845845103662896,0],[-48.245533253110693,-24.845980835588591,0],[-48.245502434604361,-24.846037586598698,0],[-48.24535733721433,-24.846082114261606,0],[-48.245288760732876,-24.846175257754112,0],[-48.245300921616831,-24.846293492827385,0],[-48.245294539582972,-24.846414757551656,0],[-48.245249468989925,-24.846447643420731,0],[-48.245146569532835,-24.846422142894767,0],[-48.245087023031999,-24.84644127470284,0],[-48.24508657493152,-24.846461496843119,0],[-48.245082806596827,-24.846464799053194,0],[-48.245082657229716,-24.846471539766583,0],[-48.24507512055925,-24.846478144186278,0],[-48.245074971191514,-24.846484884899724,0],[-48.245071202855854,-24.846488187109287,0],[-48.245068463555924,-24.846493892480794,0],[-48.245067241402808,-24.846500204341396,0],[-48.24506634519247,-24.846540648621044,0],[-48.245062383736808,-24.846552665852812,0],[-48.245061935630076,-24.846572887992409,0],[-48.245062238129549,-24.846579467604386,0],[-48.245068215468791,-24.846582540560064,0],[-48.245068831083699,-24.846595220736162,0],[-48.245057526064386,-24.846605127363318,0],[-48.245051016863215,-24.846605825388792,0],[-48.245039711841684,-24.846615732014357,0],[-48.245035065391335,-24.8466181999014,0],[-48.245028556189538,-24.846618897925794,0],[-48.245020141397276,-24.846624668020411,0],[-48.245013632195139,-24.846625366044123,0],[-48.245010133888968,-24.846629815245024,0],[-48.244979406164589,-24.846644641761827,0],[-48.244962308595177,-24.846658136445512,0],[-48.244952608212543,-24.846664700935889,0],[-48.244946286989205,-24.846667054335171,0],[-48.244939139483847,-24.846674567630828,0],[-48.244927062774423,-24.846680595630232,0],[-48.244917575018462,-24.846687656685219,0],[-48.244906419357449,-24.846690822586766,0],[-48.244904023163258,-24.846695428521059,0],[-48.244899272828093,-24.84669833816838,0],[-48.244877662854208,-24.84671772616332,0],[-48.244870946808021,-24.846736744697694,0],[-48.244863123319647,-24.846743971471085,0],[-48.244862168144323,-24.846749946569446,0],[-48.244853647214484,-24.846758149321204,0],[-48.244850775588986,-24.846763801795703,0],[-48.244839426784324,-24.846775682712007,0],[-48.244839277401866,-24.846782423423747,0],[-48.244834124210229,-24.846785172025591,0],[-48.244831260906608,-24.846790587840587,0],[-48.244827616540192,-24.846794179592905,0],[-48.244824116488928,-24.84679958084962,0],[-48.244823967105447,-24.846806321561246,0],[-48.244821012659429,-24.846812403143872,0],[-48.244816329587195,-24.846817474996044,0],[-48.244816180203259,-24.84682421570767,0],[-48.244812411850035,-24.846827517909105,0],[-48.244811366158956,-24.84687470288992,0],[-48.244805082087908,-24.84688451334921,0],[-48.244799674814715,-24.846902039533404,0],[-48.244799525429244,-24.846908780244746,0],[-48.244796196727009,-24.846914250000395,0],[-48.244795563933053,-24.846920797465657,0],[-48.244786949722709,-24.846928962929155,0],[-48.24478417135316,-24.846934652684411,0],[-48.244772866279789,-24.846944559284907,0],[-48.24476654702886,-24.846946841745819,0],[-48.244761623083093,-24.846951673790443,0],[-48.244758478439167,-24.846957217124782,0],[-48.24475027425143,-24.846963554697538,0],[-48.244748202394248,-24.84696952688671,0],[-48.244742693777482,-24.846972133404449,0],[-48.244741357112559,-24.846977746042796,0],[-48.244714401824808,-24.847002451086837,0],[-48.244704747635865,-24.847017001240374,0],[-48.244697929246286,-24.847017405498605,0],[-48.244688669838752,-24.847024999904079,0],[-48.24468592084969,-24.847030692502528,0],[-48.24467924660712,-24.847033585115014,0],[-48.244675557292226,-24.847037223078701,0],[-48.244672589817242,-24.847042395642802,0],[-48.244661571055076,-24.847051259631087,0],[-48.244636103010521,-24.847064454128315,0],[-48.244630773736901,-24.847069124138272,0],[-48.244617028096513,-24.847071254664343,0],[-48.244610669791427,-24.847073521509003,0],[-48.244605340516614,-24.847078191518108,0],[-48.244591093376357,-24.847086240466751,0],[-48.244587677109791,-24.847090364946155,0],[-48.244581392940802,-24.847092804927968,0],[-48.244577624573139,-24.84709610712224,0],[-48.244565862851346,-24.847102870834021,0],[-48.244560533573576,-24.84710754084125,0],[-48.244550127927312,-24.847112458379343,0],[-48.244536141193635,-24.847121832931236,0],[-48.244529271780095,-24.847122188706578,0],[-48.244524985485725,-24.84712499879987,0],[-48.244521735040053,-24.847128793091883,0],[-48.244521067713492,-24.847135041702131,0],[-48.244514860360084,-24.84713820966499,0],[-48.244513473905499,-24.847144220808786,0],[-48.244462060391641,-24.847200441853374,0],[-48.244446072532924,-24.847214451860737,0],[-48.244440521374486,-24.847218828655969,0],[-48.244433910235898,-24.847221804669175,0],[-48.244423251659953,-24.84723114467198,0],[-48.244416017415972,-24.847231365887467,0],[-48.244411881545943,-24.847226444363287,0],[-48.244407111637429,-24.847223416171403,0],[-48.244394302135106,-24.847217799803218,0],[-48.244390773461305,-24.847214041353311,0],[-48.244386731435213,-24.84721279940436,0],[-48.244396024847106,-24.847203541335944,0],[-48.244397639836166,-24.847197209976855,0],[-48.244391809848025,-24.84719383008121,0],[-48.244386693370757,-24.847195851386118,0],[-48.2443865439609,-24.847202592094902,0],[-48.244384123686643,-24.847207175167284,0],[-48.244376736344407,-24.847207038835279,0],[-48.244384278794996,-24.847212045808533,0],[-48.244386731435213,-24.84721279940436,0]]]]},"properties":{"FID":127}},{"type":"Feature","id":128,"geometry":{"type":"Polygon","coordinates":[[[-46.183836781906393,-23.928737130734419,0],[-46.18363571970275,-23.928798883500292,0],[-46.183534279352614,-23.928518713635697,0],[-46.183593945450809,-23.928442704140309,0],[-46.1837201682211,-23.928483048184034,0],[-46.183836781906393,-23.928737130734419,0]]]},"properties":{"FID":128}},{"type":"Feature","id":129,"geometry":{"type":"MultiPolygon","coordinates":[[[[-46.133907306999902,-23.185041370999954,0],[-46.133956176999959,-23.185013642999877,0],[-46.134128087999954,-23.184938260999957,0],[-46.134187804999954,-23.184929475999922,0],[-46.134231406999902,-23.18492814099983,0],[-46.134454054999935,-23.185051222999959,0],[-46.134651920999943,-23.185173543999952,0],[-46.134729794999942,-23.185225395999908,0],[-46.134718859999907,-23.185255920999964,0],[-46.134713047999981,-23.185253584999941,0],[-46.134708489999923,-23.185251960999892,0],[-46.134703867999974,-23.185250498999949,0],[-46.134699196999975,-23.185249180999904,0],[-46.134694486999933,-23.18524798399983,0],[-46.134689749999893,-23.185246880999898,0],[-46.13468499499993,-23.18524584599993,0],[-46.13467745499986,-23.185244266999973,0],[-46.134667907999869,-23.185242346999871,0],[-46.134661115999904,-23.185241110999982,0],[-46.134656308999979,-23.185240303999876,0],[-46.134651487999918,-23.185239577999937,0],[-46.134646651999958,-23.185238946999959,0],[-46.13464179999994,-23.18523842399992,0],[-46.134636934999946,-23.185238016999961,0],[-46.134632059999831,-23.185237731999962,0],[-46.13462717799996,-23.185237575999963,0],[-46.134622293999826,-23.185237556999937,0],[-46.134617410999965,-23.185237680999933,0],[-46.134612535999906,-23.18523795699997,0],[-46.134607673999938,-23.185238391999917,0],[-46.134602832999974,-23.185238992999871,0],[-46.134598017999963,-23.18523975599993,0],[-46.134593231999986,-23.185240655999905,0],[-46.134588470999972,-23.1852416669999,0],[-46.134583731999896,-23.185242761999916,0],[-46.134579008999879,-23.185243914999944,0],[-46.134574295999926,-23.185245101999953,0],[-46.134569584999895,-23.185246296999935,0],[-46.134564869999963,-23.185247475999972,0],[-46.134560142999931,-23.185248612999942,0],[-46.134555398999964,-23.185249689999978,0],[-46.13455063899994,-23.185250703999941,0],[-46.134545864999893,-23.185251659999949,0],[-46.134541078999916,-23.185252563999939,0],[-46.134536281999885,-23.185253417999832,0],[-46.134531476999939,-23.185254227999962,0],[-46.134526662999974,-23.185254996999959,0],[-46.134521842999959,-23.185255731999916,0],[-46.134517017999883,-23.185256434999815,0],[-46.134512188999963,-23.185257111999874,0],[-46.134503629999926,-23.185258290999968,0],[-46.134494880999853,-23.1852595659999,0],[-46.134485044999906,-23.185261243999946,0],[-46.134475781999868,-23.185263322999958,0],[-46.134469333999959,-23.185265667999943,0],[-46.134464993999927,-23.185267733999865,0],[-46.134458497999958,-23.185271788999842,0],[-46.134454482999956,-23.185276939999824,0],[-46.134453047999955,-23.185281228999827,0],[-46.134452798999916,-23.185289086999944,0],[-46.134456435999937,-23.185293841999965,0],[-46.134460022999974,-23.18529690299988,0],[-46.134463955999934,-23.185299577999899,0],[-46.134468120999941,-23.185301936999849,0],[-46.134472432999928,-23.185304056999939,0],[-46.134476837999955,-23.18530600899993,0],[-46.134481290999986,-23.18530786499997,0],[-46.134485754999957,-23.185309698999959,0],[-46.134490200999892,-23.185311569999953,0],[-46.134494623999899,-23.185313485999927,0],[-46.134499022999933,-23.185315448999972,0],[-46.134503397999936,-23.185317457999872,0],[-46.134507747999919,-23.185319511999978,0],[-46.134512072999939,-23.185321610999949,0],[-46.13451637199995,-23.185323754999956,0],[-46.134520644999952,-23.185325942999953,0],[-46.134524891999945,-23.185328174999881,0],[-46.134529110999949,-23.185330449999981,0],[-46.134533303999831,-23.18533276799991,0],[-46.134537472999909,-23.185335119999934,0],[-46.134541624999883,-23.185337498999957,0],[-46.134545764999984,-23.185339896999949,0],[-46.134549896999943,-23.185342304999892,0],[-46.134557007999945,-23.18534645799997,0],[-46.134564703999956,-23.185350905999883,0],[-46.134570632999896,-23.185354234999977,0],[-46.134574831999885,-23.185356542999841,0],[-46.134579058999975,-23.185358805999954,0],[-46.134583311999961,-23.185361025999953,0],[-46.134587583999974,-23.18536321699986,0],[-46.13459186599988,-23.185365390999948,0],[-46.134596148999947,-23.185367560999964,0],[-46.134600425999963,-23.185369741999864,0],[-46.134604688999957,-23.185371946999965,0],[-46.134608929999956,-23.185374188999958,0],[-46.134613137999963,-23.185376481999981,0],[-46.13461730399996,-23.185378838999895,0],[-46.134621422999942,-23.185381266999912,0],[-46.134625494999909,-23.185383761999958,0],[-46.134629519999976,-23.185386319999907,0],[-46.134633501999929,-23.185388934999935,0],[-46.134637442999917,-23.185391602999971,0],[-46.134641345999967,-23.185394318999954,0],[-46.134645211999953,-23.185397078999983,0],[-46.134649045999879,-23.185399877999942,0],[-46.134656111999959,-23.185405136999861,0],[-46.134660753999981,-23.185408002999907,0],[-46.13466516599982,-23.185409928999889,0],[-46.134669835999944,-23.185411244999898,0],[-46.13467459799989,-23.185412249999899,0],[-46.13460916299988,-23.185668697999972,0],[-46.134397089999936,-23.185530103999895,0],[-46.134114095999962,-23.185412080999981,0],[-46.13387552599994,-23.185309109999821,0],[-46.133833560999847,-23.185289062999914,0],[-46.133907306999902,-23.185041370999954,0]]],[[[-46.13342326999998,-23.183218765999982,0],[-46.133470751999937,-23.183140016999914,0],[-46.133768215999964,-23.183199698999886,0],[-46.134066293999979,-23.183265968999876,0],[-46.134440219999931,-23.183203229999947,0],[-46.134777156999917,-23.183232972999974,0],[-46.134900689999938,-23.18342458199993,0],[-46.134899709999956,-23.183424696999964,0],[-46.134894862999886,-23.183425256999897,0],[-46.134890010999925,-23.183425776999968,0],[-46.134885149999889,-23.183426224999891,0],[-46.134880279999948,-23.183426566999913,0],[-46.134875399999885,-23.183426770999972,0],[-46.134870515999921,-23.183426803999964,0],[-46.13486563399988,-23.183426648999955,0],[-46.134860764999928,-23.18342629499989,0],[-46.134855918999961,-23.183425726999928,0],[-46.134851110999932,-23.183424933999959,0],[-46.134846356999958,-23.183423900999969,0],[-46.134841668999854,-23.183422633999953,0],[-46.134837039999979,-23.183421190999923,0],[-46.134832451999955,-23.183419641999876,0],[-46.134827879999932,-23.183418051999922,0],[-46.134823301999916,-23.18341647799997,0],[-46.134818711999912,-23.183414932999938,0],[-46.134814109999979,-23.183413418999976,0],[-46.134809496999935,-23.183411932999945,0],[-46.13480487399994,-23.183410474999846,0],[-46.13480024099988,-23.183409044999905,0],[-46.134795597999926,-23.183407640999974,0],[-46.134790945999896,-23.183406263999927,0],[-46.134786286999883,-23.183404906999897,0],[-46.134781630999953,-23.183403540999961,0],[-46.13477699099991,-23.183402128999944,0],[-46.134772381999881,-23.183400632999906,0],[-46.134767820999969,-23.183399017999875,0],[-46.134763327999963,-23.18339724599997,0],[-46.13475892699995,-23.183395287999929,0],[-46.134754623999925,-23.183393150999905,0],[-46.134750419999932,-23.183390851999889,0],[-46.134746312999937,-23.183388408999974,0],[-46.134742296999889,-23.183385837999936,0],[-46.134738366999898,-23.18338315699998,0],[-46.134734514999934,-23.183380379999846,0],[-46.134730732999913,-23.183377520999954,0],[-46.134727012999974,-23.183374594999975,0],[-46.134723343999838,-23.183371613999896,0],[-46.134719721999886,-23.183368583999936,0],[-46.13471620599995,-23.18336544999994,0],[-46.134712910999951,-23.183362117999934,0],[-46.134709991999955,-23.183358499999883,0],[-46.134707652999964,-23.183354540999915,0],[-46.134705984999982,-23.183350299999915,0],[-46.134704690999968,-23.183345945999918,0],[-46.134703419999937,-23.183341585999983,0],[-46.134701841999913,-23.183337313999914,0],[-46.134699611999906,-23.183333303999859,0],[-46.134696413999905,-23.183329909999941,0],[-46.134692405999942,-23.183327342999974,0],[-46.134687949999943,-23.183325504999914,0],[-46.134683257999882,-23.183324259999893,0],[-46.134678421999922,-23.183323662999953,0],[-46.134673561999875,-23.183323981999877,0],[-46.134669016999965,-23.183325581999839,0],[-46.134665104999897,-23.183328271999983,0],[-46.134661686999948,-23.183331494999948,0],[-46.13465847599997,-23.183334897999885,0],[-46.134655196999972,-23.183338243999913,0],[-46.134651590999852,-23.183341285999973,0],[-46.134647540999936,-23.1833438029999,0],[-46.134643148999942,-23.183345770999892,0],[-46.134638534999908,-23.18334724999994,0],[-46.134633805999954,-23.183348377999948,0],[-46.134629026999846,-23.183349308999937,0],[-46.134624236999969,-23.183350197999914,0],[-46.134619465999947,-23.183351165999909,0],[-46.134614710999983,-23.183352198999899,0],[-46.134609956999952,-23.183353236999892,0],[-46.134605190999935,-23.183354225999892,0],[-46.134600399999954,-23.183355106999954,0],[-46.134595576999914,-23.18335581599996,0],[-46.13459071799997,-23.183356277999962,0],[-46.134585836999918,-23.183356412999899,0],[-46.134580963999952,-23.183356132999961,0],[-46.134576154999934,-23.183355357999972,0],[-46.134571432999962,-23.183354201999975,0],[-46.134566725999946,-23.18335299499995,0],[-46.134561944999973,-23.183352081999885,0],[-46.134557079999922,-23.18335170499995,0],[-46.134552195999959,-23.183351734999974,0],[-46.134547318999921,-23.183351977999962,0],[-46.13454244199994,-23.18335224499998,0],[-46.134537559999899,-23.183352351999929,0],[-46.134532680999939,-23.183352143999969,0],[-46.134527825999896,-23.183351655999957,0],[-46.134522992999962,-23.183350999999902,0],[-46.134518169999978,-23.183350284999904,0],[-46.134513338999966,-23.183349618999955,0],[-46.134508484999913,-23.183349109999938,0],[-46.134503611999946,-23.183348808999881,0],[-46.134498729999905,-23.183348653999872,0],[-46.134493845999941,-23.18334856599995,0],[-46.134488962999967,-23.183348471999977,0],[-46.134484081999915,-23.183348292999938,0],[-46.134479208999949,-23.183347975999936,0],[-46.134474345999934,-23.183347552999976,0],[-46.134469487999979,-23.183347079999919,0],[-46.134464629999911,-23.183346610999877,0],[-46.134459765999964,-23.18334619999996,0],[-46.134454891999894,-23.183345897999914,0],[-46.134450011999945,-23.183345701999883,0],[-46.134445135999897,-23.183345442999951,0],[-46.134440284999926,-23.183344916999943,0],[-46.134435527999983,-23.183343908999916,0],[-46.13443098099998,-23.183342268999979,0],[-46.134426559999952,-23.183340346999898,0],[-46.134422017999952,-23.18333869199995,0],[-46.134417318999908,-23.183337464999909,0],[-46.134412530999953,-23.183336574999942,0],[-46.134407698999894,-23.183335911999961,0],[-46.134402849999958,-23.183335366999927,0],[-46.134397999999919,-23.183334834999982,0],[-46.134393161999981,-23.18333421299991,0],[-46.13438835799991,-23.183333397999945,0],[-46.134383600999968,-23.183332373999974,0],[-46.134378876999847,-23.183331224999961,0],[-46.134374161999972,-23.183330043999945,0],[-46.134369430999925,-23.183328919999951,0],[-46.134364660999893,-23.183327948999931,0],[-46.134359839999945,-23.183327229999975,0],[-46.134354974999894,-23.183326826999917,0],[-46.134350092999966,-23.183326711999939,0],[-46.134345210999982,-23.18332683899996,0],[-46.134340338999948,-23.183327162999944,0],[-46.134335481999983,-23.183327641999938,0],[-46.134330639999916,-23.183328237999945,0],[-46.134325820999891,-23.183328974999938,0],[-46.134321048999936,-23.18332993599995,0],[-46.134316364999904,-23.18333121299986,0],[-46.134311838999963,-23.183332905999976,0],[-46.134307577999891,-23.183335105999902,0],[-46.134303656999919,-23.183337795999876,0],[-46.134300029999963,-23.183340818999966,0],[-46.134296602999939,-23.183344035999937,0],[-46.134293271999866,-23.183347338999965,0],[-46.134289929999966,-23.183350632999975,0],[-46.13428647499984,-23.183353823999937,0],[-46.134282877999965,-23.183356878999916,0],[-46.134279184999855,-23.183359834999919,0],[-46.134275441999876,-23.183362736999982,0],[-46.134271693999949,-23.183365632999937,0],[-46.134267984999894,-23.183368570999846,0],[-46.13426433799998,-23.18337157499991,0],[-46.134260712999946,-23.183374601999901,0],[-46.134257062999893,-23.183377602999883,0],[-46.13425333999993,-23.183380525999951,0],[-46.134249496999985,-23.183383312999979,0],[-46.13424549299998,-23.183385898999859,0],[-46.134241294999981,-23.183388205999961,0],[-46.134236893999912,-23.18339016099992,0],[-46.134232335999968,-23.183391781999887,0],[-46.134227678999935,-23.183393141999943,0],[-46.1342229629999,-23.183394319999934,0],[-46.134218217999944,-23.18339538999993,0],[-46.134213462999924,-23.183396426999934,0],[-46.134208716999979,-23.183397493999905,0],[-46.134203978999949,-23.183398591999946,0],[-46.134199239999816,-23.183399685999916,0],[-46.13419448999997,-23.183400739999911,0],[-46.134189720999984,-23.183401717999914,0],[-46.134184926999978,-23.183402581999815,0],[-46.134180103999938,-23.183403293999959,0],[-46.134175251999977,-23.183403816999828,0],[-46.134170379999887,-23.183404143999951,0],[-46.134165499999938,-23.183404326999948,0],[-46.134160615999974,-23.183404422999956,0],[-46.134155731999954,-23.183404487999951,0],[-46.134150847999877,-23.183404575999873,0],[-46.134145966999938,-23.183404738999968,0],[-46.134141088999968,-23.183404975999906,0],[-46.13413621299992,-23.183405249999964,0],[-46.134131336999985,-23.183405523999966,0],[-46.134126458999901,-23.183405760999904,0],[-46.134121577999963,-23.183405922999896,0],[-46.134116693999886,-23.183405978999929,0],[-46.134111808999933,-23.183405933999893,0],[-46.134106926999891,-23.183405803999904,0],[-46.134102046999942,-23.183405603999972,0],[-46.134097169999961,-23.18340534999993,0],[-46.134092294999846,-23.183405057999948,0],[-46.13408742199988,-23.18340474099989,0],[-46.134082550999949,-23.183404401999951,0],[-46.134077681999884,-23.183404040999847,0],[-46.134072814999911,-23.183403657999975,0],[-46.134067949999974,-23.183403251999948,0],[-46.134063086999902,-23.183402825999906,0],[-46.134058224999933,-23.18340238899998,0],[-46.134053363999897,-23.18340195299993,0],[-46.134048500999938,-23.18340152799982,0],[-46.134043634999898,-23.183401122999953,0],[-46.134038766999936,-23.183400749999919,0],[-46.134033895999892,-23.183400417999906,0],[-46.134029020999947,-23.183400138999957,0],[-46.134024141999873,-23.183399921999865,0],[-46.134019259999945,-23.183399767999958,0],[-46.134014375999982,-23.183399660999839,0],[-46.134009491999905,-23.183399585999837,0],[-46.134004607999941,-23.183399522999935,0],[-46.133999723999978,-23.183399455999904,0],[-46.133994839999957,-23.183399367999982,0],[-46.133989956999983,-23.183399241999894,0],[-46.133985075999931,-23.183399060999875,0],[-46.133980197999961,-23.183398825999859,0],[-46.133975321999912,-23.183398559999944,0],[-46.133970445999978,-23.183398285999886,0],[-46.13396556999993,-23.183398025999963,0],[-46.13396069099997,-23.18339780499997,0],[-46.133955808999985,-23.183397644999957,0],[-46.133950924999965,-23.183397569999954,0],[-46.133946040999888,-23.183397592999938,0],[-46.133941156999867,-23.183397672999945,0],[-46.133936272999904,-23.183397748999937,0],[-46.133931387999951,-23.183397760999924,0],[-46.133926504999977,-23.18339765199994,0],[-46.133921627999939,-23.183397395999918,0],[-46.133916761999956,-23.183397009999965,0],[-46.133911906999913,-23.183396510999955,0],[-46.13390706499996,-23.183395914999949,0],[-46.133902234999937,-23.183395240999914,0],[-46.133897414999979,-23.183394505999956,0],[-46.133892603999925,-23.183393725999963,0],[-46.133887797999876,-23.183392917999981,0],[-46.133882993999919,-23.183392098999946,0],[-46.133878189999962,-23.183391284999857,0],[-46.133873380999944,-23.183390490999955,0],[-46.133868564999887,-23.183389734999821,0],[-46.133863745999918,-23.18338899999992,0],[-46.133858933999875,-23.183388220999973,0],[-46.133854146999965,-23.183387322999977,0],[-46.13384940799989,-23.183386231999975,0],[-46.13384474999998,-23.183384873999955,0],[-46.133840217999932,-23.183383191999894,0],[-46.133835834999957,-23.183381200999975,0],[-46.133831607999923,-23.183378938999965,0],[-46.13382753999997,-23.18337644099995,0],[-46.133823627999902,-23.18337373799983,0],[-46.133819842999969,-23.183370882999952,0],[-46.133816113999899,-23.183367965999878,0],[-46.133812362999947,-23.183365073999823,0],[-46.133808508999891,-23.183362298999953,0],[-46.133804483999938,-23.183359742999983,0],[-46.133800267999845,-23.183357463999982,0],[-46.133795901999918,-23.18335544099989,0],[-46.13379142399998,-23.183353637999915,0],[-46.133786864999877,-23.183352016999891,0],[-46.133782247999932,-23.183350540999925,0],[-46.133777592999934,-23.18334917299984,0],[-46.133772913999962,-23.183347875999971,0],[-46.133768221999958,-23.183346620999885,0],[-46.133763520999821,-23.183345395999879,0],[-46.133758813999975,-23.183344186999932,0],[-46.133754105999913,-23.183342981999942,0],[-46.133749400999875,-23.183341768999924,0],[-46.133744699999966,-23.183340542999929,0],[-46.133739996999907,-23.183339323999974,0],[-46.133735282999965,-23.183338138999886,0],[-46.133730551999918,-23.183337015999882,0],[-46.133725795999965,-23.183335983999882,0],[-46.133721011999967,-23.18333507299991,0],[-46.133716196999899,-23.183334315999957,0],[-46.133711350999931,-23.183333749999974,0],[-46.133706480999876,-23.183333413999947,0],[-46.133701596999913,-23.183333350999931,0],[-46.133696720999978,-23.18333360299988,0],[-46.133691880999947,-23.183334201999912,0],[-46.133687101999897,-23.183335131999911,0],[-46.133682401999863,-23.183336358999952,0],[-46.133677790999911,-23.183337846999962,0],[-46.133673271999896,-23.183339560999912,0],[-46.133668843999885,-23.183341466999821,0],[-46.133664501999874,-23.183343534999892,0],[-46.133660237999891,-23.1833457379999,0],[-46.133656046999874,-23.183348057999922,0],[-46.13365196399991,-23.183350534999931,0],[-46.133648062999953,-23.183353251999904,0],[-46.133644461999893,-23.183356298999968,0],[-46.133641349999948,-23.183359772999893,0],[-46.133639012999822,-23.183363727999961,0],[-46.133637682999961,-23.183368064999968,0],[-46.133637153999928,-23.18337255099982,0],[-46.133637103999945,-23.183377065999935,0],[-46.133637268999962,-23.183381578999956,0],[-46.133637429999965,-23.183386092999967,0],[-46.133637371999953,-23.183390606999978,0],[-46.133636853999974,-23.18339509499998,0],[-46.133635621999986,-23.183399458999929,0],[-46.133633683999903,-23.183403600999895,0],[-46.133631236999975,-23.18340750699997,0],[-46.133628460999944,-23.183411221999904,0],[-46.133625498999947,-23.183414812999956,0],[-46.133622469999978,-23.183418355999947,0],[-46.13361943599989,-23.183421894999981,0],[-46.133616320999977,-23.18342537299992,0],[-46.133613019999984,-23.183428699999922,0],[-46.133609429999865,-23.183431758999916,0],[-46.133605468999974,-23.183434395999939,0],[-46.133601148999958,-23.183436495999956,0],[-46.133596595999961,-23.183438126999931,0],[-46.133591911999986,-23.183439406999923,0],[-46.133587159999877,-23.183440448999932,0],[-46.133582375999936,-23.183441361999826,0],[-46.133577584999955,-23.183442242999888,0],[-46.133572801999946,-23.183443160999957,0],[-46.133568035999986,-23.183444147999978,0],[-46.133563293999941,-23.183445231999883,0],[-46.133558587999914,-23.183446443999969,0],[-46.133553933999963,-23.183447811999827,0],[-46.133549347999974,-23.183449364999944,0],[-46.133544850999954,-23.183451127999945,0],[-46.133540460999939,-23.183453106999821,0],[-46.133536182999933,-23.183455285999912,0],[-46.133532019999961,-23.183457647999944,0],[-46.133527972999957,-23.183460175999983,0],[-46.133524043999898,-23.183462858999917,0],[-46.133520233999946,-23.183465683999884,0],[-46.133516542999985,-23.183468641999866,0],[-46.133512970999959,-23.183471721999922,0],[-46.133509513999854,-23.183474911999951,0],[-46.13350616699995,-23.183478200999957,0],[-46.133502921999934,-23.183481575999963,0],[-46.133499771999936,-23.183485026999961,0],[-46.133496732999959,-23.18348856199998,0],[-46.133493854999983,-23.18349221099993,0],[-46.133491198999934,-23.18349599999982,0],[-46.133488837999835,-23.183499951999977,0],[-46.133486857999912,-23.183504077999942,0],[-46.133485356999984,-23.183508372999938,0],[-46.133484403999887,-23.18351279999996,0],[-46.133483921999868,-23.183517291999976,0],[-46.133483793999858,-23.183521805999931,0],[-46.133483908999949,-23.183526319999942,0],[-46.133484180999972,-23.183530828999949,0],[-46.133484558999896,-23.183535330999973,0],[-46.133484989999943,-23.183539829999972,0],[-46.133485421999978,-23.183544327999982,0],[-46.133485809999911,-23.183548828999903,0],[-46.133486201999972,-23.183553330999928,0],[-46.133486707999907,-23.183557821999955,0],[-46.13348744599989,-23.18356228499988,0],[-46.133488536999891,-23.18356668499996,0],[-46.133490097999925,-23.183570961999976,0],[-46.133492113999921,-23.183575073999975,0],[-46.133494468999857,-23.18357902899993,0],[-46.133497055999953,-23.183582858999898,0],[-46.133499786999948,-23.183586603999856,0],[-46.133502711999824,-23.183590218999882,0],[-46.1335060319999,-23.183593525999981,0],[-46.133509936999985,-23.183596223999928,0],[-46.133514426999909,-23.183597976999977,0],[-46.133519176999926,-23.183599019999974,0],[-46.133523985999886,-23.183599809999976,0],[-46.133528793999915,-23.183600609999928,0],[-46.133533616999898,-23.183601323999937,0],[-46.13353847399992,-23.183601789999955,0],[-46.133543355999905,-23.183601839999938,0],[-46.133548218999863,-23.183601420999935,0],[-46.133553054999879,-23.183600784999953,0],[-46.133557899999971,-23.183600218999914,0],[-46.133562777999884,-23.183600010999896,0],[-46.133567653999933,-23.183600245999912,0],[-46.133572513999979,-23.183600704999947,0],[-46.133577373999969,-23.183601156999885,0],[-46.133582243999911,-23.18360150399991,0],[-46.133587120999948,-23.183601753999938,0],[-46.133592002999933,-23.183601919999944,0],[-46.133596885999964,-23.183602010999948,0],[-46.133601770999917,-23.183602039999982,0],[-46.133606655999984,-23.183602018999977,0],[-46.133611539999947,-23.183601957999883,0],[-46.133616423999911,-23.183601869999961,0],[-46.133621306999942,-23.183601764999935,0],[-46.133626190999905,-23.18360165699994,0],[-46.133631073999879,-23.183601550999924,0],[-46.13363595699991,-23.183601425999939,0],[-46.133640837999963,-23.183601250999914,0],[-46.133645714999943,-23.18360099299997,0],[-46.133650582999962,-23.183600620999925,0],[-46.133655434999923,-23.1836001019999,0],[-46.133660263999957,-23.183599424999954,0],[-46.133665066999924,-23.183598605999975,0],[-46.133669843999883,-23.183597658999872,0],[-46.13367459299991,-23.183596602999955,0],[-46.133679316999974,-23.183595453999942,0],[-46.133684016999894,-23.183594224999865,0],[-46.133688697999958,-23.183592933999932,0],[-46.133693362999963,-23.183591594999825,0],[-46.133698015999983,-23.183590221999964,0],[-46.133702662999951,-23.183588829999962,0],[-46.133707308999874,-23.1835874329999,0],[-46.1337119559999,-23.183586041999888,0],[-46.133716604999847,-23.183584656999869,0],[-46.133721256999877,-23.183583278999947,0],[-46.133725910999885,-23.183581906999905,0],[-46.13373056599994,-23.183580540999969,0],[-46.133735223999963,-23.183579180999971,0],[-46.133739883999908,-23.183577825999919,0],[-46.133744545999946,-23.183576476999974,0],[-46.133749208999973,-23.183575132999977,0],[-46.133753873999979,-23.183573792999937,0],[-46.133758540999963,-23.183572458999947,0],[-46.133763207999948,-23.183571127999983,0],[-46.133767877999901,-23.183569801999965,0],[-46.133772547999968,-23.183568478999973,0],[-46.133777218999967,-23.183567157999846,0],[-46.133781881999937,-23.183565810999823,0],[-46.13378651599993,-23.183564382999975,0],[-46.133791097999961,-23.183562818999917,0],[-46.133795596999903,-23.183561062999956,0],[-46.133799975999978,-23.183559062999961,0],[-46.133804183999985,-23.183556771999974,0],[-46.133808170999941,-23.183554164999919,0],[-46.133811944999934,-23.18355129899993,0],[-46.13381555999996,-23.183548261999874,0],[-46.133819074999963,-23.183545126999888,0],[-46.133822551999913,-23.183541954999953,0],[-46.133826054999929,-23.18353880799998,0],[-46.133829648999949,-23.183535749999976,0],[-46.133833399999901,-23.183532858999911,0],[-46.13383737099997,-23.183530230999963,0],[-46.133841607999955,-23.18352798899997,0],[-46.133846120999976,-23.183526270999835,0],[-46.133850843999937,-23.183525130999897,0],[-46.133855676999985,-23.183524484999964,0],[-46.13386055299992,-23.183524232999844,0],[-46.133865435999894,-23.183524285999852,0],[-46.133870310999953,-23.18352456599996,0],[-46.133875172999979,-23.183525006999901,0],[-46.133880021999971,-23.183525551999935,0],[-46.133884861999888,-23.183526159999928,0],[-46.133889691999968,-23.183526829999948,0],[-46.133894511999983,-23.183527564999963,0],[-46.133899318999966,-23.183528367999941,0],[-46.133904110999822,-23.183529240999974,0],[-46.133908887999951,-23.183530185999871,0],[-46.133913646999986,-23.183531203999962,0],[-46.133918386999937,-23.183532292999871,0],[-46.133923109999955,-23.183533444999966,0],[-46.133927817999904,-23.183534649999899,0],[-46.133932513999923,-23.183535892999942,0],[-46.133937200999981,-23.183537163999915,0],[-46.13394188299992,-23.183538451999937,0],[-46.133946563999871,-23.183539743999972,0],[-46.133951245999981,-23.183541030999891,0],[-46.133955933999914,-23.183542299999829,0],[-46.133960630999979,-23.183543540999949,0],[-46.133965338999985,-23.183544741999924,0],[-46.133970062999936,-23.183545891999927,0],[-46.133974803999877,-23.18354697999996,0],[-46.133979562999912,-23.183547997999938,0],[-46.133984337999948,-23.183548946999849,0],[-46.133989128999929,-23.183549829999833,0],[-46.133993931999953,-23.183550650999962,0],[-46.133998746999907,-23.183551412999975,0],[-46.134003571999983,-23.18355211699992,0],[-46.134008404999918,-23.18355276799997,0],[-46.134013246999984,-23.183553368999924,0],[-46.134018094999931,-23.183553922999977,0],[-46.134022947999881,-23.183554432999927,0],[-46.134027805999949,-23.18355490099998,0],[-46.134032669999954,-23.18355532399994,0],[-46.134037537999916,-23.183555694999939,0],[-46.134042410999882,-23.18355600599989,0],[-46.134047288999852,-23.183556249999981,0],[-46.134052169999904,-23.183556419999945,0],[-46.134057053999925,-23.183556506999935,0],[-46.134061937999888,-23.18355650299992,0],[-46.134066820999976,-23.183556394999925,0],[-46.134071699999936,-23.183556168999928,0],[-46.134076568999944,-23.18355580799988,0],[-46.134081422999941,-23.183555302999935,0],[-46.134086254999943,-23.183554646999937,0],[-46.134091075999834,-23.18355391599988,0],[-46.134095917999957,-23.183553327999959,0],[-46.134100795999927,-23.18355314899992,0],[-46.134105631999887,-23.183553722999875,0],[-46.134110201999817,-23.183555290999948,0],[-46.134114346999979,-23.183557667999935,0],[-46.134118062999846,-23.183560594999904,0],[-46.134121410999967,-23.18356388199993,0],[-46.134124467999925,-23.183567402999927,0],[-46.1341273029999,-23.183571078999876,0],[-46.134129981999934,-23.18357485599995,0],[-46.134132611999974,-23.183578660999899,0],[-46.134135355999945,-23.183582395999963,0],[-46.134138412999846,-23.183585914999981,0],[-46.134142008999959,-23.183588960999941,0],[-46.134146280999971,-23.18359111999996,0],[-46.134150996999892,-23.183592268999973,0],[-46.13415585499996,-23.183592717999829,0],[-46.134160737999935,-23.183592769999905,0],[-46.134165620999966,-23.18359264999998,0],[-46.13417050399994,-23.183592525999813,0],[-46.13417538899995,-23.183592475999887,0],[-46.134180272999913,-23.183592431999955,0],[-46.134185155999887,-23.183592299999873,0],[-46.134190026999931,-23.183591977999924,0],[-46.134194860999969,-23.18359133499996,0],[-46.134199586999841,-23.183590207999885,0],[-46.134204062999856,-23.183588414999917,0],[-46.134208051999906,-23.183585824999966,0],[-46.134211341999901,-23.183582496999975,0],[-46.13421399799995,-23.183578710999825,0],[-46.134216167999966,-23.183574667999949,0],[-46.134217950999926,-23.183570463999956,0],[-46.134219329999951,-23.183566133999932,0],[-46.134220249999942,-23.183561700999917,0],[-46.134220649999975,-23.183557202999907,0],[-46.134220462999963,-23.183552692999967,0],[-46.134219705999897,-23.183548233999943,0],[-46.134218546999875,-23.183543847999942,0],[-46.13421716199997,-23.183539516999929,0],[-46.134215709999921,-23.183535205999931,0],[-46.134214340999904,-23.183530870999959,0],[-46.134213188999979,-23.183526482999923,0],[-46.134212349999984,-23.183522034999839,0],[-46.134211918999881,-23.183517538999979,0],[-46.13421200099998,-23.183513025999957,0],[-46.134212695999963,-23.18350855999995,0],[-46.134213985999963,-23.183504206999942,0],[-46.134215778999931,-23.183500007999953,0],[-46.134217987999932,-23.183495981999897,0],[-46.134220537999965,-23.183492131999856,0],[-46.134223369999859,-23.183488452999882,0],[-46.134226436999938,-23.183484938999982,0],[-46.134229722999919,-23.183481597999958,0],[-46.134233219999942,-23.18347844699997,0],[-46.134236920999911,-23.183475499999872,0],[-46.134240816999977,-23.183472777999953,0],[-46.134244898999953,-23.183470298999907,0],[-46.134249154999964,-23.183468083999969,0],[-46.134253569999942,-23.183466153999916,0],[-46.13425811999997,-23.183464514999969,0],[-46.134262768999918,-23.183463130999939,0],[-46.134267484999953,-23.183461955999917,0],[-46.134272244999977,-23.183460941999954,0],[-46.134277031999943,-23.183460041999865,0],[-46.134281832999875,-23.183459206999885,0],[-46.134286636999946,-23.183458392999967,0],[-46.134291436999888,-23.183457552999926,0],[-46.134296220999943,-23.18345664099985,0],[-46.134300976999953,-23.183455612999921,0],[-46.134305696999832,-23.183454451999921,0],[-46.134310380999864,-23.183453169999893,0],[-46.134315026999957,-23.18345177599997,0],[-46.134319636999919,-23.183450283999946,0],[-46.134324212999957,-23.183448703999886,0],[-46.134328757999981,-23.183447047999948,0],[-46.134333273999971,-23.183445327999891,0],[-46.134337766999977,-23.18344355499994,0],[-46.13434223899992,-23.183441739999921,0],[-46.134346695999909,-23.183439891999967,0],[-46.134351143999936,-23.183438023999884,0],[-46.13435558499998,-23.183436144999916,0],[-46.134360026999957,-23.183434265999949,0],[-46.134364473999881,-23.183432396999876,0],[-46.134368930999983,-23.183430548999979,0],[-46.134373402999927,-23.183428732999914,0],[-46.134377894999943,-23.18342695799987,0],[-46.134382409999944,-23.183425234999902,0],[-46.134386953999979,-23.183423576999928,0],[-46.134391527999981,-23.1834219939999,0],[-46.134396136999953,-23.183420497999975,0],[-46.134400781999943,-23.183419099999924,0],[-46.134405460999915,-23.18341780499992,0],[-46.134410173999925,-23.1834166189999,0],[-46.134414919999983,-23.183415548999903,0],[-46.134419694999849,-23.183414598999832,0],[-46.134424496999884,-23.183413772999927,0],[-46.134429321999846,-23.183413069999972,0],[-46.134434165999892,-23.183412487999931,0],[-46.134439024999949,-23.183412023999949,0],[-46.13444389499989,-23.183411674999945,0],[-46.134448772999917,-23.18341143899994,0],[-46.134453655999891,-23.183411312999908,0],[-46.134458539999969,-23.183411295999917,0],[-46.134463423999932,-23.183411383999896,0],[-46.134468303999938,-23.183411575999912,0],[-46.134473177999894,-23.18341186899994,0],[-46.134478043999877,-23.18341226199982,0],[-46.134482899999909,-23.183412752999857,0],[-46.134487743999955,-23.18341333699982,0],[-46.134492573999921,-23.183414007999943,0],[-46.134497389999979,-23.183414761999927,0],[-46.1345021919999,-23.183415590999914,0],[-46.13450697899998,-23.1834164899999,0],[-46.134511750999934,-23.18341745399988,0],[-46.134516508999866,-23.183418475999872,0],[-46.134521252999889,-23.183419550999872,0],[-46.134525984999925,-23.183420672999887,0],[-46.134530704999975,-23.183421836999969,0],[-46.134535413999913,-23.183423035999908,0],[-46.134540113999947,-23.183424265999918,0],[-46.134544805999894,-23.183425520999947,0],[-46.134549491999906,-23.183426795999935,0],[-46.134554173999959,-23.183428083999956,0],[-46.134558852999817,-23.183429381999815,0],[-46.134563526999955,-23.183430692999934,0],[-46.134568193999939,-23.183432025999934,0],[-46.134572849999984,-23.18343339099988,0],[-46.134577491999949,-23.183434796999904,0],[-46.134582115999876,-23.183436254999947,0],[-46.134586715999887,-23.183437771999877,0],[-46.1345912889999,-23.183439359999909,0],[-46.13459582899992,-23.183441024999979,0],[-46.134600330999945,-23.183442777999858,0],[-46.134604789999969,-23.183444620999921,0],[-46.134609219999959,-23.183446523999976,0],[-46.134613642999909,-23.183448440999882,0],[-46.134618080999985,-23.183450326999946,0],[-46.134622555999954,-23.183452137999893,0],[-46.134627086999956,-23.183453824999958,0],[-46.134631687999956,-23.18345533899992,0],[-46.134636368999907,-23.183456627999931,0],[-46.134641126999952,-23.183457647999944,0],[-46.134645936999902,-23.183458432999885,0],[-46.134650772999976,-23.18345906899998,0],[-46.134655617999897,-23.183459640999899,0],[-46.134660460999953,-23.183460232999948,0],[-46.134665285999915,-23.183460930999956,0],[-46.134670073999871,-23.183461822999902,0],[-46.134674788999973,-23.18346300099995,0],[-46.134679372999926,-23.183464555999876,0],[-46.134683773999939,-23.183466511999939,0],[-46.134687994999922,-23.183468782999967,0],[-46.134692063999978,-23.183471279999878,0],[-46.134696021999957,-23.18347392599992,0],[-46.134699913999953,-23.183476654999879,0],[-46.134703787999968,-23.183479405999947,0],[-46.134707678999973,-23.183482135999895,0],[-46.13471159799991,-23.183484830999873,0],[-46.134715550999886,-23.183487483999897,0],[-46.13471954299996,-23.183490086999939,0],[-46.134723578999854,-23.183492629999876,0],[-46.134727663999911,-23.183495105999896,0],[-46.134731802999909,-23.183497503999945,0],[-46.134735998999986,-23.183499815999937,0],[-46.134740253999894,-23.183502032999968,0],[-46.134744570999885,-23.183504145999962,0],[-46.134748949999903,-23.183506146999946,0],[-46.134753393999915,-23.183508021999899,0],[-46.134757907999926,-23.18350974699996,0],[-46.134762497999873,-23.183511289999842,0],[-46.134767166999893,-23.183512616999963,0],[-46.134771910999859,-23.183513688999938,0],[-46.13477672199997,-23.183514463999927,0],[-46.134781578999934,-23.18351493699987,0],[-46.134786457999894,-23.183515141999976,0],[-46.134791341999971,-23.183515120999971,0],[-46.134796221999977,-23.183514916999968,0],[-46.134801091999975,-23.183514573999844,0],[-46.13480595399983,-23.18351413299996,0],[-46.134810807999941,-23.183513631999858,0],[-46.134815659999902,-23.183513107999886,0],[-46.134820512999966,-23.183512597999936,0],[-46.134825368999941,-23.183512107999888,0],[-46.134830219999969,-23.183511576999933,0],[-46.13483505499994,-23.18351093299998,0],[-46.134839853999949,-23.183510095999907,0],[-46.134844585999986,-23.183508978999896,0],[-46.134849195999948,-23.183507490999943,0],[-46.134853600999975,-23.183505545999878,0],[-46.134857706999924,-23.183503103999954,0],[-46.134861498999896,-23.183500259999903,0],[-46.134865015999935,-23.183497127999885,0],[-46.134868313999903,-23.183493797999972,0],[-46.134871453999835,-23.183490338999945,0],[-46.134874495999895,-23.183486805999962,0],[-46.134877483999958,-23.18348323299989,0],[-46.134880399999929,-23.183479609999949,0],[-46.134883209999828,-23.183475916999953,0],[-46.134885876999874,-23.183472133999885,0],[-46.134888362999902,-23.183468246999894,0],[-46.134890625999901,-23.183464245999858,0],[-46.134892654999874,-23.183460137999873,0],[-46.134894544999952,-23.183455973999969,0],[-46.134896423999919,-23.18345180599988,0],[-46.134898419999843,-23.183447683999816,0],[-46.134900629999947,-23.183443657999931,0],[-46.134903025999961,-23.183439721999946,0],[-46.134905542999888,-23.183435851999889,0],[-46.134908118999931,-23.183432015999927,0],[-46.134967761999974,-23.183497816999875,0],[-46.134493148999979,-23.183709010999962,0],[-46.134112466999909,-23.18370072599987,0],[-46.133848782999962,-23.183701071999906,0],[-46.133370064999951,-23.18370479999993,0],[-46.133308248999981,-23.183588487999941,0],[-46.133265493999829,-23.183492044999923,0],[-46.133287198999938,-23.183444082999983,0],[-46.13342326999998,-23.183218765999982,0]]],[[[-46.139653687999896,-23.180427555999927,0],[-46.139578262999976,-23.180226336999908,0],[-46.13950110299993,-23.180040555999881,0],[-46.139433403999817,-23.17994178399988,0],[-46.139326704999974,-23.179814220999901,0],[-46.139259667999909,-23.179749765999929,0],[-46.139103215999853,-23.179682371999945,0],[-46.138972962999901,-23.179642417999901,0],[-46.138903202999984,-23.179639426999927,0],[-46.138870577999967,-23.179490002999898,0],[-46.138902874999985,-23.17944141199996,0],[-46.139078142999892,-23.17937256599987,0],[-46.139253278999831,-23.179366610999921,0],[-46.139304458999959,-23.179385966999916,0],[-46.139521300999888,-23.179495472999918,0],[-46.139724445999889,-23.179556413999819,0],[-46.139932918999932,-23.1796004979999,0],[-46.140028002999884,-23.179692386999875,0],[-46.140274404999957,-23.179803764999917,0],[-46.140276692999976,-23.179903804999981,0],[-46.140273644999979,-23.179998323999939,0],[-46.139924378999922,-23.180071975999908,0],[-46.139918048999959,-23.180392584999879,0],[-46.139784894999934,-23.180631903999881,0],[-46.139742645999888,-23.180653208999956,0],[-46.139653687999896,-23.180427555999927,0]]],[[[-46.140267826999946,-23.177479101999893,0],[-46.140241829999979,-23.17726571899982,0],[-46.140223714999934,-23.177086700999951,0],[-46.140213696999979,-23.17694441999987,0],[-46.140212331999976,-23.176896270999976,0],[-46.140242188999935,-23.176685491999933,0],[-46.14028424199995,-23.176590549999901,0],[-46.140337172999978,-23.176551418999964,0],[-46.140574404999882,-23.176513969999974,0],[-46.140727589999869,-23.176565101999927,0],[-46.140863575999845,-23.17668584099988,0],[-46.140850984999929,-23.17676787899984,0],[-46.14081674199997,-23.176930070999958,0],[-46.14070055399992,-23.177232996999976,0],[-46.140648772999896,-23.177597993999939,0],[-46.140468661999932,-23.177855717999876,0],[-46.140362988999982,-23.178143040999942,0],[-46.140170292999926,-23.17843991899997,0],[-46.140084180999906,-23.178480960999934,0],[-46.139731445999871,-23.178588113999979,0],[-46.139565219999952,-23.178665493999972,0],[-46.139447888999939,-23.178741651999815,0],[-46.139439243999959,-23.178729554999961,0],[-46.139440496999953,-23.178728474999957,0],[-46.139444066999886,-23.178725392999979,0],[-46.139447628999903,-23.178722302999972,0],[-46.139451174999863,-23.178719196999907,0],[-46.139454698999884,-23.178716069999894,0],[-46.139458193999985,-23.178712915999938,0],[-46.139461653999945,-23.178709727999944,0],[-46.13946507199995,-23.178706501999841,0],[-46.139468439999973,-23.178703230999929,0],[-46.139471751999963,-23.1786999119999,0],[-46.13947500099988,-23.178696540999965,0],[-46.139478181999948,-23.178693113999884,0],[-46.139481286999967,-23.178689626999926,0],[-46.139484307999851,-23.178686078999931,0],[-46.139487235999979,-23.178682464999895,0],[-46.139490064999961,-23.178678782999953,0],[-46.139492781999934,-23.178675030999898,0],[-46.139495379999971,-23.178671206999923,0],[-46.139497847999905,-23.17866730999998,0],[-46.13950017399992,-23.178663338999911,0],[-46.139502355999923,-23.178659298999946,0],[-46.139504416999898,-23.178655204999927,0],[-46.139506384999891,-23.17865107199998,0],[-46.13950829199996,-23.178646914999945,0],[-46.139510165999923,-23.178642744999877,0],[-46.13951203899984,-23.178638573999876,0],[-46.139513939999972,-23.17863441399993,0],[-46.139515898999889,-23.178630276999911,0],[-46.139517943999977,-23.178626176999956,0],[-46.139520103999985,-23.178622125999937,0],[-46.139522403999877,-23.178618141999891,0],[-46.139524865999931,-23.178614242999913,0],[-46.139527511999972,-23.178610447999972,0],[-46.139530365999917,-23.17860678299985,0],[-46.139533447999895,-23.178603280999823,0],[-46.139536779999844,-23.17859998099982,0],[-46.139540379999971,-23.178596929999912,0],[-46.13954424099984,-23.178594164999936,0],[-46.139548317999981,-23.17859167999984,0],[-46.139552564999974,-23.178589450999937,0],[-46.139556941999899,-23.178587447999917,0],[-46.139561415999935,-23.17858563599998,0],[-46.139565959999857,-23.178583980999917,0],[-46.139570554999978,-23.178582448999975,0],[-46.139575183999909,-23.178581006999934,0],[-46.139579832999914,-23.178579621999972,0],[-46.13958449099988,-23.178578262999963,0],[-46.139589146999981,-23.17857689899995,0],[-46.139593795999929,-23.178575512999942,0],[-46.139598435999972,-23.178574100999981,0],[-46.139603065999893,-23.178572661999965,0],[-46.139607683999941,-23.178571191999936,0],[-46.139612289999945,-23.178569687999982,0],[-46.139616880999881,-23.178568145999918,0],[-46.139621455999986,-23.178566564999983,0],[-46.13962601399993,-23.178564939999944,0],[-46.139630551999971,-23.17856326999987,0],[-46.139635068999894,-23.178561551999906,0],[-46.139639563999822,-23.178559783999958,0],[-46.139644032999911,-23.178557962999889,0],[-46.139648477999913,-23.178556088999983,0],[-46.139652897999952,-23.178554167999948,0],[-46.139657298999964,-23.178552207999928,0],[-46.13966168099995,-23.178550212999937,0],[-46.13966604899997,-23.17854819199988,0],[-46.139670404999947,-23.178546148999885,0],[-46.139674752999952,-23.178544090999878,0],[-46.139679094999963,-23.17854202399991,0],[-46.139683435999984,-23.178539952999927,0],[-46.139687778999985,-23.178537885999901,0],[-46.139692125999886,-23.178535826999905,0],[-46.139696478999895,-23.178533778999849,0],[-46.139700838999829,-23.178531741999961,0],[-46.139705204999984,-23.178529717999936,0],[-46.139709577999838,-23.178527705999954,0],[-46.139713957999845,-23.178525706999892,0],[-46.139718345999938,-23.178523721999966,0],[-46.139722739999968,-23.178521750999892,0],[-46.13972714199997,-23.178519793999953,0],[-46.139731551999944,-23.17851785199997,0],[-46.13973596999989,-23.178515925999875,0],[-46.139740396999969,-23.178514015999895,0],[-46.139744830999916,-23.178512122999905,0],[-46.139749273999939,-23.178510245999917,0],[-46.139753724999935,-23.178508386999965,0],[-46.139758184999948,-23.17850654599988,0],[-46.139762653999981,-23.178504722999946,0],[-46.139767131999974,-23.178502918999868,0],[-46.13977161899993,-23.178501134999976,0],[-46.139776114999904,-23.17849936999994,0],[-46.139780620999943,-23.178497624999977,0],[-46.139785132999975,-23.178495894999912,0],[-46.139789644999894,-23.17849416699994,0],[-46.139794152999912,-23.178492426999981,0],[-46.139798648999943,-23.178490661999831,0],[-46.139803125999947,-23.178488857999923,0],[-46.139807578999864,-23.178487001999883,0],[-46.13981199899996,-23.178485079999973,0],[-46.139816377999978,-23.178483078999932,0],[-46.139820706999956,-23.17848098699983,0],[-46.139824973999964,-23.178478789999929,0],[-46.139829168999938,-23.17847647699989,0],[-46.139833278999959,-23.178474036999944,0],[-46.139837301999933,-23.178471475999913,0],[-46.139841251999883,-23.178468819999978,0],[-46.139845147999949,-23.178466095999909,0],[-46.139849006999896,-23.178463327999964,0],[-46.139852850999944,-23.178460541999982,0],[-46.139856698999949,-23.178457759999958,0],[-46.139860570999986,-23.178455006999968,0],[-46.139864486999954,-23.178452307999919,0],[-46.13986846499995,-23.178449687999887,0],[-46.139872522999894,-23.178447173999871,0],[-46.139876673999879,-23.178444794999962,0],[-46.139880928999958,-23.178442577999931,0],[-46.139885272999891,-23.178440513999931,0],[-46.139889682999979,-23.178438572999937,0],[-46.139894137999931,-23.178436720999969,0],[-46.13989861999994,-23.17843492499992,0],[-46.139903111999956,-23.178433151999968,0],[-46.139907598999969,-23.178431367999963,0],[-46.139912065999965,-23.178429539999911,0],[-46.139916493999976,-23.178427632999956,0],[-46.139920862999986,-23.178425614999867,0],[-46.139925149999897,-23.178423451999947,0],[-46.139929330999905,-23.178421116999914,0],[-46.139933401999883,-23.178418621999981,0],[-46.139937374999931,-23.178415994999966,0],[-46.139941265999823,-23.178413265999893,0],[-46.139945092999938,-23.178410459999952,0],[-46.139948874999902,-23.178407601999879,0],[-46.139952631999961,-23.178404715999932,0],[-46.139956383999902,-23.178401824999924,0],[-46.139960151999958,-23.178398950999963,0],[-46.139963953999938,-23.178396115999931,0],[-46.139967807999881,-23.178393341999936,0],[-46.139971725999942,-23.178390645999968,0],[-46.139975714999935,-23.178388038999969,0],[-46.139979779999976,-23.178385535999837,0],[-46.139983926999889,-23.178383149999888,0],[-46.139988160999962,-23.178380898999876,0],[-46.13999248499988,-23.178378798999972,0],[-46.139996899999971,-23.17837686799993,0],[-46.140001405999897,-23.178375124999945,0],[-46.140005998999925,-23.178373589999978,0],[-46.140010672999949,-23.178372280999895,0],[-46.140015417999905,-23.178371210999899,0],[-46.140020216999972,-23.178370375999918,0],[-46.140025056999832,-23.178369766999936,0],[-46.140029922999986,-23.1783693779999,0],[-46.140034802999935,-23.178369201999885,0],[-46.140039686999955,-23.17836923499982,0],[-46.140044563999936,-23.17836947499984,0],[-46.140049426999894,-23.178369902999975,0],[-46.140054273999851,-23.178370456999914,0],[-46.140059114999985,-23.178371061999883,0],[-46.140063957999928,-23.178371648999928,0],[-46.140068811999981,-23.178372148999983,0],[-46.140073680999933,-23.178372510999907,0],[-46.140078560999882,-23.178372685999932,0],[-46.140083444999959,-23.178372618999902,0],[-46.140088310999886,-23.178372245999981,0],[-46.140093123999975,-23.178371485999833,0],[-46.140097817999902,-23.178370246999975,0],[-46.140102289999902,-23.178368439999929,0],[-46.140106442999979,-23.178366069999981,0],[-46.140110240999945,-23.17836323399996,0],[-46.14011368599995,-23.178360035999958,0],[-46.140116807999959,-23.178356563999841,0],[-46.140119646999949,-23.178352889999871,0],[-46.140122244999873,-23.178349066999942,0],[-46.140124640999886,-23.178345131999947,0],[-46.140126871999882,-23.178341114999967,0],[-46.1401289719999,-23.178337037999825,0],[-46.140130968999983,-23.178332916999921,0],[-46.140132893999976,-23.178328765999936,0],[-46.140134773999932,-23.178324597999961,0],[-46.140136620999897,-23.178320417999942,0],[-46.140138436999962,-23.178316225999879,0],[-46.140140223999936,-23.178312022999876,0],[-46.140141981999932,-23.178307809999978,0],[-46.140143713999976,-23.178303586999959,0],[-46.140145422999922,-23.178299356999901,0],[-46.140147110999976,-23.178295118999927,0],[-46.140148781999926,-23.178290875999892,0],[-46.140150438999967,-23.17828662799991,0],[-46.140152083999965,-23.178282375999913,0],[-46.140153722999969,-23.178278121999938,0],[-46.140155357999959,-23.178273865999927,0],[-46.140156993999824,-23.178269610999905,0],[-46.140158636999956,-23.178265358999909,0],[-46.140160291999905,-23.178261109999937,0],[-46.140161962999969,-23.178256865999913,0],[-46.140163655999913,-23.178252629999918,0],[-46.140165374999981,-23.17824840399993,0],[-46.140167125999938,-23.178244187999951,0],[-46.140168913999901,-23.178239984999948,0],[-46.140170741999896,-23.178235797999946,0],[-46.140172615999973,-23.178231626999889,0],[-46.140174540999851,-23.178227476999893,0],[-46.140176521999933,-23.178223348999893,0],[-46.140178562999893,-23.178219246999845,0],[-46.140180669999893,-23.178215171999966,0],[-46.140182846999892,-23.178211129999966,0],[-46.140185097999904,-23.178207122999822,0],[-46.140187425999954,-23.178203151999924,0],[-46.140189810999971,-23.178199210999878,0],[-46.140192230999958,-23.178195288999973,0],[-46.14019466499991,-23.178191373999937,0],[-46.140197090999948,-23.178187453999954,0],[-46.140199486999961,-23.178183518999901,0],[-46.140201829999967,-23.178179555999918,0],[-46.14020409799997,-23.178175556999975,0],[-46.140206268999975,-23.178171511999892,0],[-46.140208319999886,-23.178167413999972,0],[-46.140210228999877,-23.178163256999937,0],[-46.140211981999926,-23.178159041999947,0],[-46.140213575999951,-23.17815477399995,0],[-46.140215008999917,-23.178150456999902,0],[-46.140216275999933,-23.178146095999921,0],[-46.140217375999953,-23.178141695999898,0],[-46.140218300999834,-23.178137261999893,0],[-46.140219047999892,-23.178132799999958,0],[-46.140219608999928,-23.178128313999935,0],[-46.140219977999948,-23.178123811999853,0],[-46.140220145999876,-23.178119298999945,0],[-46.140220105999958,-23.178114782999899,0],[-46.140219846999969,-23.178110273999891,0],[-46.140219359999833,-23.178105780999942,0],[-46.140218635999929,-23.178101315999925,0],[-46.140217665999955,-23.178096889999949,0],[-46.140216439999961,-23.17809251999995,0],[-46.140214956999898,-23.178088217999914,0],[-46.14021323299994,-23.178083992999916,0],[-46.140211295999961,-23.178079847999925,0],[-46.140209170999981,-23.178075781999951,0],[-46.140206880999926,-23.178071792999901,0],[-46.140204449999942,-23.178067876999933,0],[-46.140201898999976,-23.178064025999959,0],[-46.140199246999941,-23.17806023299994,0],[-46.140196513999967,-23.17805649099995,0],[-46.140193715999942,-23.178052789999924,0],[-46.140190875999963,-23.178049114999965,0],[-46.140188023999883,-23.178045448999853,0],[-46.140185187999919,-23.178041772999904,0],[-46.140182395999943,-23.178038066999932,0],[-46.140179679999903,-23.178034313999888,0],[-46.140177071999972,-23.178030495999963,0],[-46.14017460599996,-23.178026597999974,0],[-46.140172320999909,-23.178022606999832,0],[-46.140170252999951,-23.178018516999941,0],[-46.14016843099995,-23.178014326999858,0],[-46.14016685699994,-23.178010052999923,0],[-46.140165523999883,-23.178005708999933,0],[-46.140164426999888,-23.17800130899991,0],[-46.140163558999916,-23.177996864999898,0],[-46.140162915999952,-23.177992388999883,0],[-46.140162491999831,-23.177987890999873,0],[-46.140162282999881,-23.177983378999954,0],[-46.140162284999974,-23.177978863999954,0],[-46.140162496999835,-23.177974352999911,0],[-46.140162916999941,-23.177969853999969,0],[-46.14016354599994,-23.177965375999975,0],[-46.14016438699997,-23.177960927999948,0],[-46.140165440999965,-23.177956518999963,0],[-46.140166711999825,-23.177952158999972,0],[-46.140168200999938,-23.177947857999925,0],[-46.140169911999976,-23.177943628999969,0],[-46.140171845999873,-23.177939482999875,0],[-46.140173992999962,-23.177935426999966,0],[-46.140176329999974,-23.177931461999947,0],[-46.140178835999961,-23.177927585999953,0],[-46.140181489999975,-23.177923794999913,0],[-46.140184269999963,-23.177920082999947,0],[-46.140187157999833,-23.177916440999923,0],[-46.140190135999887,-23.177912860999982,0],[-46.140193184999873,-23.177909332999945,0],[-46.140196290999938,-23.177905847999853,0],[-46.140199438999957,-23.177902394999933,0],[-46.140202612999929,-23.177898962999905,0],[-46.140205801999969,-23.177895541999874,0],[-46.140208989999962,-23.177892120999957,0],[-46.140212164999923,-23.177888688999928,0],[-46.140215312999942,-23.177885235999895,0],[-46.14021841999994,-23.177881751999962,0],[-46.140221480999912,-23.177878232999944,0],[-46.140224499999874,-23.177874681999924,0],[-46.140227481999943,-23.177871105999884,0],[-46.140230431999953,-23.177867506999974,0],[-46.140233357999932,-23.177863890999845,0],[-46.140236263999896,-23.177860260999978,0],[-46.140239156999939,-23.177856621999865,0],[-46.140242042999944,-23.177852978999908,0],[-46.140244927999902,-23.177849334999962,0],[-46.140247817999978,-23.177845694999917,0],[-46.140250719999926,-23.177842061999968,0],[-46.140253640999902,-23.177838442999871,0],[-46.140256585999964,-23.177834839999946,0],[-46.140259560999937,-23.177831258999959,0],[-46.140262573999962,-23.177827703999867,0],[-46.140265629999931,-23.177824180999949,0],[-46.140268733999903,-23.17782069499998,0],[-46.140271893999909,-23.177817250999965,0],[-46.140275112999916,-23.177813854999954,0],[-46.140278398999897,-23.17781051299994,0],[-46.140281753999943,-23.177807230999861,0],[-46.140285182999946,-23.177804015999925,0],[-46.140288690999967,-23.177800872999967,0],[-46.140292272999886,-23.177797803999965,0],[-46.14029592299994,-23.17779480199988,0],[-46.140299631999881,-23.177791863999914,0],[-46.140303391999964,-23.177788981999925,0],[-46.140307198999892,-23.177786151999896,0],[-46.14031104399993,-23.17778336799995,0],[-46.140314922999835,-23.177780622999876,0],[-46.140318829999956,-23.177777911999897,0],[-46.140322758999957,-23.177775228999963,0],[-46.140326704999893,-23.177772567999909,0],[-46.140330663999976,-23.177769922999971,0],[-46.140334631999963,-23.177767289999906,0],[-46.140338605999943,-23.177764663999881,0],[-46.14034258099997,-23.177762039999948,0],[-46.140346553999962,-23.177759413999979,0],[-46.140350521999949,-23.177756778999935,0],[-46.140354479999985,-23.177754132999894,0],[-46.140358423999942,-23.177751468999929,0],[-46.140362350999851,-23.177748783999903,0],[-46.140366255999879,-23.177746071999934,0],[-46.140370136999934,-23.177743328999895,0],[-46.140373987999908,-23.177740550999943,0],[-46.140377804999957,-23.177737733999948,0],[-46.140381584999943,-23.177734873999896,0],[-46.140385324999954,-23.177731967999932,0],[-46.140389017999837,-23.177729013999965,0],[-46.140392662999943,-23.177726007999979,0],[-46.140396254999985,-23.177722946999893,0],[-46.140399790999936,-23.177719830999933,0],[-46.140403259999857,-23.177716652999891,0],[-46.140406648999942,-23.177713400999892,0],[-46.140409941999962,-23.177710065999975,0],[-46.140413120999938,-23.177706636999972,0],[-46.140416162999941,-23.177703103999931,0],[-46.140419043999941,-23.177699457999893,0],[-46.140421734999961,-23.17769568999995,0],[-46.140424201999906,-23.177691793999884,0],[-46.140426407999882,-23.177687764999916,0],[-46.14042831099988,-23.177683606999949,0],[-46.14042986599992,-23.177679326999851,0],[-46.140431029999945,-23.177674942999943,0],[-46.140431797999895,-23.177670484999908,0],[-46.140432239999939,-23.177665987999887,0],[-46.140432440999973,-23.177661475999969,0],[-46.140432481999881,-23.177656960999968,0],[-46.140432439999984,-23.177652444999921,0],[-46.140432386999976,-23.177647928999932,0],[-46.140432393999959,-23.177643413999874,0],[-46.140432536999981,-23.177638899999977,0],[-46.140432890999932,-23.17763439599986,0],[-46.140433535999875,-23.177629920999948,0],[-46.140434525999979,-23.17762549999992,0],[-46.140435815999979,-23.177621144999932,0],[-46.140437343999906,-23.177616855999929,0],[-46.14043904499988,-23.177612622999902,0],[-46.140440862999924,-23.177608431999943,0],[-46.140442740999902,-23.177604262999921,0],[-46.140444627999898,-23.177600097999971,0],[-46.140446469999972,-23.17759591499987,0],[-46.140448214999935,-23.177591696999968,0],[-46.140449806999982,-23.177587427999981,0],[-46.140451187999986,-23.177583096999967,0],[-46.140452320999941,-23.177578704999974,0],[-46.140453220999973,-23.177574266999954,0],[-46.140453904999958,-23.177569795999943,0],[-46.140454394999892,-23.177565302999938,0],[-46.140454709999915,-23.177560796999899,0],[-46.140454867999949,-23.177556283999877,0],[-46.140454873999943,-23.177551767999944,0],[-46.140454640999849,-23.177547257999947,0],[-46.140454055999953,-23.177542776999928,0],[-46.140453007999952,-23.177538367999887,0],[-46.140451413999926,-23.177534102999914,0],[-46.140449237999917,-23.177530062999949,0],[-46.140446506999979,-23.177526322999881,0],[-46.14044329799998,-23.17752292199998,0],[-46.140439628999957,-23.177519949999976,0],[-46.140435175999926,-23.177518279999845,0],[-46.140431526999976,-23.177520971999968,0],[-46.140429426999958,-23.177525045999971,0],[-46.140427367999962,-23.177529139999933,0],[-46.140425066999967,-23.177533122999932,0],[-46.140422582999861,-23.17753701099997,0],[-46.140420002999974,-23.177540844999953,0],[-46.140417440999954,-23.177544689999877,0],[-46.140415041999859,-23.17754862299995,0],[-46.140412971999865,-23.177552710999919,0],[-46.140411382999901,-23.177556978999917,0],[-46.140410229999816,-23.177561365999964,0],[-46.140409358999932,-23.177565808999873,0],[-46.140408631999946,-23.17757027499988,0],[-46.140407928999878,-23.177574743999969,0],[-46.140407139999979,-23.177579199999911,0],[-46.140406153999834,-23.177583621999929,0],[-46.140404873999898,-23.177587979999942,0],[-46.140403283999945,-23.177592248999929,0],[-46.140401401999952,-23.177596414999982,0],[-46.140399246999948,-23.177600466999877,0],[-46.140396837999958,-23.177604394999946,0],[-46.140394194999885,-23.17760819199998,0],[-46.140391334999947,-23.177611851999927,0],[-46.140388273999861,-23.177615370999888,0],[-46.140385026999923,-23.177618743999972,0],[-46.140381606999938,-23.17762196699988,0],[-46.140378025999894,-23.177625037999974,0],[-46.140374294999958,-23.177627951999966,0],[-46.140370428999972,-23.177630710999892,0],[-46.140366445999916,-23.177633323999942,0],[-46.140362360999916,-23.177635799999962,0],[-46.140358190999962,-23.177638150999883,0],[-46.140353950999952,-23.177640391999887,0],[-46.14034965299993,-23.177642536999826,0],[-46.14034530899994,-23.177644601999816,0],[-46.140340929999923,-23.177646602999971,0],[-46.140336524999952,-23.177648553999973,0],[-46.140332103999924,-23.17765047599994,0],[-46.140327681999906,-23.177652391999914,0],[-46.140323269999897,-23.177654330999928,0],[-46.140318883999896,-23.17765631799989,0],[-46.140314537999984,-23.177658378999979,0],[-46.14031024999997,-23.177660541999956,0],[-46.140306041999963,-23.177662832999886,0],[-46.140301937999823,-23.177665281999907,0],[-46.140297969999949,-23.177667914999972,0],[-46.140294173999962,-23.177670755999941,0],[-46.140290592999861,-23.177673824999943,0],[-46.140287272999956,-23.177677134999954,0],[-46.140284253999937,-23.177680683999938,0],[-46.140281505999894,-23.177684416999909,0],[-46.140278942999942,-23.177688260999957,0],[-46.140276471999925,-23.177692155999921,0],[-46.140274005999913,-23.177696053999966,0],[-46.140271453999958,-23.177699903999951,0],[-46.140268723999895,-23.177703648999909,0],[-46.14026572899985,-23.177707214999941,0],[-46.14026239199984,-23.177710508999951,0],[-46.140258729999971,-23.177713494999921,0],[-46.14025483599994,-23.177716219999979,0],[-46.140250789999925,-23.177718750999929,0],[-46.140246657999967,-23.17772115899993,0],[-46.14024249199997,-23.177723515999958,0],[-46.140238338999893,-23.177725892999945,0],[-46.140234247999899,-23.17772835999989,0],[-46.140230274999908,-23.177730985999858,0],[-46.14022646899997,-23.177733815999829,0],[-46.140222842999947,-23.177736839999966,0],[-46.140219395999907,-23.1777400389999,0],[-46.140216127999906,-23.177743394999823,0],[-46.140213031999906,-23.177746886999842,0],[-46.140210102999959,-23.177750500999878,0],[-46.140207333999967,-23.177754219999827,0],[-46.140204714999925,-23.177758031999872,0],[-46.140202237999915,-23.177761923999924,0],[-46.140199893999977,-23.177765885999975,0],[-46.140197672999875,-23.177769907999959,0],[-46.140195566999978,-23.177773981999962,0],[-46.140193565999937,-23.177778100999944,0],[-46.14019165499991,-23.177782256999933,0],[-46.140189814999871,-23.17778643999992,0],[-46.140188024999816,-23.17779064199982,0],[-46.140186263999908,-23.177794853999899,0],[-46.140184511999962,-23.177799069999878,0],[-46.140182746999983,-23.177803279999978,0],[-46.14018094599993,-23.177807477999977,0],[-46.140179087999968,-23.177811653999981,0],[-46.140177150999875,-23.177815799999962,0],[-46.140175114999977,-23.177819903999932,0],[-46.14017295799988,-23.177823955999827,0],[-46.140170662999878,-23.177827941999965,0],[-46.140168219999964,-23.17783185299993,0],[-46.140165636999825,-23.17783568499982,0],[-46.140162921999945,-23.177839438999968,0],[-46.140160081999966,-23.177843112999881,0],[-46.140157123999984,-23.177846705999912,0],[-46.140154053999936,-23.177850218999936,0],[-46.140150878999918,-23.177853649999975,0],[-46.140147605999914,-23.177857001999882,0],[-46.14014424599992,-23.177860278999901,0],[-46.140140807999899,-23.177863486999968,0],[-46.140137301999971,-23.177866630999972,0],[-46.140133736999928,-23.177869717999954,0],[-46.14013012099997,-23.177872753999964,0],[-46.140126461999955,-23.177875745999927,0],[-46.140122768999902,-23.177878700999827,0],[-46.14011904399996,-23.177881621999973,0],[-46.14011526999991,-23.17788448899995,0],[-46.140111429999934,-23.177887279999823,0],[-46.140107506999982,-23.177889969999967,0],[-46.140103484999941,-23.177892530999884,0],[-46.140099349999957,-23.177894933999937,0],[-46.140095090999921,-23.177897144999918,0],[-46.140090702999942,-23.177899126999932,0],[-46.140086187999827,-23.177900847999979,0],[-46.140081574999954,-23.177902330999927,0],[-46.140076903999955,-23.177903650999951,0],[-46.14007220499991,-23.17790488299994,0],[-46.140067501999965,-23.177906104999977,0],[-46.140062818999922,-23.17790738899987,0],[-46.140058182999894,-23.177908808999916,0],[-46.140053613999953,-23.177910403999874,0],[-46.140049117999865,-23.177912169999843,0],[-46.140044702999944,-23.177914099999896,0],[-46.14004037199993,-23.17791618699988,0],[-46.140036128999952,-23.177918424999916,0],[-46.140031979999947,-23.177920806999907,0],[-46.140027927999881,-23.177923327999963,0],[-46.140023976999828,-23.177925982999909,0],[-46.140020129999868,-23.17792876599998,0],[-46.140016391999893,-23.177931671999943,0],[-46.140012765999984,-23.177934696999841,0],[-46.140009255999928,-23.177937836999831,0],[-46.140005860999906,-23.17794108399994,0],[-46.140002569999922,-23.17794442099995,0],[-46.139999365999927,-23.177947829999937,0],[-46.13999623199993,-23.177951292999978,0],[-46.139993148999963,-23.177954794999891,0],[-46.139990096999952,-23.177958320999949,0],[-46.139987056999985,-23.177961855999968,0],[-46.139984009999978,-23.177965385999983,0],[-46.139980934999983,-23.177968894999935,0],[-46.13997781799992,-23.177972370999953,0],[-46.139974657999915,-23.177975814999968,0],[-46.139971461999835,-23.177979229999949,0],[-46.139968235999902,-23.177982619999966,0],[-46.139964983999903,-23.177985989999911,0],[-46.139961712999934,-23.177989343999911,0],[-46.139958426999897,-23.177992684999936,0],[-46.139955130999908,-23.177996017999931,0],[-46.139951831999895,-23.177999346999968,0],[-46.139948532999881,-23.178002677999871,0],[-46.139945239999975,-23.178006012999958,0],[-46.139941957999952,-23.178009357999883,0],[-46.139938691999873,-23.178012715999898,0],[-46.139935446999971,-23.178016091999893,0],[-46.139932225999985,-23.178019485999926,0],[-46.139929008999957,-23.178022883999915,0],[-46.139925765999976,-23.178026260999957,0],[-46.139922467999952,-23.178029591999973,0],[-46.139919086999953,-23.178032850999955,0],[-46.139915594999934,-23.178036007999935,0],[-46.139911968999968,-23.178039033999937,0],[-46.139908187999936,-23.178041891999897,0],[-46.139904240999954,-23.178044550999971,0],[-46.139900171999955,-23.178047047999883,0],[-46.139896061999877,-23.178049487999942,0],[-46.139891986999942,-23.178051977999928,0],[-46.139888030999941,-23.178054625999891,0],[-46.139884294999888,-23.178057532999958,0],[-46.139880894999976,-23.178060771999981,0],[-46.139877878999982,-23.178064321999898,0],[-46.139875239999867,-23.178068119999864,0],[-46.139872967999963,-23.178072115999839,0],[-46.139871046999986,-23.178076266999938,0],[-46.139869467999915,-23.178080538999893,0],[-46.139868221999905,-23.178084904999935,0],[-46.139867302999903,-23.178089338999939,0],[-46.139866674999951,-23.178093816999933,0],[-46.139866285999915,-23.178098317999968,0],[-46.139866081999912,-23.178102829999887,0],[-46.139866003999884,-23.178107344999887,0],[-46.139865996999902,-23.178111860999934,0],[-46.139866002999895,-23.178116376999924,0],[-46.139865965999888,-23.178120891999981,0],[-46.13986582699988,-23.178125405999879,0],[-46.139865526999927,-23.178129912999907,0],[-46.13986500599998,-23.178134402999945,0],[-46.139864208999938,-23.178138857999954,0],[-46.139863126999842,-23.178143260999946,0],[-46.139861794999888,-23.178147604999936,0],[-46.13986024999997,-23.178151888999935,0],[-46.139858525999898,-23.178156112999943,0],[-46.139856651999935,-23.178160282999954,0],[-46.139854655999955,-23.178164404999904,0],[-46.139852555999937,-23.178168481999819,0],[-46.139850360999958,-23.178172515999961,0],[-46.139848079999922,-23.178176508999968,0],[-46.139845722999894,-23.178180464999912,0],[-46.139843298999892,-23.178184384999895,0],[-46.139840816999936,-23.178188273999922,0],[-46.139838284999939,-23.178192136999826,0],[-46.139835713999958,-23.17819597599987,0],[-46.139833111999849,-23.178199797999923,0],[-46.139830486999983,-23.178203605999954,0],[-46.139827845999946,-23.17820740499991,0],[-46.139825186999985,-23.178211192999981,0],[-46.139822504999927,-23.178214966999917,0],[-46.139819792999901,-23.178218722999873,0],[-46.139817043999926,-23.178222455999844,0],[-46.139814251999951,-23.178226160999884,0],[-46.139811411999915,-23.178229834999911,0],[-46.139808516999949,-23.178233472999977,0],[-46.139805561999879,-23.178237067999873,0],[-46.139802541999984,-23.178240616999915,0],[-46.139799455999878,-23.178244116999963,0],[-46.139796317999981,-23.178247577999969,0],[-46.139793143999896,-23.178251010999873,0],[-46.13978994799993,-23.17825442599991,0],[-46.139786744999981,-23.17825783499984,0],[-46.139783548999901,-23.178261249999935,0],[-46.13978037499993,-23.178264682999952,0],[-46.139777237999908,-23.178268143999958,0],[-46.139774151999916,-23.178271644999938,0],[-46.139771133999943,-23.178275194999856,0],[-46.139768197999956,-23.178278803999888,0],[-46.139765353999906,-23.178282475999936,0],[-46.139762609999877,-23.178286210999943,0],[-46.139759972999911,-23.178290011999934,0],[-46.139757449999877,-23.178293878999966,0],[-46.139755049999962,-23.178297811999926,0],[-46.13975278099997,-23.178301810999926,0],[-46.139750650999929,-23.178305873999818,0],[-46.139748666999878,-23.178310000999886,0],[-46.139746830999968,-23.178314185999966,0],[-46.139745111999957,-23.178318411999953,0],[-46.139743468999882,-23.178322664999939,0],[-46.139741863999916,-23.178326929999969,0],[-46.139740257999961,-23.178331194999942,0],[-46.139738611999917,-23.178335446999938,0],[-46.139736883999944,-23.178339669999957,0],[-46.139735034999887,-23.178343849999919,0],[-46.139733022999906,-23.17834796399984,0],[-46.139730807999911,-23.178351988999907,0],[-46.139728353999885,-23.178355892999946,0],[-46.139725633999944,-23.178359642999908,0],[-46.13972268699996,-23.178363242999922,0],[-46.139719580999952,-23.178366727999958,0],[-46.139716379999868,-23.178370138999981,0],[-46.139713139999969,-23.17837351899982,0],[-46.139709914999969,-23.17837691099993,0],[-46.139706742999977,-23.178380343999947,0],[-46.139703631999964,-23.178383825999958,0],[-46.139700591999883,-23.178387360999977,0],[-46.139697631999979,-23.178390952999905,0],[-46.13969476199992,-23.178394605999983,0],[-46.139691990999893,-23.178398324999932,0],[-46.139689331999932,-23.178402112999947,0],[-46.139686794999818,-23.17840597199995,0],[-46.139684393999971,-23.178409903999977,0],[-46.13968214199997,-23.17841391099995,0],[-46.13968005299995,-23.178417992999925,0],[-46.139678138999898,-23.178422147999925,0],[-46.139676399999928,-23.178426366999929,0],[-46.139674798999977,-23.178430632999948,0],[-46.13967329299993,-23.178434928999934,0],[-46.139671840999824,-23.178439240999921,0],[-46.139670400999876,-23.178443555999934,0],[-46.139668928999924,-23.178447861999928,0],[-46.139667386999974,-23.178452146999916,0],[-46.139665732999958,-23.178456395999945,0],[-46.139663927999948,-23.178460591999908,0],[-46.139661945999876,-23.178464718999976,0],[-46.139659779999874,-23.17846876599998,0],[-46.139657421999971,-23.178472719999945,0],[-46.139654866999933,-23.178476568999884,0],[-46.139652106999961,-23.178480293999939,0],[-46.1396491349999,-23.178483876999962,0],[-46.139645945999973,-23.17848729699989,0],[-46.139642536999986,-23.178490529999976,0],[-46.13963892299995,-23.178493565999872,0],[-46.139635131999967,-23.178496413999937,0],[-46.139631194999936,-23.178499085999817,0],[-46.139627137999923,-23.178501599999947,0],[-46.139622982999867,-23.178503973999966,0],[-46.139618750999944,-23.178506227999947,0],[-46.139614458999972,-23.17850838399994,0],[-46.139610120999976,-23.17851045999987,0],[-46.139605750999863,-23.178512477999959,0],[-46.139601360999961,-23.178514457999938,0],[-46.139596961999928,-23.178516419999937,0],[-46.139592561999905,-23.178518381999879,0],[-46.139588167999932,-23.178520353999886,0],[-46.1395837849999,-23.178522346999955,0],[-46.139579418999972,-23.17852437199997,0],[-46.139575076999904,-23.178526439999928,0],[-46.139570764999974,-23.178528560999951,0],[-46.139566489999879,-23.178530745999865,0],[-46.13956226099998,-23.178533004999963,0],[-46.139558085999909,-23.178535348999958,0],[-46.139553973999909,-23.178537786999982,0],[-46.139549935999867,-23.17854032799994,0],[-46.139545981999959,-23.178542978999872,0],[-46.139542115999916,-23.178545737999968,0],[-46.139538320999975,-23.178548580999916,0],[-46.139534576999836,-23.178551481999875,0],[-46.139530864999983,-23.17855441599994,0],[-46.139527160999933,-23.178557360999946,0],[-46.139523445999885,-23.178560291999929,0],[-46.139519695999923,-23.178563185999963,0],[-46.139515892999952,-23.178566018999959,0],[-46.139512014999923,-23.178568764999966,0],[-46.139508044999957,-23.178571395999938,0],[-46.139503968999975,-23.178573882999956,0],[-46.139499773999887,-23.178576194999891,0],[-46.139495463999879,-23.178578320999975,0],[-46.139491075999956,-23.178580304999969,0],[-46.139486645999966,-23.178582204999941,0],[-46.139482202999943,-23.178584081999929,0],[-46.139477776999911,-23.178585991999967,0],[-46.139473398999939,-23.178587993999884,0],[-46.139469105999922,-23.178590147999955,0],[-46.13946494399994,-23.17859250999993,0],[-46.139460965999945,-23.178595128999859,0],[-46.139457203999939,-23.178598007999938,0],[-46.139453655999887,-23.178601110999978,0],[-46.139450312999884,-23.178604402999895,0],[-46.139447161999954,-23.178607852999846,0],[-46.139444188999903,-23.17861143499988,0],[-46.139441379999937,-23.178615128999979,0],[-46.139438744999893,-23.17861893099996,0],[-46.139436301999979,-23.178622840999935,0],[-46.139434073999951,-23.178626858999905,0],[-46.139432083999964,-23.178630981999959,0],[-46.139430357999913,-23.178635205999967,0],[-46.13942892599988,-23.178639522999958,0],[-46.139427813999873,-23.178643918999967,0],[-46.139427006999881,-23.178648371999827,0],[-46.139426416999925,-23.178652854999939,0],[-46.139425948999985,-23.178657349999924,0],[-46.139425507999874,-23.178661846999944,0],[-46.139424999999903,-23.17866633899996,0],[-46.13942433099993,-23.178670811999893,0],[-46.139423405999878,-23.178675244999909,0],[-46.139422201999935,-23.178679620999901,0],[-46.139420773999916,-23.178683938999939,0],[-46.139419181999983,-23.178688208999915,0],[-46.139417483999921,-23.178692442999932,0],[-46.139415732999964,-23.178696657999978,0],[-46.139351880999982,-23.178607317999877,0],[-46.139403188999893,-23.178564459999961,0],[-46.139475617999949,-23.178480145999913,0],[-46.139587028999983,-23.178309501999934,0],[-46.139687858999821,-23.178188320999936,0],[-46.139754579999931,-23.178058752999959,0],[-46.139825559999906,-23.177957920999972,0],[-46.139956380999934,-23.177851741999973,0],[-46.140267826999946,-23.177479101999893,0]]],[[[-46.125692154999967,-23.172384574999967,0],[-46.125697418999891,-23.17231897399995,0],[-46.125724521999985,-23.172301889999972,0],[-46.126011175999906,-23.172202980999884,0],[-46.126167344999942,-23.172257998999896,0],[-46.126346097999942,-23.172333925999965,0],[-46.126408669999932,-23.172547772999962,0],[-46.126095852999981,-23.173118341999952,0],[-46.125978215999965,-23.17321545599998,0],[-46.125759393999942,-23.17339944899993,0],[-46.125748744999953,-23.173771987999942,0],[-46.125475666999932,-23.174040358999946,0],[-46.12530660799996,-23.174229107999906,0],[-46.125076864999983,-23.174769907999973,0],[-46.124823935999984,-23.175250846999973,0],[-46.124795920999929,-23.175564503999908,0],[-46.124722997999982,-23.175955515999931,0],[-46.124617053999941,-23.1760001479999,0],[-46.12461727699997,-23.175999864999881,0],[-46.124619952999922,-23.175996088999909,0],[-46.124622337999938,-23.175992148999967,0],[-46.124624516999916,-23.175988106999966,0],[-46.124626555999953,-23.175984003999929,0],[-46.12462850999998,-23.175979864999931,0],[-46.124630427999875,-23.175975711999911,0],[-46.124632360999954,-23.175971563999951,0],[-46.124634365999952,-23.175967445999959,0],[-46.12463648499994,-23.175963377999892,0],[-46.124638707999964,-23.175959356999897,0],[-46.124641009999948,-23.175955373999955,0],[-46.124643355999979,-23.17595141299995,0],[-46.124645699999917,-23.175947451999889,0],[-46.124647987999936,-23.175943461999907,0],[-46.124650157999952,-23.175939416999938,0],[-46.124652144999914,-23.175935291999963,0],[-46.124653888999887,-23.175931073999948,0],[-46.124655372999939,-23.175926771999968,0],[-46.124656631999926,-23.175922408999952,0],[-46.124657699999943,-23.175918002999936,0],[-46.124658609999983,-23.175913565999963,0],[-46.124659389999977,-23.175909108999917,0],[-46.124660066999866,-23.175904635999927,0],[-46.124660662999986,-23.175900153999976,0],[-46.124661200999867,-23.175895665999974,0],[-46.124661691999904,-23.175891172999968,0],[-46.124662125999919,-23.175886674999958,0],[-46.124662485999977,-23.175882170999898,0],[-46.124662756999896,-23.175877661999891,0],[-46.124662921999914,-23.175873148999983,0],[-46.124662960999899,-23.175868633999869,0],[-46.124662854999826,-23.175864118999925,0],[-46.124662581999985,-23.175859609999918,0],[-46.124662119999925,-23.175855114999877,0],[-46.124661443999969,-23.175850642999876,0],[-46.124660528999982,-23.175846207999939,0],[-46.124659353999959,-23.175841824999964,0],[-46.12465792699993,-23.175837506999869,0],[-46.124656270999878,-23.175833258999944,0],[-46.124654411999927,-23.175829082999883,0],[-46.124652375999915,-23.17582497799998,0],[-46.124650190999944,-23.175820939999937,0],[-46.124647878999895,-23.175816961999942,0],[-46.12464546599989,-23.175813035999965,0],[-46.124642972999936,-23.175809151999829,0],[-46.124640421999914,-23.175805301999958,0],[-46.124637831999962,-23.175801472999979,0],[-46.124635221999938,-23.17579765499994,0],[-46.124633771999981,-23.175795724999944,0],[-46.124630988999854,-23.17579201399991,0],[-46.124628210999958,-23.175788298999976,0],[-46.124625443999946,-23.175784577999934,0],[-46.124622691999946,-23.175780846999885,0],[-46.124619960999894,-23.175777102999916,0],[-46.124617256999954,-23.175773341999957,0],[-46.124614587999986,-23.175769559999935,0],[-46.12461196299995,-23.175765750999972,0],[-46.124609397999848,-23.175761908999903,0],[-46.124606908999908,-23.175758022999958,0],[-46.124604517999956,-23.17575408499988,0],[-46.124602246999984,-23.175750086999983,0],[-46.124600118999979,-23.175746022999931,0],[-46.124598157999969,-23.175741886999958,0],[-46.124596387999929,-23.175737677999962,0],[-46.124594825999964,-23.175733399999956,0],[-46.124593475999859,-23.17572906099997,0],[-46.124592329999928,-23.175724670999955,0],[-46.124591365999947,-23.175720243999933,0],[-46.124590555999873,-23.175715790999902,0],[-46.124589897999897,-23.17571131699998,0],[-46.124589398999944,-23.175706824999963,0],[-46.124589070999946,-23.175702318999981,0],[-46.124588927999923,-23.175697804999857,0],[-46.124588984999946,-23.175693289999913,0],[-46.124589260999869,-23.175688781999895,0],[-46.124589775999823,-23.175684291999971,0],[-46.124590552999962,-23.17567983399988,0],[-46.124591618999887,-23.175675427999977,0],[-46.124592972999892,-23.175671088999934,0],[-46.124594560999924,-23.175666818999957,0],[-46.124596321999832,-23.175662606999936,0],[-46.124598196999898,-23.175658436999981,0],[-46.124600125999962,-23.175654288999965,0],[-46.124602051999943,-23.17565013899997,0],[-46.124603916999945,-23.175645964999831,0],[-46.124605693999968,-23.175641757999927,0],[-46.124607384999933,-23.175637521999931,0],[-46.124608995999893,-23.175633258999937,0],[-46.124610531999849,-23.175628971999913,0],[-46.124611998999967,-23.17562466499993,0],[-46.124613402999898,-23.175620339999909,0],[-46.12461475099991,-23.175615998999945,0],[-46.124616049999929,-23.175611645999936,0],[-46.12461730699988,-23.17560728199993,0],[-46.124618527999985,-23.175602909999895,0],[-46.124619719999885,-23.175598529999888,0],[-46.124620889999903,-23.17559414599998,0],[-46.124622039999906,-23.175589756999955,0],[-46.12462313799989,-23.175585356999875,0],[-46.124624132999884,-23.17558093599996,0],[-46.124624972999982,-23.175576486999944,0],[-46.124625594999941,-23.175572008999836,0],[-46.124625928999876,-23.175567503999901,0],[-46.12462589099988,-23.175562989999889,0],[-46.124625389999835,-23.175558499999966,0],[-46.124624333999918,-23.175554093999949,0],[-46.12462266599988,-23.17554985299995,0],[-46.12462046099995,-23.175545825999961,0],[-46.124617842999896,-23.175542014999905,0],[-46.124614918999953,-23.17553839899989,0],[-46.124611770999934,-23.175534945999971,0],[-46.124608463999948,-23.17553162299987,0],[-46.124605050999946,-23.175528391999933,0],[-46.124601576999908,-23.175525218999951,0],[-46.124598067999955,-23.175522076999982,0],[-46.124594533999925,-23.175518959999977,0],[-46.124590982999905,-23.175515858999972,0],[-46.12458742299998,-23.17551276699993,0],[-46.124583862999941,-23.17550967499983,0],[-46.124580311999921,-23.175506574999929,0],[-46.124576777999891,-23.175503456999934,0],[-46.124573269999985,-23.175500314999965,0],[-46.124569780999934,-23.17549715399997,0],[-46.124566277999918,-23.175494006999941,0],[-46.124562726999955,-23.175490906999983,0],[-46.124559095999928,-23.175487886999974,0],[-46.124555355999973,-23.17548498199983,0],[-46.124551485999916,-23.175482226999975,0],[-46.124547503999963,-23.175479612999936,0],[-46.124543445999961,-23.175477098999977,0],[-46.124539346999825,-23.175474642999973,0],[-46.12453523899984,-23.175472199999945,0],[-46.124531151999918,-23.175469726999893,0],[-46.124527118999879,-23.175467179999941,0],[-46.12452317799989,-23.175464512999895,0],[-46.12451937499992,-23.175461678999966,0],[-46.124515768999913,-23.17545863499987,0],[-46.124512429999982,-23.175455340999974,0],[-46.124509436999915,-23.175451773999839,0],[-46.12450684199996,-23.175447950999967,0],[-46.124504623999883,-23.175443928999982,0],[-46.124502745999905,-23.175439760999893,0],[-46.12450116999986,-23.175435486999902,0],[-46.12449985499984,-23.175431138999897,0],[-46.124498763999839,-23.175426736999896,0],[-46.124497864999853,-23.175422298999877,0],[-46.124497126999984,-23.175417834999962,0],[-46.124496521999902,-23.175413353999943,0],[-46.124496023999882,-23.175408861999927,0],[-46.124495613999954,-23.175404361999824,0],[-46.124495275999891,-23.175399856999888,0],[-46.124494994999964,-23.175395347999938,0],[-46.124494752999965,-23.175390837999942,0],[-46.124494531999915,-23.175386326999842,0],[-46.1244943129999,-23.17538181499998,0],[-46.124494078999874,-23.17537730499987,0],[-46.124493810999979,-23.175372795999976,0],[-46.124493493999921,-23.175368288999948,0],[-46.124493155999971,-23.175363783999842,0],[-46.124492918999977,-23.175359273999902,0],[-46.12449292499997,-23.175354758999958,0],[-46.124493333999908,-23.175350260999949,0],[-46.124494321999919,-23.175345841999956,0],[-46.124496043999955,-23.175341621999962,0],[-46.124498410999877,-23.175337673999877,0],[-46.124501141999929,-23.175333931999944,0],[-46.124504012999921,-23.175330277999819,0],[-46.124506825999958,-23.175326586999972,0],[-46.124509358999831,-23.17532272699998,0],[-46.124511345999906,-23.175318605999905,0],[-46.124512693999918,-23.175314269999831,0],[-46.124513425999965,-23.175309807999895,0],[-46.124513610999827,-23.175305296999966,0],[-46.124513340999954,-23.175300788999948,0],[-46.124512706999838,-23.175296311999944,0],[-46.124511791999851,-23.17529187699995,0],[-46.12451066299991,-23.175287483999909,0],[-46.124509380999939,-23.175283125999897,0],[-46.124507992999895,-23.175278796999976,0],[-46.124506542999939,-23.175274483999885,0],[-46.124505068999895,-23.175270178999824,0],[-46.124503606999951,-23.175265869999976,0],[-46.124502194999934,-23.17526154699982,0],[-46.124500869999906,-23.175257200999965,0],[-46.124499672999889,-23.17525282299988,0],[-46.124498650999897,-23.17524840699997,0],[-46.124497851999934,-23.17524395199996,0],[-46.124497287999873,-23.175239466999926,0],[-46.124496948999933,-23.175234962999923,0],[-46.124496823999948,-23.175230448999912,0],[-46.124496895999926,-23.175225932999979,0],[-46.124497146999886,-23.175221423999972,0],[-46.124497556999984,-23.175216923999926,0],[-46.124498106999965,-23.175212436999914,0],[-46.12449877499995,-23.175207963999981,0],[-46.124499538999885,-23.175203502999977,0],[-46.124500379999972,-23.17519905499995,0],[-46.124501275999933,-23.175194615999942,0],[-46.124502205999931,-23.175190182999927,0],[-46.124503154999957,-23.175185752999937,0],[-46.124504120999916,-23.175181325999915,0],[-46.124505105999901,-23.175176902999908,0],[-46.124506109999913,-23.175172483999972,0],[-46.124507134999931,-23.175168067999891,0],[-46.124508180999896,-23.175163656999871,0],[-46.124509247999981,-23.175159249999979,0],[-46.12451033699989,-23.175154847999977,0],[-46.12451142499998,-23.175150445999861,0],[-46.124512460999881,-23.17514603199993,0],[-46.12451338999989,-23.175141598999915,0],[-46.124514153999939,-23.175137138999901,0],[-46.124514687999977,-23.175132650999899,0],[-46.124514918999921,-23.175128140999959,0],[-46.124514767999983,-23.175123628999927,0],[-46.12451415299995,-23.175119150999933,0],[-46.124513001999958,-23.175114764999933,0],[-46.12451127099996,-23.175110545999928,0],[-46.124508959999957,-23.175106570999958,0],[-46.1245060789999,-23.175102928999934,0],[-46.124502605999965,-23.175099761999945,0],[-46.124498529999983,-23.175097289999883,0],[-46.124494025999979,-23.175095551999959,0],[-46.124489362999952,-23.175094209999827,0],[-46.1244846969999,-23.175092875999894,0],[-46.124480161999884,-23.175091204999944,0],[-46.124475935999897,-23.175088950999907,0],[-46.124472141999945,-23.175086112999963,0],[-46.124468910999951,-23.175082734999933,0],[-46.12446646199993,-23.175078837999877,0],[-46.124465139999984,-23.175074506999977,0],[-46.124465221999969,-23.175070004999952,0],[-46.124466306999977,-23.175065605999862,0],[-46.124467870999922,-23.175061328999959,0],[-46.124469531999978,-23.175057081999967,0],[-46.124470914999847,-23.175052752999932,0],[-46.124471438999876,-23.175048275999927,0],[-46.124470310999982,-23.175043910999932,0],[-46.12446770899993,-23.17504010499988,0],[-46.124464292999903,-23.175036884999884,0],[-46.12446045299987,-23.17503409699998,0],[-46.12445637899998,-23.175031605999891,0],[-46.124452172999895,-23.175029311999879,0],[-46.124447894999889,-23.175027131999968,0],[-46.124443587999963,-23.17502500199987,0],[-46.124439263999875,-23.175022901999967,0],[-46.124434930999882,-23.175020818999883,0],[-46.124430596999957,-23.17501873599997,0],[-46.124426273999973,-23.175016633999974,0],[-46.124421972999983,-23.175014492999878,0],[-46.124417706999964,-23.175012293999885,0],[-46.124413487999959,-23.175010018999956,0],[-46.124409325999977,-23.175007655999934,0],[-46.124405263999904,-23.175005148999901,0],[-46.124401408999972,-23.175002377999931,0],[-46.124397912999939,-23.17499922899998,0],[-46.124394981999956,-23.174995623999905,0],[-46.124392831999955,-23.174991576999957,0],[-46.124391616999958,-23.174987211999962,0],[-46.124391566999918,-23.174982709999938,0],[-46.124392904999979,-23.174978381999836,0],[-46.124395127999946,-23.174974363999922,0],[-46.124397574999819,-23.17497045499988,0],[-46.124399665999874,-23.174966378999898,0],[-46.124400884999886,-23.17496201299997,0],[-46.12440137699997,-23.174957522999875,0],[-46.12440150599997,-23.174953008999978,0],[-46.12440160999995,-23.174948493999921,0],[-46.1244019909999,-23.174943992999943,0],[-46.124402917999817,-23.174939563999885,0],[-46.124404871999957,-23.174935446999939,0],[-46.124408600999914,-23.174932619999936,0],[-46.124413194999931,-23.174931096999899,0],[-46.124417732999973,-23.174929445999965,0],[-46.124421342999938,-23.17492646099987,0],[-46.124423595999929,-23.174922469999899,0],[-46.12442485899993,-23.174918113999979,0],[-46.124425262999978,-23.17491361999987,0],[-46.124424844999851,-23.174909124999942,0],[-46.124423682999918,-23.174904743999946,0],[-46.124421588999951,-23.174900676999982,0],[-46.124418271999843,-23.174897392999981,0],[-46.124414018999914,-23.17489520099997,0],[-46.124409317999891,-23.174894008999956,0],[-46.124404450999918,-23.174893708999946,0],[-46.124399588999893,-23.174894107999876,0],[-46.124394797999855,-23.174894980999966,0],[-46.124390072999972,-23.174896123999872,0],[-46.124385375999964,-23.174897362999957,0],[-46.124380657999836,-23.174898530999883,0],[-46.124375889999953,-23.174899510999978,0],[-46.124371064999934,-23.174900206999951,0],[-46.124366190999979,-23.174900442999956,0],[-46.124361369999917,-23.174899812999911,0],[-46.124357357999941,-23.174897377999969,0],[-46.124355637999884,-23.174893190999967,0],[-46.124355073999936,-23.174888707999969,0],[-46.124354594999886,-23.17488421399986,0],[-46.124353489999976,-23.174879821999923,0],[-46.124351530999888,-23.174875691999944,0],[-46.124348890999954,-23.174871896999889,0],[-46.12434580199988,-23.17486839999998,0],[-46.124342469999874,-23.174865098999874,0],[-46.124339059999954,-23.174861865999958,0],[-46.124335716999951,-23.17485857399987,0],[-46.124332564999918,-23.174855124999851,0],[-46.124329498999941,-23.174851608999916,0],[-46.124326276999966,-23.174848216999976,0],[-46.124322657999926,-23.174845190999918,0],[-46.124318501999937,-23.174842831999968,0],[-46.124313952999898,-23.174841200999936,0],[-46.124309194999967,-23.174840193999955,0],[-46.124304340999913,-23.174839718999976,0],[-46.12429945699995,-23.174839673999884,0],[-46.124294573999975,-23.174839758999894,0],[-46.124289695999948,-23.174839569999961,0],[-46.124284914999976,-23.174838682999905,0],[-46.124280402999887,-23.174836968999955,0],[-46.124276243999816,-23.174834608999845,0],[-46.124272468999948,-23.174831747999974,0],[-46.124269097999843,-23.174828482999942,0],[-46.124266103999958,-23.17482491699991,0],[-46.124263404999908,-23.174821153999972,0],[-46.124260897999875,-23.17481727899991,0],[-46.124258466999947,-23.174813361999952,0],[-46.124255996999977,-23.174809465999886,0],[-46.124253366999937,-23.174805661999926,0],[-46.124250459999985,-23.174802033999981,0],[-46.124247177999962,-23.174798691999968,0],[-46.124243556999943,-23.174795663999816,0],[-46.124239710999973,-23.174792880999917,0],[-46.124235732999921,-23.174790260999885,0],[-46.12423169799996,-23.174787716999958,0],[-46.124227667999946,-23.174785164999946,0],[-46.124223674999882,-23.174782563999884,0],[-46.124219693999919,-23.174779946999934,0],[-46.124215696999954,-23.174777352999968,0],[-46.124211651999985,-23.174774819999868,0],[-46.124207533999879,-23.174772392999955,0],[-46.124203315999978,-23.174770115999934,0],[-46.124198979999903,-23.174768038999844,0],[-46.124194523999961,-23.174766189999957,0],[-46.124189977999947,-23.174764539999899,0],[-46.124185369999907,-23.174763043999974,0],[-46.124180721999892,-23.174761654999941,0],[-46.124176052999871,-23.17476032899998,0],[-46.124171376999925,-23.174759021999876,0],[-46.124166688999878,-23.17475775399987,0],[-46.124161962999949,-23.174756614999978,0],[-46.124157179999884,-23.174755703999949,0],[-46.124152337999931,-23.174755120999919,0],[-46.124147460999893,-23.174754891999896,0],[-46.12414257699993,-23.174754809999968,0],[-46.124137696999981,-23.174754623999888,0],[-46.124132853999924,-23.17475406199992,0],[-46.124128153999891,-23.174752849999891,0],[-46.124123690999966,-23.174751020999963,0],[-46.124119406999966,-23.174748853999915,0],[-46.124115182999901,-23.174746585999912,0],[-46.124110894999887,-23.174744423999925,0],[-46.124106448999953,-23.174742558999867,0],[-46.124101839999923,-23.174741068999936,0],[-46.124097098999982,-23.174739989999921,0],[-46.124092262999966,-23.174739367999962,0],[-46.124087382999903,-23.174739251999938,0],[-46.124082520999934,-23.174739657999964,0],[-46.124077707999902,-23.174740422999946,0],[-46.124072922999972,-23.174741332999929,0],[-46.124068127999976,-23.174742190999837,0],[-46.124063306999972,-23.174742912999875,0],[-46.124058474999913,-23.174743574999923,0],[-46.124053647999972,-23.17474426299998,0],[-46.124051688999884,-23.174744261999933,0],[-46.124046804999921,-23.17474424999989,0],[-46.124041920999957,-23.174744203999978,0],[-46.124037037999983,-23.174744102999966,0],[-46.124032156999931,-23.174743921999891,0],[-46.124027282999975,-23.174743636999949,0],[-46.124022418999971,-23.174743224999929,0],[-46.1240175719999,-23.174742669999944,0],[-46.12401274899986,-23.174741954999888,0],[-46.124007959999972,-23.174741067999832,0],[-46.124003214999959,-23.174739998999939,0],[-46.123998524999934,-23.174738738999906,0],[-46.123993905999896,-23.174737271999959,0],[-46.123989380999944,-23.174735571999975,0],[-46.123984980999978,-23.174733613999933,0],[-46.123980746999962,-23.1747313649999,0],[-46.123976730999971,-23.174728796999943,0],[-46.123973003999936,-23.174725880999972,0],[-46.123969650999925,-23.174722600999814,0],[-46.123966762999942,-23.174718962999975,0],[-46.123964326999953,-23.174715049999975,0],[-46.123962030999905,-23.174711063999837,0],[-46.12395950299998,-23.174707202999969,0],[-46.123956392999901,-23.17470372899993,0],[-46.123952692999865,-23.174700786999949,0],[-46.123948613999971,-23.174698307999847,0],[-46.123944308999967,-23.174696174999951,0],[-46.123939882999935,-23.17469426699995,0],[-46.123935400999926,-23.174692470999958,0],[-46.123930914999903,-23.174690685999906,0],[-46.12392643499993,-23.174688884999966,0],[-46.123921962999873,-23.174687069999891,0],[-46.123917494999887,-23.174685243999932,0],[-46.123913032999951,-23.174683407999964,0],[-46.123908573999927,-23.174681563999968,0],[-46.123904119999906,-23.174679709999907,0],[-46.123899675999894,-23.174677836999933,0],[-46.123895243999982,-23.17467593899994,0],[-46.12389082899989,-23.174674007999954,0],[-46.123886433999985,-23.17467203699988,0],[-46.123882063999986,-23.174670018999905,0],[-46.123877723999954,-23.174667947999978,0],[-46.12387341799996,-23.174665815999901,0],[-46.123869150999951,-23.174663617999897,0],[-46.123864930999957,-23.17466134499989,0],[-46.123860757999978,-23.17465899799987,0],[-46.12385661799982,-23.174656600999924,0],[-46.123852491999912,-23.174654183999905,0],[-46.123848359999954,-23.174651775999905,0],[-46.123844202999862,-23.174649405999958,0],[-46.123839999999973,-23.174647104999963,0],[-46.123835734999943,-23.174644903999933,0],[-46.123831407999944,-23.174642808999977,0],[-46.123827042999949,-23.174640783999962,0],[-46.123822659999917,-23.17463878999996,0],[-46.123818280999956,-23.174636788999976,0],[-46.12381391699995,-23.17463475999989,0],[-46.123809564999931,-23.174632709999912,0],[-46.123805220999941,-23.174630645999912,0],[-46.123800877999827,-23.174628578999943,0],[-46.123796509999977,-23.174626557999943,0],[-46.123792079999873,-23.174624656999981,0],[-46.123787556999957,-23.174622953999915,0],[-46.123782923999954,-23.174621525999953,0],[-46.123778203999905,-23.174620365999942,0],[-46.12377343299994,-23.174619399999983,0],[-46.123768635999909,-23.17461855099998,0],[-46.123763829999973,-23.174617744999921,0],[-46.123759029999917,-23.174616906999859,0],[-46.123754253999948,-23.174615963999941,0],[-46.123749521999912,-23.174614844999951,0],[-46.123744866999971,-23.174613481999927,0],[-46.123740322999879,-23.174611825999875,0],[-46.123735917999966,-23.174609876999966,0],[-46.123731674999874,-23.174607641999955,0],[-46.123727621999876,-23.174605123999925,0],[-46.123723791999907,-23.174602323999977,0],[-46.123720223999896,-23.174599240999896,0],[-46.123716968999986,-23.174595876999888,0],[-46.123714080999946,-23.174592236999956,0],[-46.123711512999876,-23.174588395999876,0],[-46.123709058999964,-23.174584491999951,0],[-46.123706499999912,-23.174580645999981,0],[-46.123703623999972,-23.174576998999953,0],[-46.123700211999846,-23.174573775999932,0],[-46.123696108999866,-23.174571350999884,0],[-46.123691494999946,-23.174569891999965,0],[-46.123686686999974,-23.174569107999901,0],[-46.123681822999913,-23.174568700999941,0],[-46.123676941999975,-23.174568546999922,0],[-46.123672057999897,-23.174568596999961,0],[-46.123667178999938,-23.174568797999939,0],[-46.123662304999982,-23.174569092999889,0],[-46.123657433999938,-23.174569426999938,0],[-46.123652561999904,-23.17456974299995,0],[-46.123647683999934,-23.17456998199998,0],[-46.12364280099996,-23.17457008599996,0],[-46.123637917999929,-23.174570009999968,0],[-46.123633040999948,-23.174569761999976,0],[-46.123628175999841,-23.174569360999897,0],[-46.123623325999972,-23.174568826999973,0],[-46.123618491999935,-23.174568178999891,0],[-46.123613674999945,-23.174567434999915,0],[-46.12360887199992,-23.174566612999968,0],[-46.123604081999986,-23.17456572899988,0],[-46.123599301999946,-23.174564799999814,0],[-46.123594529999878,-23.174563835999891,0],[-46.12358976399986,-23.174562848999983,0],[-46.123584999999821,-23.174561851999897,0],[-46.123580235999952,-23.174560854999925,0],[-46.123575468999832,-23.174559870999929,0],[-46.123570695999945,-23.174558911999952,0],[-46.123565915999905,-23.174557982999943,0],[-46.123561134999875,-23.174557058999881,0],[-46.123556362999921,-23.174556096999879,0],[-46.123551609999879,-23.174555054999871,0],[-46.123546889999943,-23.174553892999882,0],[-46.123542220999923,-23.174552568999957,0],[-46.123537615999965,-23.1745510639999,0],[-46.123533086999942,-23.17454937499997,0],[-46.12352864199994,-23.174547501999882,0],[-46.123524293999935,-23.174545445999968,0],[-46.123520052999936,-23.174543206999886,0],[-46.123515931999975,-23.174540782999941,0],[-46.123511962999885,-23.174538152999901,0],[-46.123508192999964,-23.174535282999955,0],[-46.123504678999836,-23.174532147999969,0],[-46.123501416999829,-23.174528787999918,0],[-46.123498327999926,-23.174525289999906,0],[-46.12349532199994,-23.174521729999981,0],[-46.123492304999957,-23.174518178999961,0],[-46.123489182999947,-23.174514706999844,0],[-46.123485860999949,-23.174511396999833,0],[-46.123482256999921,-23.174508351999918,0],[-46.123478324999951,-23.174505676999956,0],[-46.123474127999884,-23.174503368999979,0],[-46.123469756999953,-23.174501355999894,0],[-46.123465276999923,-23.174499557999923,0],[-46.123460733999934,-23.17449789799997,0],[-46.123456162999901,-23.174496306999913,0],[-46.123451575999979,-23.174494754999955,0],[-46.123446979999926,-23.174493224999935,0],[-46.12344238299994,-23.174491700999965,0],[-46.123437789999969,-23.174490163999963,0],[-46.12343320899987,-23.174488596999879,0],[-46.123428646999912,-23.174486983999941,0],[-46.123424108999984,-23.174485311999888,0],[-46.123419601999899,-23.174483572999918,0],[-46.123415128999966,-23.174481758999946,0],[-46.12341069699994,-23.174479860999952,0],[-46.123406311999929,-23.174477871999898,0],[-46.123401980999972,-23.174475782999821,0],[-46.123397713999964,-23.174473586999966,0],[-46.123393516999954,-23.174471277999885,0],[-46.123389399999951,-23.174468847999947,0],[-46.123385346999896,-23.174466326999834,0],[-46.123381299999949,-23.174463797999977,0],[-46.123377197999957,-23.174461346999976,0],[-46.123372983999957,-23.174459064999951,0],[-46.123368615999937,-23.17445704599993,0],[-46.123364106999929,-23.174455311999964,0],[-46.123359486999902,-23.174453848999974,0],[-46.123354781999865,-23.174452639999856,0],[-46.123350012999936,-23.174451665999868,0],[-46.123345197999981,-23.17445090699988,0],[-46.1233403519999,-23.174450345999844,0],[-46.123335486999963,-23.174449940999978,0],[-46.12333061999982,-23.174449562999939,0],[-46.123325766999926,-23.174449059999915,0],[-46.123320958999898,-23.17444827099996,0],[-46.123316265999961,-23.174447027999918,0],[-46.123311782999963,-23.174445242999866,0],[-46.123307488999956,-23.174443091999933,0],[-46.123303291999946,-23.17444078199992,0],[-46.123299079999981,-23.174438494999947,0],[-46.123294747999978,-23.174436410999931,0],[-46.123290259999919,-23.17443463099994,0],[-46.123285662999933,-23.174433106999913,0],[-46.123280998999974,-23.174431765999884,0],[-46.123276300999919,-23.174430530999871,0],[-46.123271583999895,-23.174429357999884,0],[-46.12326683699996,-23.174428297999953,0],[-46.123262044999933,-23.174427425999966,0],[-46.123257204999959,-23.174426824999955,0],[-46.123252328999911,-23.174426580999921,0],[-46.123247445999937,-23.174426660999927,0],[-46.123242562999906,-23.174426773999926,0],[-46.123237683999946,-23.174426598999901,0],[-46.123232872999893,-23.174425846999952,0],[-46.123228275999963,-23.174424340999906,0],[-46.123223931999974,-23.174422278999941,0],[-46.123219611999957,-23.17442017299993,0],[-46.12321496699991,-23.174418880999895,0],[-46.123210888999949,-23.174420994999878,0],[-46.123209028999952,-23.174425142999894,0],[-46.123208311999917,-23.174429604999887,0],[-46.123208229999818,-23.174434117999908,0],[-46.123208603999956,-23.174438618999943,0],[-46.123209370999916,-23.174443077999967,0],[-46.123210521999908,-23.174447464999957,0],[-46.123212011999954,-23.174451764999958,0],[-46.123213748999831,-23.174455985999941,0],[-46.123215628999901,-23.17446015399986,0],[-46.123217519999969,-23.174464316999945,0],[-46.123219146999986,-23.174468572999842,0],[-46.123219323999933,-23.17447300699996,0],[-46.123215327999958,-23.174475255999937,0],[-46.123210456999914,-23.174475454999879,0],[-46.123205591999977,-23.174475062999932,0],[-46.123200756999893,-23.174474421999946,0],[-46.123195942999871,-23.174473662999901,0],[-46.123191136999935,-23.174472855999909,0],[-46.123186329999953,-23.174472053999864,0],[-46.123181512999906,-23.174471306999976,0],[-46.123176680999961,-23.174470644999928,0],[-46.123171833999891,-23.174470093999957,0],[-46.123166969999943,-23.174469679999845,0],[-46.123162092999905,-23.174469438999893,0],[-46.123157209999931,-23.17446941399993,0],[-46.123152332999894,-23.174469660999932,0],[-46.12314749199993,-23.174470248999967,0],[-46.123142734999817,-23.174471262999873,0],[-46.123138141999959,-23.174472790999914,0],[-46.123133832999883,-23.174474907999922,0],[-46.123129950999896,-23.174477638999974,0],[-46.123126616999969,-23.174480931999881,0],[-46.123123832999852,-23.174484638999843,0],[-46.123121471999923,-23.174488590999886,0],[-46.123119406999933,-23.174492682999983,0],[-46.123117531999867,-23.174496852999937,0],[-46.123115760999895,-23.174501060999944,0],[-46.123114071999908,-23.174505297999929,0],[-46.123112553999874,-23.174509589999957,0],[-46.123111326999947,-23.174513959999956,0],[-46.123110554999982,-23.174518416999945,0],[-46.123110455999893,-23.174522926999884,0],[-46.123111285999983,-23.174527367999929,0],[-46.123113142999955,-23.174531535999904,0],[-46.123115758999973,-23.174535344999924,0],[-46.123118859999977,-23.174538831999882,0],[-46.123122261999981,-23.174542070999962,0],[-46.123125842999912,-23.174545141999943,0],[-46.123129515999949,-23.174548117999962,0],[-46.123133228999905,-23.174551051999913,0],[-46.12313699799995,-23.174553923999952,0],[-46.123140854999917,-23.174556694999922,0],[-46.123144825999816,-23.174559322999983,0],[-46.123148934999961,-23.174561763999918,0],[-46.123153191999961,-23.174563976999934,0],[-46.123157591999984,-23.174565934999976,0],[-46.123162126999887,-23.174567610999929,0],[-46.123166781999942,-23.174568974999886,0],[-46.123171538999884,-23.174569994999956,0],[-46.123176371999932,-23.174570636999931,0],[-46.12318124799998,-23.174570872999936,0],[-46.12318612599995,-23.174570678999942,0],[-46.1231909629999,-23.174570062999976,0],[-46.123195746999954,-23.174569153999983,0],[-46.123200498999893,-23.174568107999903,0],[-46.123205251999934,-23.174567067999931,0],[-46.123210042999972,-23.174566191999929,0],[-46.12321489299984,-23.174565679999887,0],[-46.123219768999888,-23.174565808999887,0],[-46.123224494999931,-23.174566900999878,0],[-46.123228782999831,-23.174569043999895,0],[-46.123232650999967,-23.174571798999921,0],[-46.123236310999914,-23.174574788999905,0],[-46.123239975999979,-23.174577773999886,0],[-46.123243834999926,-23.174580539999965,0],[-46.123247938999896,-23.174582984999972,0],[-46.123252251999986,-23.17458510299997,0],[-46.123256731999902,-23.174586899999952,0],[-46.123261339999942,-23.174588393999898,0],[-46.123266043999877,-23.174589608999895,0],[-46.123270814999955,-23.174590572999875,0],[-46.123275631999888,-23.174591315999976,0],[-46.123280479999949,-23.174591867999936,0],[-46.123285345999875,-23.174592255999926,0],[-46.123290222999856,-23.174592507999876,0],[-46.123295104999897,-23.174592648999976,0],[-46.123299988999861,-23.174592702999973,0],[-46.123304872999825,-23.174592694999887,0],[-46.123309756999959,-23.174592645999894,0],[-46.123314640999922,-23.174592571999881,0],[-46.123319523999953,-23.174592480999877,0],[-46.123324407999917,-23.174592384999983,0],[-46.123329290999891,-23.174592296999947,0],[-46.123334174999911,-23.174592225999959,0],[-46.123339058999875,-23.174592185999927,0],[-46.123343943999942,-23.17459218699986,0],[-46.123348827999905,-23.174592239999924,0],[-46.123353709999947,-23.174592356999938,0],[-46.123358589999896,-23.174592547999964,0],[-46.123363464999954,-23.174592840999821,0],[-46.123368326999923,-23.17459326199986,0],[-46.123373170999969,-23.174593842999968,0],[-46.123377982999898,-23.174594614999876,0],[-46.123382745999947,-23.174595611999962,0],[-46.123387436999906,-23.174596867999981,0],[-46.123392023999941,-23.174598417999903,0],[-46.123396473999946,-23.174600276999968,0],[-46.12340077999994,-23.174602406999895,0],[-46.123404949999951,-23.17460475799993,0],[-46.123408996999899,-23.174607284999865,0],[-46.123412942999948,-23.174609946999908,0],[-46.123416810999913,-23.174612704999959,0],[-46.123420624999881,-23.174615524999922,0],[-46.123424411999963,-23.174618376999888,0],[-46.123428197999885,-23.174621230999946,0],[-46.123432006999963,-23.174624057999893,0],[-46.123435853999979,-23.174626839999974,0],[-46.123439744999985,-23.174629569999922,0],[-46.123443681999959,-23.174632242999962,0],[-46.123447667999983,-23.17463485199994,0],[-46.123451706999958,-23.174637391999966,0],[-46.123455800999977,-23.174639854999896,0],[-46.123459951999962,-23.174642233999975,0],[-46.123464163999927,-23.174644520999834,0],[-46.123468436999929,-23.174646707999841,0],[-46.123472772999946,-23.174648785999921,0],[-46.123477172999969,-23.174650747999976,0],[-46.123481635999951,-23.174652581999965,0],[-46.123486160999903,-23.174654280999846,0],[-46.123490746999835,-23.174655834999953,0],[-46.12349538999996,-23.174657237999895,0],[-46.123500078999882,-23.174658499999907,0],[-46.12350480799995,-23.17465963199993,0],[-46.123509566999985,-23.174660647999929,0],[-46.123514350999926,-23.17466155999989,0],[-46.123519152999961,-23.174662381999894,0],[-46.123523970999941,-23.174663127999963,0],[-46.123528798999985,-23.174663809999913,0],[-46.123533634999831,-23.174664440999948,0],[-46.123538477999944,-23.174665033999929,0],[-46.123543322999922,-23.174665601999891,0],[-46.123548170999982,-23.174666155999944,0],[-46.123553017999939,-23.174666709999883,0],[-46.123557863999963,-23.174667274999933,0],[-46.123562707999838,-23.174667855999814,0],[-46.123567548999972,-23.17466845499996,0],[-46.123572387999843,-23.174669074999827,0],[-46.123577221999881,-23.174669717999961,0],[-46.12358205299995,-23.174670385999946,0],[-46.123586878999959,-23.174671080999815,0],[-46.123591700999839,-23.174671804999946,0],[-46.123596515999964,-23.174672560999909,0],[-46.123601324999925,-23.174673349999978,0],[-46.123606127999949,-23.174674174999893,0],[-46.123610921999898,-23.174675037999975,0],[-46.123615707999875,-23.174675940999862,0],[-46.1236204839999,-23.174676886999919,0],[-46.123625248999929,-23.174677877999841,0],[-46.123630002999903,-23.174678915999948,0],[-46.123634742999911,-23.174680002999935,0],[-46.123639469999887,-23.17468114199994,0],[-46.123644180999918,-23.174682334999943,0],[-46.123648874999958,-23.174683584999968,0],[-46.123653549999972,-23.174684892999892,0],[-46.123658203999923,-23.174686260999977,0],[-46.123662836999927,-23.174687692999953,0],[-46.123667444999967,-23.174689189999981,0],[-46.123672026999827,-23.174690752999936,0],[-46.123676580999927,-23.17469238599989,0],[-46.123681104999946,-23.174694088999956,0],[-46.123685597999952,-23.174695859999929,0],[-46.123690060999877,-23.174697694999963,0],[-46.123694493999892,-23.174699590999865,0],[-46.123698898999919,-23.174701542999912,0],[-46.123703274999912,-23.174703546999922,0],[-46.123707624999838,-23.174705601999904,0],[-46.123711948999926,-23.174707701999978,0],[-46.123716248999926,-23.174709842999903,0],[-46.123720526999932,-23.174712023999916,0],[-46.123724782999943,-23.174714239999901,0],[-46.123729018999938,-23.174716487999945,0],[-46.123733236999897,-23.17471876399992,0],[-46.1237374399999,-23.174721065999961,0],[-46.123741626999902,-23.17472338999994,0],[-46.123745802999963,-23.174725733999878,0],[-46.123749966999981,-23.174728093999931,0],[-46.123754122999969,-23.174730466999904,0],[-46.123758271999918,-23.174732849999941,0],[-46.12376241599992,-23.174735239999961,0],[-46.123766556999897,-23.174737635999975,0],[-46.123770695999895,-23.174740031999931,0],[-46.123774836999985,-23.174742427999945,0],[-46.123778979999884,-23.174744818999955,0],[-46.123783127999957,-23.174747203999971,0],[-46.123787282999956,-23.174749578999979,0],[-46.123791444999938,-23.17475194099984,0],[-46.123795618999907,-23.17475428799986,0],[-46.12379980399993,-23.174756615999968,0],[-46.123804001999986,-23.174758923999889,0],[-46.123808216999976,-23.174761205999971,0],[-46.123812449999889,-23.174763459999895,0],[-46.123816703999978,-23.174765677999915,0],[-46.123820984999895,-23.174767852999935,0],[-46.123825294999961,-23.174769977999915,0],[-46.123829636999972,-23.174772044999884,0],[-46.123834014999886,-23.174774046999971,0],[-46.1238384319999,-23.174775975999978,0],[-46.123842888999945,-23.174777822999943,0],[-46.123847387999945,-23.174779579999893,0],[-46.12385193199998,-23.174781236999934,0],[-46.12385652099988,-23.174782783999888,0],[-46.12386115299995,-23.17478421699991,0],[-46.12386582299996,-23.174785537999867,0],[-46.123870527999884,-23.174786751999875,0],[-46.123875260999853,-23.174787864999871,0],[-46.123880019999888,-23.17478888099987,0],[-46.123884800999917,-23.174789806999968,0],[-46.123889599999984,-23.174790648999931,0],[-46.123894413999949,-23.17479141299998,0],[-46.123899239999957,-23.174792104999881,0],[-46.123904077999839,-23.174792730999911,0],[-46.123908922999874,-23.174793297999884,0],[-46.123913775999938,-23.174793809999926,0],[-46.123918634999882,-23.174794274999954,0],[-46.123923497999954,-23.174794698999904,0],[-46.12392836399988,-23.17479508699995,0],[-46.123933232999946,-23.174795443999983,0],[-46.123938103999876,-23.174795777999918,0],[-46.123942976999956,-23.174796092999941,0],[-46.123947849999979,-23.174796395999977,0],[-46.123952723999935,-23.174796690999983,0],[-46.12395759799989,-23.17479698399984,0],[-46.12396247199996,-23.174797281999929,0],[-46.123967344999926,-23.174797588999979,0],[-46.12397221699996,-23.174797910999928,0],[-46.123977087999947,-23.174798253999938,0],[-46.123981955999966,-23.174798622999958,0],[-46.123986820999846,-23.174799023999981,0],[-46.123991681999883,-23.174799462999943,0],[-46.123996538999961,-23.174799944999904,0],[-46.124001388999886,-23.174800476999962,0],[-46.124006231999942,-23.174801063999894,0],[-46.12401106599998,-23.174801711999976,0],[-46.124015888999963,-23.174802424999939,0],[-46.124020701999882,-23.174803193999821,0],[-46.124025506999942,-23.174804007999967,0],[-46.124030303999973,-23.17480485699997,0],[-46.124035096999933,-23.174805727999853,0],[-46.124039886999981,-23.174806610999838,0],[-46.124041545999944,-23.174807256999884,0],[-46.124046190999877,-23.174808645999917,0],[-46.124050942999986,-23.174809690999894,0],[-46.124055730999942,-23.174810583999886,0],[-46.124060518999897,-23.174811476999878,0],[-46.124065272999928,-23.174812508999878,0],[-46.124069944999974,-23.174813823999898,0],[-46.124074457999882,-23.174815544999944,0],[-46.124078761999897,-23.174817675999861,0],[-46.124082820999888,-23.174820184999874,0],[-46.124086607999914,-23.174823033999928,0],[-46.124090105999869,-23.174826183999926,0],[-46.124093303999928,-23.174829595999938,0],[-46.1240961929999,-23.174833235999927,0],[-46.124098768999943,-23.174837071999946,0],[-46.124101025999948,-23.174841074999847,0],[-46.124102963999974,-23.174845218999906,0],[-46.124104603999911,-23.174849471999892,0],[-46.124105975999953,-23.174853805999931,0],[-46.124107115999948,-23.174858196999935,0],[-46.124108059999912,-23.174862626999925,0],[-46.124108845999899,-23.17486708399997,0],[-46.124109511999961,-23.17487155799995,0],[-46.12411009199991,-23.17487604199988,0],[-46.124110604999942,-23.174880531999975,0],[-46.124111056999823,-23.174885028999938,0],[-46.124111450999919,-23.174889529999859,0],[-46.124111793999873,-23.174894034999966,0],[-46.124112091999905,-23.17489854199988,0],[-46.124112348999915,-23.17490305199982,0],[-46.124112571999945,-23.17490756299992,0],[-46.124112765999939,-23.174912074999952,0],[-46.124112937999882,-23.174916587999974,0],[-46.124113091999902,-23.174921101999871,0],[-46.124113235999914,-23.174925615999825,0],[-46.124113373999933,-23.17493012999995,0],[-46.124113508999926,-23.174934643999961,0],[-46.124113641999941,-23.174939157999972,0],[-46.124113769999951,-23.174943672999973,0],[-46.124113892999958,-23.174948186999927,0],[-46.124114007999879,-23.174952701999928,0],[-46.124114115999873,-23.174957216999928,0],[-46.124114213999974,-23.174961731999872,0],[-46.124114300999906,-23.174966246999873,0],[-46.124114375999909,-23.17497076199993,0],[-46.124114437999935,-23.17497527799992,0],[-46.124114485999939,-23.174979792999864,0],[-46.124114517999942,-23.174984308999967,0],[-46.124114533999943,-23.1749888249999,0],[-46.124114530999918,-23.174993340999833,0],[-46.124114508999924,-23.174997856999937,0],[-46.124114465999924,-23.175002371999938,0],[-46.124114401999918,-23.175006887999871,0],[-46.124114308999935,-23.175011402999814,0],[-46.124114171999906,-23.175015916999939,0],[-46.124113973999954,-23.175020428999915,0],[-46.124113699999953,-23.175024937999979,0],[-46.124113329999943,-23.175029440999879,0],[-46.12411284999996,-23.175033934999817,0],[-46.12411224199991,-23.175038414999904,0],[-46.124111488999858,-23.175042876999953,0],[-46.124110574999975,-23.175047312999936,0],[-46.124109485999952,-23.175051714999938,0],[-46.124108215999854,-23.175056074999873,0],[-46.124106765999898,-23.175060386999974,0],[-46.124105138999937,-23.175064644999964,0],[-46.12410333299988,-23.175068839999938,0],[-46.124101350999979,-23.175072966999949,0],[-46.124099193999882,-23.1750770189999,0],[-46.124096863999966,-23.175080986999888,0],[-46.124094361999937,-23.175084865999963,0],[-46.124091691999979,-23.175088646999882,0],[-46.124088856999947,-23.175092322999944,0],[-46.124085854999976,-23.175095884999962,0],[-46.124082679999958,-23.175099315999887,0],[-46.124079322999933,-23.175102595999874,0],[-46.124075774999937,-23.175105698999971,0],[-46.124072030999969,-23.175108597999952,0],[-46.124068084999976,-23.175111257999902,0],[-46.124063937999836,-23.175113641999928,0],[-46.124059597999917,-23.175115710999933,0],[-46.124055094999903,-23.175117457999875,0],[-46.124050507999982,-23.1751190089999,0],[-46.124045906999925,-23.175120524999954,0],[-46.124041355999907,-23.175122162999912,0],[-46.1240369329999,-23.175124075999975,0],[-46.12403273599989,-23.175126381999917,0],[-46.124028819999921,-23.175129077999941,0],[-46.124025211999935,-23.175132118999954,0],[-46.124021941999899,-23.175135471999965,0],[-46.124019045999944,-23.175139105999904,0],[-46.124016570999913,-23.175142996999966,0],[-46.124014571999908,-23.175147113999856,0],[-46.124013110999954,-23.175151420999953,0],[-46.124012191999896,-23.175155853999968,0],[-46.12401177299995,-23.175160350999874,0],[-46.124011799999948,-23.175164864999886,0],[-46.124012211999968,-23.175169363999828,0],[-46.124012952999976,-23.175173826999924,0],[-46.124013971999943,-23.175178242999948,0],[-46.124015225999983,-23.175182606999954,0],[-46.12401667599994,-23.175186918999941,0],[-46.124018289999981,-23.175191180999946,0],[-46.124020038999845,-23.175195397999914,0],[-46.124021895999817,-23.175199573999919,0],[-46.124023831999978,-23.175203719999899,0],[-46.124025812999946,-23.1752078479999,0],[-46.124027804999969,-23.175211971999886,0],[-46.124029770999925,-23.175216104999947,0],[-46.12403168599991,-23.175220258999957,0],[-46.124033561999966,-23.175224428999854,0],[-46.12403541599997,-23.175228606999951,0],[-46.124037263999924,-23.175232786999914,0],[-46.124039124999911,-23.175236961999929,0],[-46.124041015999978,-23.175241125999889,0],[-46.124042951999968,-23.17524527199987,0],[-46.124044948999938,-23.175249392999945,0],[-46.124047005999955,-23.175253488999942,0],[-46.124049120999928,-23.17525755999992,0],[-46.124051292999923,-23.175261604999889,0],[-46.124053517999926,-23.175265624999952,0],[-46.124055793999958,-23.175269619999938,0],[-46.124058119999972,-23.175273590999836,0],[-46.124060491999899,-23.175277538999978,0],[-46.124062906999939,-23.175281463999966,0],[-46.124065357999939,-23.175285369999926,0],[-46.124067841999874,-23.175289258999953,0],[-46.124070351999933,-23.175293131999922,0],[-46.124072884999862,-23.175296993999893,0],[-46.124075433999963,-23.175300845999971,0],[-46.124077995999926,-23.175304690999837,0],[-46.124080564999986,-23.175308531999974,0],[-46.1240831369999,-23.175312370999848,0],[-46.12408570599996,-23.175316211999814,0],[-46.12408826799998,-23.175320055999862,0],[-46.1240908179999,-23.175323907999825,0],[-46.124093351999932,-23.175327768999978,0],[-46.12409586299998,-23.175331641999946,0],[-46.124098348999837,-23.175335528999881,0],[-46.12410080199993,-23.175339433999966,0],[-46.124103218999949,-23.175343357999907,0],[-46.124105594999889,-23.175347303999899,0],[-46.124107923999929,-23.175351273999979,0],[-46.12411020199994,-23.175355267999919,0],[-46.124112434999915,-23.1753592849999,0],[-46.12411463299992,-23.175363317999881,0],[-46.124116804999858,-23.175367361999974,0],[-46.124118960999965,-23.175371414999915,0],[-46.124121110999965,-23.175375468999903,0],[-46.124123264999923,-23.175379521999901,0],[-46.124125432999961,-23.175383568999962,0],[-46.124127624999971,-23.175387603999923,0],[-46.124129850999964,-23.175391623999928,0],[-46.124132119999956,-23.175395622999872,0],[-46.124134442999889,-23.175399595999977,0],[-46.124136827999905,-23.175403535999919,0],[-46.124139285999945,-23.175407438999969,0],[-46.12414182599997,-23.175411295999936,0],[-46.124144454999907,-23.175415101999931,0],[-46.12414718399998,-23.175418846999946,0],[-46.124150017999852,-23.175422524999817,0],[-46.124152964999894,-23.175426125999934,0],[-46.124156029999881,-23.17542964199987,0],[-46.124159212999984,-23.175433066999972,0],[-46.124162511999884,-23.175436396999885,0],[-46.124165923999897,-23.175439627999879,0],[-46.124169446999929,-23.175442755999882,0],[-46.124173079999878,-23.175445773999968,0],[-46.124176819999946,-23.175448677999952,0],[-46.124180667999894,-23.175451458999873,0],[-46.12418462099987,-23.175454111999954,0],[-46.124188668999921,-23.175456638999947,0],[-46.12419279799991,-23.175459050999905,0],[-46.124196992999828,-23.175461362999897,0],[-46.124201242999902,-23.175463588999946,0],[-46.124205533999827,-23.175465745999929,0],[-46.124209855999936,-23.175467849999905,0],[-46.124214198999937,-23.17546991699993,0],[-46.124218551999945,-23.175471964999929,0],[-46.124222897999914,-23.175474026999893,0],[-46.124227211999937,-23.175476144999891,0],[-46.124231467999948,-23.175478359999886,0],[-46.12423563599998,-23.175480714999935,0],[-46.124239671999874,-23.175483256999939,0],[-46.124243517999957,-23.175486038999907,0],[-46.124247094999873,-23.17548911099982,0],[-46.124250294999968,-23.175492518999931,0],[-46.124252984999941,-23.175496283999962,0],[-46.124255073999905,-23.175500362999969,0],[-46.124256625999976,-23.175504641999964,0],[-46.124257758999875,-23.175509033999958,0],[-46.124258588999965,-23.175513483999964,0],[-46.124259218999896,-23.175517961999958,0],[-46.124259741999936,-23.175522451999825,0],[-46.124260240999888,-23.175526943999841,0],[-46.124260793999952,-23.175531430999854,0],[-46.124261483999931,-23.175535900999932,0],[-46.124262383999906,-23.175540338999951,0],[-46.124263493999933,-23.175544735999893,0],[-46.124264784999923,-23.175549091999983,0],[-46.124266224999872,-23.175553406999882,0],[-46.124267779999911,-23.17555768699998,0],[-46.124269416999937,-23.175561941999888,0],[-46.12427110099992,-23.175566180999965,0],[-46.124272797999879,-23.175570415999971,0],[-46.124274485999933,-23.175574652999956,0],[-46.124276169999973,-23.175578891999976,0],[-46.124277863999964,-23.175583127999971,0],[-46.124279579999893,-23.175587355999937,0],[-46.124281329999974,-23.17559157199986,0],[-46.124283126999956,-23.175595770999848,0],[-46.124284981999892,-23.175599948999945,0],[-46.124286905999895,-23.175604098999827,0],[-46.124288902999979,-23.175608219999901,0],[-46.124290971999983,-23.175612310999952,0],[-46.124293110999986,-23.175616370999933,0],[-46.124295319999874,-23.175620398999911,0],[-46.124297597999885,-23.175624392999907,0],[-46.124299942999983,-23.175628353999969,0],[-46.12430235599993,-23.175632280999935,0],[-46.124304833999872,-23.175636171999884,0],[-46.124307377999969,-23.175640026999872,0],[-46.124309985999957,-23.1756438459999,0],[-46.124312656999962,-23.175647625999943,0],[-46.124315390999925,-23.175651368999922,0],[-46.124318185999982,-23.17565507199987,0],[-46.124321040999973,-23.175658735999889,0],[-46.124323956999945,-23.175662358999944,0],[-46.124326930999985,-23.175665940999977,0],[-46.124329963999969,-23.175669480999886,0],[-46.124333052999873,-23.175672978999842,0],[-46.12433619899997,-23.175676432999865,0],[-46.124339399999883,-23.175679843999944,0],[-46.124342655999953,-23.175683209999875,0],[-46.124345965999964,-23.175686531999872,0],[-46.124349330999905,-23.175689804999877,0],[-46.124352758999919,-23.175693021999905,0],[-46.124356256999931,-23.175696172999892,0],[-46.124359833999961,-23.175699247999887,0],[-46.124363496999933,-23.17570223499996,0],[-46.124367251999956,-23.175705122999943,0],[-46.12437110399992,-23.175707898999974,0],[-46.124375057999885,-23.175710549999906,0],[-46.124379116999876,-23.175713061999943,0],[-46.12438328199994,-23.17571541999996,0],[-46.124387553999952,-23.175717609999879,0],[-46.124391923999951,-23.175719624999886,0],[-46.124396367999964,-23.175721497999859,0],[-46.124400854999976,-23.175723282999911,0],[-46.124405359999912,-23.175725027999874,0],[-46.124409858999854,-23.175726786999917,0],[-46.124414326999954,-23.17572861199983,0],[-46.124418735999882,-23.175730553999983,0],[-46.124423050999951,-23.175732668999899,0],[-46.124427227999945,-23.17573500799989,0],[-46.124431211999934,-23.17573761899996,0],[-46.124434942999983,-23.175740531999907,0],[-46.124438396999892,-23.175743722999925,0],[-46.124441582999907,-23.175747144999946,0],[-46.12444451499988,-23.175750755999957,0],[-46.124447210999904,-23.175754520999931,0],[-46.124449686999867,-23.175758412999983,0],[-46.124451960999977,-23.175762408999958,0],[-46.124454046999972,-23.175766491999923,0],[-46.124455954999917,-23.175770648999844,0],[-46.124457691999908,-23.175774868999838,0],[-46.124459266999963,-23.175779143999932,0],[-46.124460691999957,-23.175783462999902,0],[-46.124461977999886,-23.175787818999936,0],[-46.124463136999907,-23.175792205999926,0],[-46.124464181999883,-23.175796616999946,0],[-46.124465127999883,-23.175801047999869,0],[-46.124465985999962,-23.175805492999871,0],[-46.124466771999948,-23.175809949999973,0],[-46.124467496999898,-23.17581441599998,0],[-46.124468176999983,-23.175818887999924,0],[-46.124468820999937,-23.175823363999939,0],[-46.12446943599997,-23.175827843999969,0],[-46.124470024999937,-23.175832326999966,0],[-46.124470593999888,-23.175836811999886,0],[-46.124471145999962,-23.175841298999899,0],[-46.124471686999982,-23.175845787999947,0],[-46.124472220999962,-23.175850275999949,0],[-46.124472750999985,-23.175854765999873,0],[-46.124473283999862,-23.175859253999874,0],[-46.124473823999892,-23.175863742999979,0],[-46.124474373999931,-23.175868229999935,0],[-46.124474939999914,-23.175872714999912,0],[-46.124475518999873,-23.175877198999956,0],[-46.124476111999911,-23.175881681999954,0],[-46.124476716999879,-23.175886162999973,0],[-46.124477333999948,-23.175890642999889,0],[-46.124477960999968,-23.17589512099994,0],[-46.12447859699995,-23.175899598999933,0],[-46.124479241999893,-23.175904074999949,0],[-46.124479893999876,-23.175908549999974,0],[-46.124480551999909,-23.175913024999886,0],[-46.124481210999875,-23.175917499999912,0],[-46.124481862999971,-23.175921974999937,0],[-46.124482501999978,-23.175926451999942,0],[-46.124483118999876,-23.175930931999972,0],[-46.1244837079999,-23.175935414999969,0],[-46.124484261999953,-23.175939901999982,0],[-46.124484779999932,-23.175944391999906,0],[-46.124485302999972,-23.175948881999943,0],[-46.124485893999918,-23.175953364999941,0],[-46.124486612999874,-23.175957830999948,0],[-46.12448752499995,-23.175962266999875,0],[-46.124488694999968,-23.175966650999897,0],[-46.124490185999946,-23.175970949999964,0],[-46.124492052999983,-23.175975120999965,0],[-46.124494329999891,-23.175979114999961,0],[-46.124496996999937,-23.17598289599988,0],[-46.12450002199995,-23.175986439999917,0],[-46.124503382999933,-23.175989714999957,0],[-46.124507057999892,-23.175992686999905,0],[-46.124511026999983,-23.175995314999966,0],[-46.124515262999978,-23.175997559999871,0],[-46.124519705999887,-23.175999432999959,0],[-46.124524294999901,-23.176000977999877,0],[-46.124528979999923,-23.176002250999886,0],[-46.124533728999893,-23.176003305999927,0],[-46.124538516999905,-23.176004198999976,0],[-46.124543327999959,-23.17600497899997,0],[-46.124548154999843,-23.176005671999917,0],[-46.124552991999963,-23.176006300999973,0],[-46.124557833999916,-23.17600688899995,0],[-46.124562679999883,-23.176007460999983,0],[-46.124567523999929,-23.176008038999953,0],[-46.12457236399996,-23.1760086459999,0],[-46.124577196999951,-23.176009298999872,0],[-46.124582030999875,-23.176009949999923,0],[-46.124586878999935,-23.176010492999978,0],[-46.124591750999969,-23.176010807999887,0],[-46.124433479999936,-23.176077483999904,0],[-46.124392444999899,-23.176051312999959,0],[-46.124049527999887,-23.175607253999885,0],[-46.123964559999933,-23.175523349999878,0],[-46.123965317999932,-23.175523366999982,0],[-46.123970199999974,-23.175523498999894,0],[-46.123975080999855,-23.175523677999934,0],[-46.123979957999893,-23.175523910999857,0],[-46.123984832999952,-23.175524197999948,0],[-46.123989707999897,-23.175524474999975,0],[-46.123994588999949,-23.175524641999914,0],[-46.123999472999913,-23.17552459399991,0],[-46.124004336999974,-23.175524203999942,0],[-46.124009123999826,-23.175523322999879,0],[-46.124013712999954,-23.175521791999927,0],[-46.124017936999849,-23.175519534999921,0],[-46.124021738999886,-23.175516705999883,0],[-46.124025159999974,-23.175513484999954,0],[-46.124028270999986,-23.175510004999921,0],[-46.124031145999936,-23.175506354999982,0],[-46.124033855999983,-23.175502597999866,0],[-46.124036460999946,-23.175498777999906,0],[-46.124038972999983,-23.175494904999937,0],[-46.124041390999935,-23.175490980999882,0],[-46.12404370899992,-23.175487006999901,0],[-46.124045925999951,-23.175482982999938,0],[-46.124048038999945,-23.17547891199996,0],[-46.124050047999901,-23.175474795999946,0],[-46.124051953999981,-23.175470637999979,0],[-46.124053755999967,-23.175466440999969,0],[-46.124055458999919,-23.175462207999885,0],[-46.124057064999874,-23.175457942999969,0],[-46.124058576999914,-23.175453649999895,0],[-46.124059999999929,-23.175449329999879,0],[-46.124061319999953,-23.175444981999874,0],[-46.124062504999984,-23.175440600999877,0],[-46.124063524999883,-23.175436184999967,0],[-46.12406434199994,-23.175431732999868,0],[-46.124064913999916,-23.175427248999938,0],[-46.124065194999957,-23.17542274099992,0],[-46.124065132999931,-23.175418226999966,0],[-46.124064671999975,-23.175413731999981,0],[-46.124063760999888,-23.175409297999977,0],[-46.124062404999961,-23.17540496099997,0],[-46.124060658999895,-23.175400743999944,0],[-46.124058584999943,-23.175396656999965,0],[-46.124056239999902,-23.175392695999903,0],[-46.124053673999981,-23.175388853999948,0],[-46.124050930999886,-23.175385117999895,0],[-46.12404804799985,-23.175381472999959,0],[-46.124045058999968,-23.175377901999923,0],[-46.124041989999967,-23.175374387999909,0],[-46.124038867999957,-23.175370914999974,0],[-46.124035712999898,-23.175367467999877,0],[-46.124032519999901,-23.175364049999928,0],[-46.124029279999888,-23.175360670999851,0],[-46.124025981999978,-23.175357339999948,0],[-46.124022614999944,-23.175354068999923,0],[-46.124019168999951,-23.175350868999942,0],[-46.124015633999932,-23.175347751999936,0],[-46.124012002999962,-23.175344731999928,0],[-46.124008268999944,-23.175341820999961,0],[-46.124004424999953,-23.175339034999922,0],[-46.124000468999895,-23.175336386999959,0],[-46.123996409999904,-23.175333874999922,0],[-46.123992266999949,-23.175331483999912,0],[-46.123988057999952,-23.175329192999982,0],[-46.123983797999927,-23.175326982999877,0],[-46.123979501999941,-23.175324834999969,0],[-46.123975180999935,-23.175322728999902,0],[-46.123970846999953,-23.175320645999932,0],[-46.123966511999924,-23.175318564999827,0],[-46.123962185999915,-23.175316468999938,0],[-46.123957879999921,-23.175314337999907,0],[-46.12395360599993,-23.1753121509999,0],[-46.123949377999963,-23.175309889999824,0],[-46.123945209999931,-23.175307535999877,0],[-46.12394111899988,-23.175305068999933,0],[-46.123937124999884,-23.175302469999906,0],[-46.123933247999958,-23.175299722999966,0],[-46.123929513999883,-23.175296812999875,0],[-46.123925946999975,-23.175293728999975,0],[-46.123922573999948,-23.175290462999897,0],[-46.123919407999949,-23.175287024999875,0],[-46.123916451999889,-23.175283430999855,0],[-46.123913708999908,-23.175279694999972,0],[-46.12391117999988,-23.175275831999954,0],[-46.123908870999969,-23.17527185299997,0],[-46.123906784999974,-23.175267769999891,0],[-46.123904927999888,-23.175263593999887,0],[-46.12390328999993,-23.175259339999968,0],[-46.123901856999908,-23.175255023999966,0],[-46.123900612999819,-23.175250656999879,0],[-46.123899538999979,-23.175246251999965,0],[-46.12389861999992,-23.175241816999971,0],[-46.123897835999855,-23.175237358999937,0],[-46.123897168999974,-23.175232885999947,0],[-46.123896603999924,-23.17522839999998,0],[-46.123896120999973,-23.175223906999975,0],[-46.12389570299996,-23.175219406999872,0],[-46.123895324999978,-23.175214904999962,0],[-46.123894951999887,-23.175210401999948,0],[-46.123894549999932,-23.175205901999902,0],[-46.123894085999893,-23.175201406999975,0],[-46.123893525999961,-23.175196919999962,0],[-46.123892842999965,-23.175192448999951,0],[-46.123892010999896,-23.175187998999945,0],[-46.123891001999823,-23.175183580999942,0],[-46.123889772999974,-23.175179210999943,0],[-46.123888271999931,-23.175174913999911,0],[-46.123886441999957,-23.175170728999944,0],[-46.123884213999986,-23.175166711999964,0],[-46.123881519999941,-23.175162948999912,0],[-46.123878303999902,-23.17515955499988,0],[-46.123874572999966,-23.175156646999937,0],[-46.12387044999997,-23.175154230999908,0],[-46.123866060999887,-23.175152252999908,0],[-46.123861498999872,-23.175150643999871,0],[-46.123856824999905,-23.175149333999968,0],[-46.123852080999882,-23.175148263999859,0],[-46.123847290999947,-23.175147378999952,0],[-46.123842472999968,-23.175146635999965,0],[-46.123837634999916,-23.175146014999939,0],[-46.123832780999976,-23.175145511999972,0],[-46.123827915999925,-23.175145119999968,0],[-46.12382304099998,-23.175144829999908,0],[-46.123818161999907,-23.175144632999888,0],[-46.123813278999876,-23.175144520999879,0],[-46.123789221999914,-23.174912967999944,0],[-46.123429544999908,-23.174825800999827,0],[-46.123113416999956,-23.174811978999912,0],[-46.122917809999933,-23.174844949999965,0],[-46.122623112999975,-23.174356602999978,0],[-46.122506710999971,-23.174131387999921,0],[-46.122241541999927,-23.173876514999961,0],[-46.121881041999984,-23.173584566999978,0],[-46.121611486999939,-23.173443229999918,0],[-46.121564320999937,-23.17319339699992,0],[-46.121549094999921,-23.17303795499987,0],[-46.12160209599989,-23.172796918999893,0],[-46.121952015999966,-23.172960163999903,0],[-46.122299823999981,-23.173107851999873,0],[-46.122534816999973,-23.173367285999916,0],[-46.122613391999892,-23.173455070999921,0],[-46.12269340499995,-23.173534089999976,0],[-46.12306461299994,-23.173600669999871,0],[-46.123217803999978,-23.174051485999883,0],[-46.123808850999865,-23.174355225999875,0],[-46.124148616999889,-23.174376797999969,0],[-46.124344444999963,-23.174192717999915,0],[-46.124865730999829,-23.174231905999875,0],[-46.124925291999944,-23.173947774999931,0],[-46.125099278999983,-23.173634393999919,0],[-46.125031004999983,-23.173303947999955,0],[-46.124784290999912,-23.172922101999973,0],[-46.124740927999881,-23.172834673999944,0],[-46.124838398999941,-23.172598015999881,0],[-46.124961379999945,-23.172537019999879,0],[-46.125114030999953,-23.172671481999942,0],[-46.125265765999984,-23.172712667999974,0],[-46.125343518999898,-23.172724521999953,0],[-46.125521531999823,-23.172950278999963,0],[-46.125692154999967,-23.172384574999967,0]]],[[[-46.139118891999885,-23.172137077999935,0],[-46.1391456959999,-23.172118338999894,0],[-46.139158530999964,-23.172076764999929,0],[-46.139155865999953,-23.172000766999929,0],[-46.13908697599993,-23.171796347999873,0],[-46.139161216999923,-23.171798366999951,0],[-46.139200209999956,-23.171829000999935,0],[-46.139334669999982,-23.171942183999874,0],[-46.139292000999944,-23.172101663999911,0],[-46.139279518999956,-23.172151546999885,0],[-46.139214250999885,-23.172237976999952,0],[-46.139049720999935,-23.172301370999946,0],[-46.138838330999874,-23.172279461999892,0],[-46.138797861999876,-23.172272907999968,0],[-46.138460381999948,-23.172176853999929,0],[-46.138055189999932,-23.172291852999933,0],[-46.137863967999976,-23.172403379999935,0],[-46.137702516999866,-23.172502904999931,0],[-46.137422802999879,-23.172840645999884,0],[-46.137250284999936,-23.173206269999923,0],[-46.137184807999915,-23.173300540999833,0],[-46.137118458999964,-23.173430330999906,0],[-46.137082214999964,-23.173553906999928,0],[-46.137063411999918,-23.173702158999845,0],[-46.137062070999889,-23.173818725999979,0],[-46.137074948999896,-23.173910334999903,0],[-46.137099650999971,-23.174047407999979,0],[-46.13710003999995,-23.17414317999993,0],[-46.137091069999883,-23.174237845999926,0],[-46.137089090999893,-23.174278793999861,0],[-46.137099331999934,-23.174503435999952,0],[-46.13711131599996,-23.174545953999939,0],[-46.137160592999976,-23.174673309999889,0],[-46.137226498999894,-23.174819369999909,0],[-46.137202957999932,-23.174864744999923,0],[-46.137066744999913,-23.175109691999864,0],[-46.136921790999907,-23.175438266999947,0],[-46.136815279999894,-23.175598134999973,0],[-46.136752344999934,-23.175733237999964,0],[-46.136724076999883,-23.175810042999899,0],[-46.136687335999966,-23.175946627999906,0],[-46.136662170999955,-23.176107461999891,0],[-46.136647190999952,-23.176353430999939,0],[-46.136630023999942,-23.176471178999975,0],[-46.136616425999875,-23.176659702999928,0],[-46.136599080999872,-23.176800329999935,0],[-46.136544710999885,-23.177050935999887,0],[-46.136532619999969,-23.17723290999993,0],[-46.13653792599996,-23.177457497999967,0],[-46.136419685999954,-23.177466497999887,0],[-46.136286159999827,-23.177473790999898,0],[-46.136284866999972,-23.177464948999955,0],[-46.136283421999963,-23.17745787299998,0],[-46.136281395999958,-23.177448525999921,0],[-46.136280578999958,-23.177444582999954,0],[-46.136279754999919,-23.177440131999958,0],[-46.136279079999952,-23.177435659999958,0],[-46.136278597999819,-23.177431166999895,0],[-46.13627834499988,-23.177426656999899,0],[-46.136278353999955,-23.177422141999955,0],[-46.136278652999977,-23.17741763499987,0],[-46.136279264999985,-23.177413155999943,0],[-46.136280204999935,-23.177408724999907,0],[-46.136281476999955,-23.177404366999838,0],[-46.136283007999907,-23.177400077999835,0],[-46.136285706999956,-23.17739268899993,0],[-46.136286991999896,-23.177384495999945,0],[-46.136284036999825,-23.17737842199989,0],[-46.136281118999932,-23.177374806999978,0],[-46.136277721999932,-23.177371563999941,0],[-46.136274097999888,-23.177368537999882,0],[-46.136270387999957,-23.177365599999916,0],[-46.1362666899999,-23.17736264999985,0],[-46.136263085999872,-23.177359602999957,0],[-46.136259659999951,-23.177356384999939,0],[-46.136256505999938,-23.177352937999842,0],[-46.136253738999983,-23.177349219999883,0],[-46.136251568999967,-23.177345179999975,0],[-46.136250404999885,-23.177340808999816,0],[-46.136250885999914,-23.17733634599989,0],[-46.136253097999941,-23.177332336999825,0],[-46.136256063999895,-23.17732875199988,0],[-46.136261416999901,-23.177322662999927,0],[-46.136264060999963,-23.177315359999909,0],[-46.136262148999947,-23.177308356999959,0],[-46.136259474999918,-23.177302531999942,0],[-46.136253791999877,-23.177294319999874,0],[-46.136247513999933,-23.177287434999926,0],[-46.136240148999946,-23.17728206299995,0],[-46.136241508999944,-23.177279222999971,0],[-46.136244114999897,-23.177275419999887,0],[-46.136247999999966,-23.177272732999938,0],[-46.136252630999877,-23.177271337999912,0],[-46.136257491999913,-23.177270997999983,0],[-46.136262336999891,-23.177271529999928,0],[-46.136267084999929,-23.177272586999948,0],[-46.136275159999968,-23.17727464099994,0],[-46.136283951999985,-23.177275483999892,0],[-46.136293852999927,-23.177273555999932,0],[-46.136301065999817,-23.177268344999959,0],[-46.136303976999955,-23.177261679999845,0],[-46.136305198999878,-23.177257308999913,0],[-46.13630610499996,-23.177252871999826,0],[-46.136307311999985,-23.177246170999979,0],[-46.136308705999909,-23.177237238999965,0],[-46.13630988299991,-23.17722828199993,0],[-46.136310838999975,-23.17721930499988,0],[-46.136311575999969,-23.177210310999953,0],[-46.136312099999941,-23.177201304999983,0],[-46.136312417999932,-23.177192290999983,0],[-46.136312545999942,-23.177183273999901,0],[-46.136312500999964,-23.17717425799998,0],[-46.136312308999948,-23.17716554499998,0],[-46.136312061999945,-23.177158380999913,0],[-46.136311704999969,-23.177148765999902,0],[-46.136311565999961,-23.177144840999858,0],[-46.136311426999953,-23.177140326999904,0],[-46.136311317999969,-23.177135811999904,0],[-46.136311250999938,-23.17713129699996,0],[-46.136311235999926,-23.17712678099997,0],[-46.136311284999863,-23.177122264999923,0],[-46.13631140799987,-23.177117750999912,0],[-46.136311617999979,-23.17711323899988,0],[-46.136311926999895,-23.177108732999955,0],[-46.136312347999933,-23.177104233999955,0],[-46.136312892999968,-23.177099745999953,0],[-46.136313576999953,-23.177095274999942,0],[-46.136314411999933,-23.177090825999983,0],[-46.136315411999931,-23.177086405999887,0],[-46.136316590999854,-23.177082023999901,0],[-46.136317960999975,-23.177077689999976,0],[-46.136319524999919,-23.17707341199997,0],[-46.136321267999961,-23.177069193999898,0],[-46.13632317399987,-23.177065035999931,0],[-46.13632522499995,-23.17706093799984,0],[-46.136327402999939,-23.177056895999954,0],[-46.136329691999947,-23.177052906999961,0],[-46.136332075999974,-23.177048965999916,0],[-46.13633454099994,-23.177045066999938,0],[-46.136337072999936,-23.177041204999966,0],[-46.136339657999883,-23.177037373999951,0],[-46.136342284999955,-23.177033565999977,0],[-46.136344940999891,-23.177029775999927,0],[-46.136347613999931,-23.177025996999873,0],[-46.13635240799988,-23.177019245999929,0],[-46.136357196999938,-23.177012434999824,0],[-46.136362310999971,-23.177004918999899,0],[-46.136367267999958,-23.176997203999974,0],[-46.136371928999893,-23.176989299999946,0],[-46.136376165999877,-23.176981181999906,0],[-46.136379837999925,-23.176972827999919,0],[-46.136382780999895,-23.176964231999932,0],[-46.136384792999877,-23.176955532999898,0],[-46.136385822999898,-23.17694660899997,0],[-46.136385979999886,-23.17693760099985,0],[-46.136385424999958,-23.176928607999969,0],[-46.136384320999866,-23.176919667999982,0],[-46.136382817999902,-23.176910807999946,0],[-46.136381063999863,-23.176902080999923,0],[-46.13637887099992,-23.176892068999905,0],[-46.136376870999868,-23.176883575999909,0],[-46.136374421999847,-23.176874982999891,0],[-46.136371206999911,-23.176866511999833,0],[-46.136366873999918,-23.176858468999967,0],[-46.136361233999821,-23.17685144699999,0],[-46.136355672999969,-23.17684681999998,0],[-46.136351848999936,-23.176844010999901,0],[-46.136343339999939,-23.176838153999881,0],[-46.136340144999849,-23.176835860999972,0],[-46.136336447999895,-23.176832910999963,0],[-46.136333005999973,-23.176829707999957,0],[-46.136329820999947,-23.17682628599988,0],[-46.136326843999882,-23.176822705999939,0],[-46.136324016999936,-23.176819023999883,0],[-46.136321276999979,-23.176815284999918,0],[-46.136316606999856,-23.176808833999928,0],[-46.136311518999946,-23.176802322999947,0],[-46.136306756999943,-23.176797156999953,0],[-46.136303483999939,-23.176793804999932,0],[-46.136300147999918,-23.176790505999918,0],[-46.136296790999893,-23.176787225999931,0],[-46.136293451999961,-23.176783929999942,0],[-46.136290173999953,-23.176780581999935,0],[-46.136287004999986,-23.176777146999882,0],[-46.136283995999975,-23.176773589999868,0],[-46.136281200999861,-23.176769886999921,0],[-46.136278633999893,-23.176766045999955,0],[-46.136276294999959,-23.176762081999982,0],[-46.136274180999976,-23.176758011999823,0],[-46.136272285999894,-23.176753849999898,0],[-46.136270599999932,-23.176749611999924,0],[-46.136269112999912,-23.176745310999934,0],[-46.136267812999904,-23.176740957999925,0],[-46.136266686999875,-23.176736563999896,0],[-46.136265721999905,-23.176732137999977,0],[-46.136264905999951,-23.176727685999879,0],[-46.136264224999877,-23.176723213999878,0],[-46.13626366699998,-23.176718727999969,0],[-46.136263221999968,-23.176714230999949,0],[-46.136262876999922,-23.176709725999899,0],[-46.136262622999936,-23.176705215999959,0],[-46.13626244999989,-23.176700702999881,0],[-46.136262346999899,-23.176696187999937,0],[-46.136262306999981,-23.176691672999937,0],[-46.136262319999958,-23.17668715699989,0],[-46.136262378999902,-23.176682640999957,0],[-46.136262475999899,-23.176678125999956,0],[-46.136262602999921,-23.176673611999945,0],[-46.136262750999947,-23.176669097999934,0],[-46.136262914999918,-23.176664584999912,0],[-46.136263250999946,-23.176655707999885,0],[-46.136263500999974,-23.176648764999925,0],[-46.136263752999923,-23.17664014099995,0],[-46.136263928999938,-23.176632987999938,0],[-46.136264034999954,-23.176628472999937,0],[-46.136264139999867,-23.176623957999936,0],[-46.136264246999986,-23.176619443999982,0],[-46.136264360999974,-23.176614928999982,0],[-46.136264485999959,-23.176610414999971,0],[-46.13626462499991,-23.176605900999959,0],[-46.136264783999934,-23.176601386999835,0],[-46.136264965999942,-23.176596873999983,0],[-46.136265175999938,-23.176592362999884,0],[-46.13626541799988,-23.176587851999955,0],[-46.136265696999885,-23.176583343999937,0],[-46.136266015999922,-23.176578837999898,0],[-46.136266381999974,-23.176574334999884,0],[-46.136266795999973,-23.176569834999952,0],[-46.136267264999958,-23.176565339999968,0],[-46.136267791999899,-23.17656085099992,0],[-46.136268380999866,-23.176556367999922,0],[-46.136269035999931,-23.176551892999896,0],[-46.136269759999891,-23.176547426999889,0],[-46.136270552999974,-23.176542970999947,0],[-46.136271403999956,-23.176538523999966,0],[-46.136272296999834,-23.176534083999968,0],[-46.136273218999975,-23.17652964999985,0],[-46.136274156999889,-23.176525217999938,0],[-46.136275734999913,-23.176517768999929,0],[-46.136277442999983,-23.176509369999962,0],[-46.13627904699996,-23.176500586999907,0],[-46.136280380999949,-23.176491698999882,0],[-46.136281096999937,-23.176484967999954,0],[-46.136284201999842,-23.176482928999974,0],[-46.136287307999908,-23.17648088899989,0],[-46.136290411999823,-23.176478845999895,0],[-46.136293514999977,-23.176476798999829,0],[-46.136296613999889,-23.176474748999908,0],[-46.136299709999946,-23.176472692999937,0],[-46.136302800999943,-23.176470630999916,0],[-46.136305886999935,-23.176468560999922,0],[-46.136308965999945,-23.176466482999956,0],[-46.136312038999904,-23.176464394999869,0],[-46.136315104999824,-23.176462296999944,0],[-46.136318161999895,-23.176460186999975,0],[-46.136321210999881,-23.176458063999974,0],[-46.13632424899987,-23.176455926999949,0],[-46.13632727699985,-23.17645377499997,0],[-46.136330293999833,-23.176451607999979,0],[-46.136333298999887,-23.176449422999951,0],[-46.136336290999964,-23.176447219999943,0],[-46.136339269999951,-23.176444997999965,0],[-46.136342233999926,-23.176442755999915,0],[-46.136345182999889,-23.176440492999916,0],[-46.136348116999955,-23.176438209999901,0],[-46.136351033999972,-23.176435904999892,0],[-46.136353932999839,-23.17643357999998,0],[-46.136356813999896,-23.176431233999949,0],[-46.13635967599987,-23.176428865999924,0],[-46.136362517999942,-23.176426477999939,0],[-46.136365339999884,-23.176424066999971,0],[-46.136368139999945,-23.176421635999873,0],[-46.136370917999898,-23.176419181999961,0],[-46.13637367299998,-23.17641670699993,0],[-46.136376402999986,-23.176414209999962,0],[-46.13637910999995,-23.176411689999952,0],[-46.136381789999916,-23.176409148999824,0],[-46.136384444999976,-23.176406584999881,0],[-46.136387071999934,-23.176403998999945,0],[-46.13638967199995,-23.176401389999967,0],[-46.136392242999875,-23.176398758999937,0],[-46.136394783999947,-23.176396104999981,0],[-46.136397294999938,-23.176393427999926,0],[-46.136399774999973,-23.176390726999898,0],[-46.136402222999834,-23.176388003999932,0],[-46.136404637999931,-23.176385257999982,0],[-46.136407019999979,-23.176382487999945,0],[-46.136409367999875,-23.176379693999877,0],[-46.136411679999981,-23.176376876999882,0],[-46.136413956999831,-23.176374035999913,0],[-46.136416195999914,-23.176371170999971,0],[-46.136418398999922,-23.176368281999885,0],[-46.136420562999945,-23.176365368999939,0],[-46.136422687999925,-23.176362431999962,0],[-46.136424772999931,-23.176359469999966,0],[-46.136426816999915,-23.176356483999882,0],[-46.136428819999878,-23.176353472999836,0],[-46.136430780999888,-23.17635043699994,0],[-46.136432699999943,-23.176347377999946,0],[-46.136434576999932,-23.176344296999957,0],[-46.136436412999899,-23.176341192999871,0],[-46.136438207999959,-23.176338066999961,0],[-46.136439960999951,-23.176334920999977,0],[-46.136441673999968,-23.176331755999968,0],[-46.136443344999861,-23.176328570999885,0],[-46.136444975999893,-23.17632536699989,0],[-46.136446565999961,-23.176322145999904,0],[-46.136448115999883,-23.176318907999928,0],[-46.136449624999955,-23.176315653999893,0],[-46.136451093999881,-23.176312384999903,0],[-46.136452522999889,-23.176309100999958,0],[-46.136453911999922,-23.176305802999877,0],[-46.13645526199997,-23.176302491999877,0],[-46.136456571999986,-23.176299167999957,0],[-46.13645784199997,-23.176295832999926,0],[-46.136459072999912,-23.176292486999955,0],[-46.136460264999926,-23.176289130999919,0],[-46.136461417999953,-23.176285765999921,0],[-46.136462531999939,-23.176282391999905,0],[-46.136463606999939,-23.176279009999973,0],[-46.136464643999943,-23.176275619999956,0],[-46.136465642999951,-23.176272222999955,0],[-46.136466605999942,-23.176268818999915,0],[-46.136467531999983,-23.176265407999836,0],[-46.136468422999883,-23.176261988999897,0],[-46.136469277999879,-23.176258563999966,0],[-46.13647009999994,-23.176255131999937,0],[-46.136470887999906,-23.176251693999916,0],[-46.136471642999879,-23.176248248999912,0],[-46.136472365999964,-23.176244797999971,0],[-46.136473057999922,-23.176241339999876,0],[-46.136473717999877,-23.176237876999949,0],[-46.136474348999855,-23.176234407999914,0],[-46.136474949999979,-23.176230932999886,0],[-46.136475521999955,-23.176227451999978,0],[-46.136476065999886,-23.176223965999952,0],[-46.136476581999943,-23.176220473999933,0],[-46.136477071999877,-23.17621697699991,0],[-46.136477534999926,-23.176213475999873,0],[-46.136477972999955,-23.176209968999956,0],[-46.136478386999897,-23.176206456999921,0],[-46.136478775999933,-23.176202940999815,0],[-46.136479140999882,-23.176199419999875,0],[-46.136479483999835,-23.176195894999921,0],[-46.136479804999965,-23.176192365999896,0],[-46.136480103999986,-23.17618883199998,0],[-46.136480382999821,-23.176185294999868,0],[-46.136480640999935,-23.176181752999923,0],[-46.136480879999965,-23.176178207999897,0],[-46.136481100999958,-23.176174658999969,0],[-46.136481302999982,-23.176171106999846,0],[-46.136481487999902,-23.176167551999981,0],[-46.136481655999944,-23.176163992999875,0],[-46.136481807999928,-23.176160431999961,0],[-46.136481943999968,-23.176156866999975,0],[-46.136482065999871,-23.176153299999953,0],[-46.13648217399998,-23.176149729999963,0],[-46.136482268999885,-23.176146157999824,0],[-46.136482350999984,-23.176142583999876,0],[-46.136482419999879,-23.176139006999961,0],[-46.136482478999881,-23.176135427999895,0],[-46.136482525999895,-23.176131846999965,0],[-46.13648256099998,-23.176128264999932,0],[-46.136482581999985,-23.176124681999909,0],[-46.136482586999932,-23.176121098999886,0],[-46.136482574999889,-23.17611751599992,0],[-46.136482542999886,-23.176113932999897,0],[-46.136482490999981,-23.176110351999966,0],[-46.136482414999875,-23.176106772999958,0],[-46.136482313999977,-23.176103196999975,0],[-46.136482187999945,-23.176099622999971,0],[-46.136482032999936,-23.176096053999856,0],[-46.13648184799996,-23.176092487999824,0],[-46.136481630999924,-23.176088926999967,0],[-46.136481380999896,-23.176085370999942,0],[-46.136481095999955,-23.176081820999912,0],[-46.136480773999949,-23.176078276999874,0],[-46.136480412999902,-23.176074739999933,0],[-46.136480011999879,-23.176071210999908,0],[-46.136479567999913,-23.176067689999968,0],[-46.136479079999958,-23.176064176999944,0],[-46.136478546999911,-23.176060672999938,0],[-46.136477965999973,-23.17605717899994,0],[-46.136477335999984,-23.176053694999894,0],[-46.136476653999864,-23.176050221999958,0],[-46.136475919999896,-23.176046759999963,0],[-46.136475130999827,-23.176043309999841,0],[-46.136474285999952,-23.176039872999979,0],[-46.136473381999963,-23.176036447999877,0],[-46.136472418999972,-23.176033036999968,0],[-46.136471393999955,-23.176029639999967,0],[-46.136470305999978,-23.176026257999922,0],[-46.13646915299995,-23.176022890999946,0],[-46.13646793199996,-23.176019539999913,0],[-46.136466642999835,-23.176016204999883,0],[-46.136465283999883,-23.176012886999899,0],[-46.136463851999963,-23.176009585999964,0],[-46.136462345999917,-23.176006302999951,0],[-46.136460770999975,-23.176003036999873,0],[-46.136459135999928,-23.175999785999977,0],[-46.136457450999956,-23.175996548999876,0],[-46.136455726999884,-23.175993322999943,0],[-46.136453972999959,-23.175990104999983,0],[-46.136452198999962,-23.175986893999948,0],[-46.136450415999889,-23.175983688999963,0],[-46.136448633999919,-23.175980485999958,0],[-46.13644686299989,-23.175977282999952,0],[-46.136445111999933,-23.175974078999957,0],[-46.136443392999865,-23.17597087199988,0],[-46.136441714999819,-23.17596765899998,0],[-46.136440086999926,-23.175964438999983,0],[-46.136438521999821,-23.175961208999979,0],[-46.136437026999943,-23.175957966999874,0],[-46.136435613999936,-23.175954711999964,0],[-46.136434292999979,-23.175951439999949,0],[-46.136433072999978,-23.175948150999943,0],[-46.136431965999975,-23.175944841999865,0],[-46.136430979999886,-23.175941509999859,0],[-46.136430125999937,-23.175938154999926,0],[-46.136429413999963,-23.175934772999938,0],[-46.136428853999973,-23.175931362999904,0],[-46.136428452999951,-23.17592792399995,0],[-46.136428207999927,-23.17592445899993,0],[-46.136428112999909,-23.175920971999915,0],[-46.136428161999959,-23.175917467999909,0],[-46.13642834999996,-23.17591395099987,0],[-46.136428671999965,-23.175910423999937,0],[-46.136429120999935,-23.175906890999897,0],[-46.136429692999968,-23.175903357999971,0],[-46.136430380999855,-23.175899826999967,0],[-46.136431180999921,-23.175896303999934,0],[-46.1364320859999,-23.17589279099991,0],[-46.136433091999891,-23.175889293999887,0],[-46.1364341929999,-23.175885814999958,0],[-46.136435381999888,-23.175882360999935,0],[-46.136436655999944,-23.175878932999922,0],[-46.136438006999867,-23.175875536999968,0],[-46.136439431999975,-23.175872176999974,0],[-46.136440922999839,-23.175868855999965,0],[-46.136442474999967,-23.175865574999875,0],[-46.136444078999943,-23.175862329999973,0],[-46.136445727999956,-23.175859116999959,0],[-46.136447413999917,-23.175855929999955,0],[-46.136449127999981,-23.175852764999888,0],[-46.136450862999936,-23.175849616999983,0],[-46.136452609999935,-23.175846481999884,0],[-46.136454361999881,-23.175843355999973,0],[-46.136456109999926,-23.175840232999917,0],[-46.136457846999974,-23.175837108999929,0],[-46.136459563999949,-23.175833978999947,0],[-46.136461252999936,-23.175830839999946,0],[-46.136462906999952,-23.175827685999934,0],[-46.136464516999922,-23.175824511999963,0],[-46.136466075999977,-23.175821313999961,0],[-46.136467574999983,-23.175818087999858,0],[-46.136469005999857,-23.175814828999933,0],[-46.136470360999965,-23.175811531999955,0],[-46.136471632999985,-23.17580819199992,0],[-46.136472812999898,-23.175804805999917,0],[-46.136473894999881,-23.175801367999895,0],[-46.136474888999885,-23.175797886999874,0],[-46.13647582699997,-23.175794375999942,0],[-46.136476736999953,-23.175790853999899,0],[-46.136477649999961,-23.175787335999871,0],[-46.136478595999847,-23.175783838999962,0],[-46.13647960499992,-23.175780378999946,0],[-46.136480706999919,-23.175776972999927,0],[-46.136481931999924,-23.175773635999974,0],[-46.136483308999971,-23.175770384999907,0],[-46.136484868999901,-23.175767236999889,0],[-46.136486642999955,-23.175764207999919,0],[-46.136488658999951,-23.175761314999932,0],[-46.136490941999966,-23.175758571999893,0],[-46.136493480999945,-23.175755987999935,0],[-46.136496253999951,-23.175753568999937,0],[-46.136499240999967,-23.175751322999929,0],[-46.136502418999953,-23.175749254999914,0],[-46.13650576699996,-23.175747372999979,0],[-46.13650926299988,-23.175745681999899,0],[-46.136512884999945,-23.175744188999943,0],[-46.136516612999969,-23.175742900999921,0],[-46.136520423999912,-23.175741823999942,0],[-46.13652429699988,-23.175740966999967,0],[-46.136528206999969,-23.175740345999884,0],[-46.136532127999942,-23.175739983999961,0],[-46.136536034999892,-23.175739902999965,0],[-46.136539901999924,-23.175740126999983,0],[-46.136543703999905,-23.175740675999918,0],[-46.136547414999939,-23.175741574999904,0],[-46.136551008999959,-23.175742843999956,0],[-46.136554463999971,-23.175744498999961,0],[-46.136557794999931,-23.175746456999946,0],[-46.13656104699993,-23.175748563999946,0],[-46.136564262999912,-23.175750662999974,0],[-46.136567489999834,-23.175752598999964,0],[-46.136570769999935,-23.175754214999813,0],[-46.136574148999955,-23.175755355999911,0],[-46.136577664999948,-23.175755881999862,0],[-46.136581291999903,-23.175755788999936,0],[-46.136584978999963,-23.175755137999886,0],[-46.136588673999881,-23.175753984999972,0],[-46.136592325999914,-23.175752389999843,0],[-46.136595880999948,-23.175750412999946,0],[-46.136599288999889,-23.175748110999905,0],[-46.136602495999966,-23.175745543999881,0],[-46.136605451999969,-23.175742770999932,0],[-46.13660810499988,-23.175739849999957,0],[-46.136610436999831,-23.175736819999884,0],[-46.136612466999907,-23.17573369299987,0],[-46.136614220999945,-23.175730481999892,0],[-46.136615718999906,-23.175727199999983,0],[-46.136616985999922,-23.175723857999969,0],[-46.136618043999931,-23.175720468999941,0],[-46.136618916999907,-23.175717045999932,0],[-46.136619626999959,-23.175713599999938,0],[-46.136620196999843,-23.175710143999879,0],[-46.136620649999941,-23.175706688999981,0],[-46.136620993999884,-23.175703238999859,0],[-46.136621232999914,-23.175699792999922,0],[-46.136621372999912,-23.175696349999896,0],[-46.136621415999855,-23.175692908999963,0],[-46.136621366999918,-23.175689470999941,0],[-46.1366212289999,-23.175686034999956,0],[-46.136621007999906,-23.175682599999902,0],[-46.136620704999984,-23.175679165999895,0],[-46.136620326999946,-23.175675730999956,0],[-46.136619874999894,-23.175672296999949,0],[-46.136619355999926,-23.175668860999963,0],[-46.136618771999963,-23.175665422999941,0],[-46.136618126999849,-23.175661982999884,0],[-46.136617425999873,-23.175658540999962,0],[-46.136616672999878,-23.175655094999968,0],[-46.136615870999947,-23.175651645999949,0],[-46.136615023999923,-23.175648191999926,0],[-46.136614136999981,-23.175644732999899,0],[-46.136613212999976,-23.175641267999879,0],[-46.136612256999967,-23.175637797999968,0],[-46.136611271999982,-23.175634320999905,0],[-46.136610262999909,-23.175630835999982,0],[-46.136609231999898,-23.175627343999963,0],[-46.136608184999886,-23.175623843999972,0],[-46.136607125999888,-23.175620334999905,0],[-46.136606057999984,-23.175616815999888,0],[-46.136604984999906,-23.175613287999965,0],[-46.136603910999895,-23.175609748999932,0],[-46.136602840999899,-23.175606197999912,0],[-46.136601777999829,-23.175602636999884,0],[-46.136600725999983,-23.175599062999936,0],[-46.136599688999922,-23.175595475999899,0],[-46.136598670999945,-23.175591875999885,0],[-46.136597674999905,-23.175588262999952,0],[-46.136596696999959,-23.175584637999975,0],[-46.136595735999947,-23.17558100399998,0],[-46.136594789999947,-23.17557735999992,0],[-46.13659385699998,-23.175573709999981,0],[-46.136592933999964,-23.175570053999934,0],[-46.136592018999977,-23.175566393999816,0],[-46.136591110999916,-23.175562730999957,0],[-46.136590205999937,-23.175559067999927,0],[-46.136589302999937,-23.175555404999955,0],[-46.136588398999947,-23.17555174499995,0],[-46.136587492999979,-23.175548087999971,0],[-46.136586581999893,-23.175544436999928,0],[-46.136585663999824,-23.175540791999936,0],[-46.136584736999907,-23.175537154999972,0],[-46.136583798999936,-23.175533528999949,0],[-46.136582846999943,-23.175529913999981,0],[-46.136581879999937,-23.175526310999942,0],[-46.136580894999952,-23.175522723999848,0],[-46.136579888999961,-23.175519151999879,0],[-46.136578861999965,-23.175515597999947,0],[-46.136577809999949,-23.175512061999939,0],[-46.13657673199998,-23.175508547999982,0],[-46.136575624999978,-23.175505054999974,0],[-46.136574487999951,-23.175501586999872,0],[-46.136573316999943,-23.175498142999857,0],[-46.136572110999964,-23.175494726999943,0],[-46.136570867999922,-23.175491337999915,0],[-46.136569584999904,-23.1754879799999,0],[-46.136568259999876,-23.175484651999966,0],[-46.136566891999962,-23.175481357999956,0],[-46.136565477999909,-23.175478097999871,0],[-46.136564014999976,-23.175474873999974,0],[-46.136562501999947,-23.175471687999959,0],[-46.136560936999899,-23.175468540999873,0],[-46.136559316999865,-23.175465433999875,0],[-46.136557639999978,-23.175462369999934,0],[-46.13655590299993,-23.175459348999937,0],[-46.136554105999949,-23.175456372999861,0],[-46.136552244999905,-23.17545344399997,0],[-46.136550318999923,-23.175450563999902,0],[-46.136548324999922,-23.175447732999942,0],[-46.136546260999921,-23.175444952999896,0],[-46.136544124999944,-23.175442226999849,0],[-46.136541914999952,-23.175439554999969,0],[-46.136539627999923,-23.175436938999951,0],[-46.13653726299998,-23.175434379999899,0],[-46.136534816999983,-23.175431879999962,0],[-46.136532287999955,-23.175429440999949,0],[-46.136529673999974,-23.175427064999838,0],[-46.136526971999956,-23.17542475099998,0],[-46.136524182999892,-23.175422502999879,0],[-46.136521306999896,-23.175420321999979,0],[-46.136518347999925,-23.175418208999815,0],[-46.136515308999947,-23.17541616699998,0],[-46.136512191999941,-23.175414195999906,0],[-46.136509001999968,-23.175412297999856,0],[-46.136505739999961,-23.175410475999968,0],[-46.136502408999945,-23.175408729999901,0],[-46.136499013999924,-23.175407061999977,0],[-46.136495555999829,-23.175405473999888,0],[-46.136492037999972,-23.175403967999955,0],[-46.136488463999967,-23.175402543999951,0],[-46.136484836999898,-23.17540120599989,0],[-46.13648115899997,-23.175399953999886,0],[-46.136477433999914,-23.175398789999974,0],[-46.13647366399988,-23.175397714999974,0],[-46.136469851999834,-23.175396731999967,0],[-46.136466000999974,-23.17539584199983,0],[-46.136462114999972,-23.175395045999949,0],[-46.136458195999921,-23.175394346999951,0],[-46.13645424799995,-23.175393744999894,0],[-46.136450271999877,-23.175393242999974,0],[-46.136446272999933,-23.175392841999951,0],[-46.136442252999927,-23.17539254299993,0],[-46.136438214999885,-23.175392348999878,0],[-46.136434160999897,-23.175392260999956,0],[-46.136430095999913,-23.175392279999983,0],[-46.136426021999853,-23.175392408999983,0],[-46.136421943999949,-23.1753926479999,0],[-46.136417869999889,-23.175392998999939,0],[-46.136413809999908,-23.175393463999967,0],[-46.136409772999912,-23.175394043999859,0],[-46.136405767999861,-23.175394738999898,0],[-46.136401803999888,-23.175395551999884,0],[-46.136397889999898,-23.175396482999872,0],[-46.136394035999956,-23.175397534999945,0],[-46.13639024899993,-23.175398707999875,0],[-46.136386539999933,-23.175400002999879,0],[-46.136382917999924,-23.175401421999936,0],[-46.136379390999878,-23.175402966999968,0],[-46.136375968999971,-23.175404637999918,0],[-46.136372660999939,-23.175406436999879,0],[-46.13636947599997,-23.175408364999953,0],[-46.13636642299997,-23.17541042299996,0],[-46.1363635109999,-23.175412613999981,0],[-46.136360748999948,-23.175414936999971,0],[-46.136358146999896,-23.175417394999897,0],[-46.136355712999887,-23.175419988999977,0],[-46.136353453999959,-23.175422717999936,0],[-46.136351365999985,-23.175425576999885,0],[-46.136349435999819,-23.175428555999872,0],[-46.136347654999952,-23.175431646999925,0],[-46.136346011999876,-23.175434838999934,0],[-46.136344494999946,-23.175438123999925,0],[-46.136343093999983,-23.175441491999948,0],[-46.136341798999979,-23.175444934999973,0],[-46.13634059899988,-23.17544844199989,0],[-46.136339481999983,-23.175452004999954,0],[-46.136338438999985,-23.175455615999965,0],[-46.13633745899989,-23.175459262999937,0],[-46.13633652999988,-23.175462938999942,0],[-46.136335641999835,-23.175466633999974,0],[-46.136334783999928,-23.175470337999968,0],[-46.136333946999969,-23.175474043999884,0],[-46.136333117999982,-23.175477739999963,0],[-46.136332286999902,-23.17548141899988,0],[-46.136331442999904,-23.175485071999901,0],[-46.136330575999921,-23.175488687999973,0],[-46.136329675999946,-23.175492257999963,0],[-46.136328729999946,-23.175495773999899,0],[-46.136327728999959,-23.175499226999932,0],[-46.136326660999885,-23.175502605999952,0],[-46.136325516999875,-23.175505902999873,0],[-46.136324284999944,-23.175509108999961,0],[-46.136322954999912,-23.175512214999969,0],[-46.136321514999906,-23.175515210999947,0],[-46.136319954999976,-23.175518086999887,0],[-46.136318264999886,-23.175520835999976,0],[-46.136316433999923,-23.175523446999819,0],[-46.136314449999929,-23.175525911999841,0],[-46.136312310999926,-23.175528227999962,0],[-46.13631001899995,-23.175530396999932,0],[-46.136307580999983,-23.175532424999915,0],[-46.136304999999936,-23.175534317999904,0],[-46.136302282999907,-23.17553607799988,0],[-46.13629943299992,-23.175537711999937,0],[-46.136296454999979,-23.175539222999873,0],[-46.136293354999964,-23.1755406179999,0],[-46.136290137999879,-23.175541898999938,0],[-46.136286807999966,-23.175543071999925,0],[-46.136283369999944,-23.175544141999922,0],[-46.136279828999932,-23.175545112999941,0],[-46.136276189999876,-23.175545989999819,0],[-46.136272457999951,-23.175546777999955,0],[-46.136268637999876,-23.175547480999853,0],[-46.136264733999894,-23.175548104999905,0],[-46.136260751999941,-23.175548652999964,0],[-46.136256696999965,-23.175549130999968,0],[-46.136252572999979,-23.175549541999942,0],[-46.136248384999874,-23.175549892999982,0],[-46.136244138999984,-23.175550187999875,0],[-46.136239837999881,-23.17555042999993,0],[-46.136235488999887,-23.175550625999847,0],[-46.13623109599996,-23.175550779999924,0],[-46.136226662999945,-23.175550895999947,0],[-46.136222195999949,-23.175550978999979,0],[-46.136217699999918,-23.175551032999977,0],[-46.136213178999981,-23.175551064999979,0],[-46.136208637999971,-23.175551076999966,0],[-46.136204082999939,-23.175551074999873,0],[-46.136199517999955,-23.175551063999876,0],[-46.136194950999936,-23.175551048999978,0],[-46.136194642999953,-23.175550701999953,0],[-46.136191575999817,-23.175547186999893,0],[-46.136188542999832,-23.17554364699987,0],[-46.136185550999926,-23.175540077999926,0],[-46.136182604999874,-23.175536475999934,0],[-46.136179709999965,-23.175532837999981,0],[-46.136176873999943,-23.175529161999918,0],[-46.136174103999963,-23.17552544299997,0],[-46.136171406999836,-23.175521677999939,0],[-46.136168791999978,-23.175517863999971,0],[-46.136166266999851,-23.175513997999929,0],[-46.136163842999906,-23.175510077999945,0],[-46.136161530999971,-23.175506099999893,0],[-46.136159342999974,-23.175502061999907,0],[-46.136157292999883,-23.175497963999931,0],[-46.136155394999946,-23.175493802999938,0],[-46.136153663999949,-23.175489580999965,0],[-46.136152117999927,-23.175485297999955,0],[-46.136150769999972,-23.175480956999934,0],[-46.136149622999881,-23.175476567999908,0],[-46.136148674999902,-23.175472138999908,0],[-46.136147921999907,-23.175467676999972,0],[-46.136147358999949,-23.175463190999892,0],[-46.136146979999921,-23.175458688999981,0],[-46.136146776999908,-23.175454177999939,0],[-46.136146741999937,-23.175449661999949,0],[-46.136146864999944,-23.175445147999824,0],[-46.136147137999956,-23.175440638999873,0],[-46.136147549999976,-23.175436139999874,0],[-46.136148093999964,-23.175431651999929,0],[-46.136148757999933,-23.17542717799995,0],[-46.136149534999959,-23.175422719999915,0],[-46.136150415999964,-23.175418277999881,0],[-46.136151391999931,-23.175413853999885,0],[-46.136152455999934,-23.17540944599989,0],[-46.136153600999933,-23.175405055999875,0],[-46.136154817999966,-23.175400682999964,0],[-46.136156101999973,-23.175396325999941,0],[-46.136157444999924,-23.17539198399993,0],[-46.136158842999862,-23.175387656999931,0],[-46.136160288999974,-23.175383343999954,0],[-46.136161776999927,-23.175379042999964,0],[-46.136163302999876,-23.175374752999858,0],[-46.13616486199993,-23.17537047299993,0],[-46.136166447999869,-23.175366201999964,0],[-46.136168057999896,-23.175361937999867,0],[-46.13616968599996,-23.175357680999866,0],[-46.136171328999978,-23.175353427999937,0],[-46.136172980999959,-23.175349177999976,0],[-46.136174639999922,-23.17534493099987,0],[-46.136177523999891,-23.175337553999952,0],[-46.136180571999944,-23.17532971199995,0],[-46.13618377399996,-23.175321330999964,0],[-46.136186922999968,-23.175312844999951,0],[-46.136189964999858,-23.175304295999979,0],[-46.136192855999923,-23.175295689999871,0],[-46.136195554999972,-23.175287022999953,0],[-46.136198018999892,-23.175278292999963,0],[-46.136200200999895,-23.175269496999931,0],[-46.13620201699996,-23.175260786999843,0],[-46.136203508999984,-23.175251911999908,0],[-46.136204711999937,-23.175242997999874,0],[-46.136205687999905,-23.175234104999959,0],[-46.136206337999965,-23.175227085999893,0],[-46.136206729999913,-23.175222584999972,0],[-46.136207107999951,-23.175218082999947,0],[-46.136207479999882,-23.175213579999934,0],[-46.136207854999896,-23.17520907699992,0],[-46.136208243999931,-23.175204575999885,0],[-46.136208654999962,-23.175200075999953,0],[-46.136209097999938,-23.175195578999933,0],[-46.136209580999946,-23.175191084999938,0],[-46.136210108999933,-23.175186595999833,0],[-46.136210681999955,-23.17518211099997,0],[-46.136211304999847,-23.175177631999873,0],[-46.136211978999881,-23.175173158999939,0],[-46.13621270699997,-23.175168693999865,0],[-46.136213491999854,-23.175164236999933,0],[-46.13621433499992,-23.175159788999906,0],[-46.136215239999899,-23.175155350999887,0],[-46.136216207999894,-23.175150924999969,0],[-46.136217241999873,-23.17514651099998,0],[-46.136218344999975,-23.175142111999946,0],[-46.136219517999905,-23.175137727999982,0],[-46.136220762999983,-23.17513336199994,0],[-46.136222077999946,-23.175129012999946,0],[-46.136223463999954,-23.175124681999932,0],[-46.136224917999982,-23.175120370999934,0],[-46.136226440999963,-23.175116080999942,0],[-46.136228031999963,-23.175111810999965,0],[-46.136229687999958,-23.17510756299987,0],[-46.136231410999983,-23.175103336999939,0],[-46.136233198999946,-23.175099134999982,0],[-46.136235050999858,-23.175094955999953,0],[-46.136236967999935,-23.175090801999886,0],[-46.136238946999981,-23.175086673999829,0],[-46.136240988999816,-23.175082571999951,0],[-46.136243091999972,-23.175078495999969,0],[-46.136245256999985,-23.175074447999975,0],[-46.136247482999977,-23.17507042799997,0],[-46.136249769999836,-23.175066437999931,0],[-46.136252115999923,-23.175062476999869,0],[-46.136254521999945,-23.175058546999878,0],[-46.136256986999967,-23.175054648999946,0],[-46.136259509999945,-23.175050781999971,0],[-46.136262091999981,-23.175046948999977,0],[-46.136264731999916,-23.175043148999976,0],[-46.136267429999975,-23.17503938499982,0],[-46.136270184999944,-23.175035655999977,0],[-46.136272994999956,-23.175031961999935,0],[-46.13627585699993,-23.175028302999976,0],[-46.136278768999944,-23.175024676999953,0],[-46.136281727999972,-23.175021084999969,0],[-46.136284731999979,-23.175017523999941,0],[-46.13628777699995,-23.175013992999936,0],[-46.136290861999953,-23.17501049099991,0],[-46.136293982999916,-23.175007017999974,0],[-46.136297137999918,-23.175003570999877,0],[-46.136300324999922,-23.17500014899997,0],[-46.136303540999904,-23.174996749999934,0],[-46.136306782999952,-23.174993371999904,0],[-46.13631004999985,-23.174990014999821,0],[-46.136313338999855,-23.174986675999889,0],[-46.136316646999944,-23.174983353999892,0],[-46.136319971999967,-23.174980046999963,0],[-46.136323312999878,-23.174976751999964,0],[-46.136326666999878,-23.174973468999951,0],[-46.136330030999886,-23.174970194999958,0],[-46.136333403999913,-23.174966928999936,0],[-46.136336782999933,-23.174963667999862,0],[-46.136340166999958,-23.174960411999962,0],[-46.13634355399995,-23.174957156999938,0],[-46.136349292999967,-23.174951642999929,0],[-46.136355651999963,-23.17494551599998,0],[-46.136362291999887,-23.174939071999972,0],[-46.136368936999986,-23.174932546999969,0],[-46.13637522099998,-23.174926278999976,0],[-46.136380418999977,-23.174921022999968,0],[-46.136383708999972,-23.174917684999969,0],[-46.136386995999885,-23.174914344999934,0],[-46.136390283999901,-23.174911004999956,0],[-46.136393576999922,-23.174907669999925,0],[-46.136396877999914,-23.174904341999934,0],[-46.13640019199994,-23.174901023999894,0],[-46.13640352099992,-23.174897719999933,0],[-46.136406870999963,-23.174894432999906,0],[-46.136410243999876,-23.174891165999895,0],[-46.136413643999958,-23.174887923999904,0],[-46.136417074999883,-23.174884710999891,0],[-46.13642054099995,-23.17488152899989,0],[-46.136424045999945,-23.174878383999896,0],[-46.136427593999883,-23.174875279999924,0],[-46.136431187999904,-23.174872221999919,0],[-46.136434831999964,-23.174869214999944,0],[-46.136438529999907,-23.174866264999878,0],[-46.13644228499993,-23.174863376999895,0],[-46.136446100999933,-23.174860558999967,0],[-46.136449980999942,-23.174857815999871,0],[-46.136453926999934,-23.174855154999932,0],[-46.136457942999982,-23.174852583999893,0],[-46.136462029999961,-23.174850110999955,0],[-46.136466188999975,-23.174847743999862,0],[-46.136470421999945,-23.174845490999928,0],[-46.13647472599996,-23.17484335599994,0],[-46.136479093999981,-23.17484133499994,0],[-46.136483518999967,-23.17483942399997,0],[-46.136487993999935,-23.174837613999898,0],[-46.136492511999847,-23.174835899999948,0],[-46.136497068999972,-23.174834272999817,0],[-46.136501657999986,-23.174832725999863,0],[-46.136506273999828,-23.17483125099983,0],[-46.136510913999928,-23.174829838999983,0],[-46.136515572999883,-23.174828483999931,0],[-46.136520247999897,-23.174827175999951,0],[-46.136524935999944,-23.174825907999832,0],[-46.136529633999885,-23.174824671999886,0],[-46.136534339999912,-23.17482346099996,0],[-46.136539049999953,-23.174822266999968,0],[-46.136543763999896,-23.174821082999983,0],[-46.136551879999956,-23.174819047999961,0],[-46.136560619999955,-23.174816826999972,0],[-46.136569865999945,-23.174814388999948,0],[-46.13657915399989,-23.174811797999894,0],[-46.136588408999955,-23.174809019999941,0],[-46.136597593999909,-23.174806015999877,0],[-46.136606680999876,-23.174802749999969,0],[-46.13661334699998,-23.174800100999903,0],[-46.136623042999986,-23.174796084999855,0],[-46.136626736999915,-23.174794599999927,0],[-46.136631271999931,-23.17479292399986,0],[-46.13663588999998,-23.174791454999934,0],[-46.136640610999905,-23.174790300999973,0],[-46.136645432999956,-23.174789594999936,0],[-46.136650310999926,-23.174789498999928,0],[-46.136655139999959,-23.17479014099996,0],[-46.136659813999984,-23.174791440999911,0],[-46.136664301999929,-23.174793217999877,0],[-46.13666862599996,-23.174795316999962,0],[-46.136672827999917,-23.174797618999889,0],[-46.136676956999906,-23.174800031999894,0],[-46.136684166999885,-23.17480433399993,0],[-46.136691909999911,-23.174808591999977,0],[-46.136700509999912,-23.174812096999915,0],[-46.136709872999973,-23.174813913999969,0],[-46.136719592999896,-23.174814007999828,0],[-46.136729234999962,-23.174812720999967,0],[-46.136738661999971,-23.174810453999953,0],[-46.13674784299991,-23.174807543999975,0],[-46.136754942999971,-23.174804931999972,0],[-46.1367594539999,-23.174803198999882,0],[-46.136763944999984,-23.174801424999941,0],[-46.136768426999936,-23.174799631999974,0],[-46.136772911999969,-23.174797840999929,0],[-46.136777407999944,-23.174796074999961,0],[-46.136781918999873,-23.174794342999974,0],[-46.136789685999986,-23.174791379999817,0],[-46.136798040999963,-23.174788036999871,0],[-46.136806654999816,-23.174784121999949,0],[-46.13681496099997,-23.174779545999968,0],[-46.136822698999879,-23.174774150999895,0],[-46.136829790999968,-23.17476776899997,0],[-46.136835783999913,-23.174760511999921,0],[-46.136839985999984,-23.174752308999871,0],[-46.136841076999985,-23.174743603999957,0],[-46.136838302999934,-23.17473495899992,0],[-46.136832725999909,-23.174727358999917,0],[-46.136825254999906,-23.174721299999874,0],[-46.136816591999946,-23.174717359999931,0],[-46.13680699899993,-23.17471575299993,0],[-46.136797201999912,-23.174716267999884,0],[-46.136787661999904,-23.174718543999916,0],[-46.136778813999911,-23.174722265999947,0],[-46.136770883999873,-23.1747271939999,0],[-46.136765078999929,-23.17473180199994,0],[-46.136761484999965,-23.174734859999944,0],[-46.136757953999961,-23.174737979999918,0],[-46.136754433999954,-23.174741110999832,0],[-46.136750880999898,-23.174744208999982,0],[-46.136747254999875,-23.17474723499987,0],[-46.136743514999921,-23.174750138999968,0],[-46.136739588999944,-23.174752823999825,0],[-46.136735401999942,-23.174755144999949,0],[-46.136730894999914,-23.174756867999974,0],[-46.136726095999961,-23.174757638999949,0],[-46.136721258999955,-23.174757131999911,0],[-46.136716644999979,-23.174755664999964,0],[-46.136712213999886,-23.17475376699997,0],[-46.136707847999901,-23.174751741999899,0],[-46.136703529999977,-23.17474963199993,0],[-46.13669926599988,-23.174747427999932,0],[-46.136695065999902,-23.174745123999969,0],[-46.136690936999912,-23.174742710999965,0],[-46.136686891999943,-23.174740180999947,0],[-46.136682939999957,-23.17473752799998,0],[-46.136679092999827,-23.17473474499991,0],[-46.136675365999963,-23.17473182699996,0],[-46.136671769999907,-23.174728770999877,0],[-46.136668320999888,-23.174725573999979,0],[-46.136665031999883,-23.17472223599998,0],[-46.13666191599998,-23.174718758999916,0],[-46.136658985999929,-23.174715146999972,0],[-46.136656250999977,-23.174711405999972,0],[-46.136653720999959,-23.174707543999887,0],[-46.136651400999938,-23.174703569999906,0],[-46.136649294999927,-23.17469949599996,0],[-46.13664740299987,-23.174695332999931,0],[-46.136645724999823,-23.174691092999979,0],[-46.136644267999941,-23.17468678299997,0],[-46.136643054999865,-23.174682408999956,0],[-46.136642121999955,-23.174677976999931,0],[-46.136641528999917,-23.174673495999912,0],[-46.136641367999971,-23.174668983999879,0],[-46.136641781999913,-23.174664487999962,0],[-46.136642987999949,-23.174660118999952,0],[-46.136645251999937,-23.174656132999928,0],[-46.136648587999957,-23.174652852999884,0],[-46.136652667999954,-23.17465038399996,0],[-46.136657161999949,-23.174648627999886,0],[-46.136661867999976,-23.174647424999876,0],[-46.136666675999948,-23.174646639999935,0],[-46.136671532999912,-23.17464616999996,0],[-46.136676410999939,-23.174645943999963,0],[-46.136681294999903,-23.174645909999924,0],[-46.136686177999877,-23.174646028999973,0],[-46.136691054999915,-23.174646269999982,0],[-46.136695925999959,-23.174646608999922,0],[-46.136700788999917,-23.174647026999935,0],[-46.136705645999882,-23.174647506999975,0],[-46.136710496999854,-23.174648032999926,0],[-46.136720086999844,-23.174649127999942,0],[-46.136728055999981,-23.174649974999909,0],[-46.136737610999944,-23.174650578999888,0],[-46.136747284999956,-23.174650289999931,0],[-46.136756724999941,-23.174648443999956,0],[-46.136765285999957,-23.174644493999836,0],[-46.136772547999897,-23.174638432999927,0],[-46.136778292999963,-23.174630942999954,0],[-46.136782226999912,-23.174622539999973,0],[-46.136783842999876,-23.17461358599985,0],[-46.136782397999923,-23.174604880999937,0],[-46.136778040999843,-23.174596776999977,0],[-46.136771689999932,-23.174589823999838,0],[-46.136764004999918,-23.174584102999972,0],[-46.13675558999995,-23.174579783999889,0],[-46.13674658799988,-23.174576697999896,0],[-46.136739149999983,-23.17457489099985,0],[-46.136734394999962,-23.174573860999942,0],[-46.136729625999919,-23.174572885999964,0],[-46.136724859999958,-23.174571894999929,0],[-46.136720117999914,-23.174570813999935,0],[-46.136715425999967,-23.174569561999931,0],[-46.136710824999966,-23.174568047999969,0],[-46.136706381999943,-23.174566176999917,0],[-46.136702189999937,-23.174563863999822,0],[-46.136698342999978,-23.174561085999926,0],[-46.136694862999889,-23.174557919999927,0],[-46.136691737999968,-23.174554451999938,0],[-46.136688937999907,-23.174550752999892,0],[-46.136686429999884,-23.174546878999934,0],[-46.136684177999882,-23.174542871999961,0],[-46.136682149999899,-23.174538764999966,0],[-46.136680315999911,-23.174534578999953,0],[-46.136678651999944,-23.174530333999883,0],[-46.136677135999946,-23.174526040999979,0],[-46.13667574699997,-23.174521711999887,0],[-46.136674470999878,-23.174517352999885,0],[-46.136673308999946,-23.174512966999941,0],[-46.136672263999969,-23.174508555999864,0],[-46.136671340999897,-23.174504120999927,0],[-46.136670543999912,-23.174499665999917,0],[-46.136669878999953,-23.174495191999824,0],[-46.136669351999899,-23.17449070299989,0],[-46.13666896899997,-23.174486200999979,0],[-46.136668734999944,-23.174481690999926,0],[-46.136668658999952,-23.174477175999925,0],[-46.136668745999941,-23.174472660999982,0],[-46.136669004999874,-23.174468150999871,0],[-46.136669442999903,-23.174463653999965,0],[-46.136670066999955,-23.174459174999868,0],[-46.136670885999933,-23.174454723999929,0],[-46.136671904999957,-23.174450307999905,0],[-46.136673132999931,-23.174445936999916,0],[-46.136674573999983,-23.174441622999836,0],[-46.136676232999946,-23.174437375999901,0],[-46.136678114999938,-23.174433208999915,0],[-46.136680219999903,-23.174429134999968,0],[-46.136682540999914,-23.174425161999977,0],[-46.136685056999966,-23.17442129199992,0],[-46.136687744999904,-23.174417520999953,0],[-46.136690582999961,-23.174413845999936,0],[-46.136693550999951,-23.174410259999888,0],[-46.13669662999996,-23.17440675499995,0],[-46.136699803999932,-23.174403321999932,0],[-46.13670305699992,-23.174399953999853,0],[-46.13670637499996,-23.174396638999951,0],[-46.136709744999962,-23.174393370999837,0],[-46.136713154999882,-23.174390136999932,0],[-46.136716593999893,-23.174386930999901,0],[-46.136720050999941,-23.174383740999929,0],[-46.136726515999953,-23.174377804999949,0],[-46.136732488999883,-23.174372276999975,0],[-46.136739151999905,-23.174365909999949,0],[-46.136745692999909,-23.174359289999927,0],[-46.13675194599989,-23.174352395999904,0],[-46.136757763999924,-23.174345169999924,0],[-46.136762982999926,-23.174337560999902,0],[-46.136767360999954,-23.174329647999969,0],[-46.136770877999936,-23.174321291999888,0],[-46.136773605999906,-23.174312641999904,0],[-46.136775668999917,-23.174303840999983,0],[-46.136777210999867,-23.174294962999966,0],[-46.136778370999934,-23.17428607599993,0],[-46.136779091999927,-23.174279048999949,0],[-46.136779512999965,-23.17427454999995,0],[-46.136779909999973,-23.174270048999915,0],[-46.136780295999927,-23.174265546999834,0],[-46.136780686999884,-23.17426104599997,0],[-46.136781094999833,-23.174256544999878,0],[-46.136781535999944,-23.174252047999971,0],[-46.136782023999899,-23.174247554999852,0],[-46.136782573999938,-23.174243067999839,0],[-46.13678320199989,-23.174238588999913,0],[-46.13678392199995,-23.174234122999962,0],[-46.136784751999869,-23.174229672999957,0],[-46.136785707999934,-23.174225243999956,0],[-46.136786806999964,-23.174220844999866,0],[-46.136788066999941,-23.174216481999963,0],[-46.136789503999978,-23.174212165999961,0],[-46.136791133999964,-23.174207908999961,0],[-46.136792967999838,-23.174203723999938,0],[-46.136794995999935,-23.174199616999886,0],[-46.136797202999901,-23.174195587999975,0],[-46.136799569999937,-23.174191637999911,0],[-46.136802080999985,-23.174187764999942,0],[-46.136804720999919,-23.17418396599993,0],[-46.136807473999966,-23.17418023599987,0],[-46.136810325999932,-23.174176569999929,0],[-46.13681326499983,-23.174172962999876,0],[-46.136816277999969,-23.174169408999944,0],[-46.136819352999964,-23.174165900999924,0],[-46.136822480999967,-23.174162431999889,0],[-46.136825653999949,-23.174158998999872,0],[-46.136828876999971,-23.174155605999886,0],[-46.136832160999973,-23.174152262999939,0],[-46.136835513999984,-23.174148978999938,0],[-46.136838944999909,-23.174145764999935,0],[-46.136842462999937,-23.174142632999974,0],[-46.136846078999952,-23.174139596999964,0],[-46.136849800999983,-23.174136672999907,0],[-46.136853636999945,-23.174133877999964,0],[-46.136857594999924,-23.174131231999979,0],[-46.136861680999914,-23.174128758999871,0],[-46.136865898999986,-23.174126482999952,0],[-46.136870249999902,-23.174124431999871,0],[-46.136874728999942,-23.174122632999911,0],[-46.136879323999949,-23.17412110499987,0],[-46.136884012999985,-23.174119841999925,0],[-46.136888772999953,-23.17411883099993,0],[-46.136893583999893,-23.174118055999884,0],[-46.13689842999986,-23.174117494999905,0],[-46.136903297999879,-23.174117126999874,0],[-46.136908177999942,-23.174116931999947,0],[-46.136913060999916,-23.17411688999988,0],[-46.136917944999936,-23.174116979999951,0],[-46.136922823999896,-23.174117183999897,0],[-46.136927698999955,-23.174117461999913,0],[-46.136936203999937,-23.174117986999875,0],[-46.136945248999893,-23.174118354999905,0],[-46.136954909999986,-23.17411810599998,0],[-46.136964485999897,-23.174116585999855,0],[-46.136973291999936,-23.17411298799982,0],[-46.136980163999965,-23.174106914999925,0],[-46.136984861999906,-23.174098725999954,0],[-46.136987091999913,-23.174089657999843,0],[-46.136986089999937,-23.17408081699989,0],[-46.136981046999949,-23.174073514999918,0],[-46.136975068999959,-23.174068862999889,0],[-46.136971102999894,-23.174066229999937,0],[-46.13696701899994,-23.174063752999928,0],[-46.136962896999933,-23.174061328999983,0],[-46.136958805999882,-23.174058861999981,0],[-46.136954814999967,-23.17405625899994,0],[-46.136950958999932,-23.17405348799997,0],[-46.136947250999981,-23.174050548999958,0],[-46.13694370199994,-23.174047446999907,0],[-46.13694032199993,-23.174044188999972,0],[-46.136937116999945,-23.174040781999963,0],[-46.136934091999876,-23.174037235999947,0],[-46.136931248999986,-23.174033563999899,0],[-46.136928587999932,-23.174029777999863,0],[-46.13692610499993,-23.174025889999882,0],[-46.136923794999916,-23.174021910999898,0],[-46.136921657999892,-23.174017850999917,0],[-46.136919692999925,-23.174013716999866,0],[-46.136917900999947,-23.174009515999956,0],[-46.136916281999902,-23.174005255999873,0],[-46.136914838999985,-23.174000941999964,0],[-46.136913572999958,-23.173996579999937,0],[-46.136912486999961,-23.173992177999935,0],[-46.136911583999961,-23.173987739999916,0],[-46.136910855999986,-23.173983274999898,0],[-46.13691029499995,-23.173978788999818,0],[-46.136909889999913,-23.173974288999887,0],[-46.13690963199997,-23.173969779999936,0],[-46.136909510999885,-23.173965264999936,0],[-46.136909514999957,-23.173960748999946,0],[-46.136909634999881,-23.173956234999821,0],[-46.136909860999936,-23.173951723999892,0],[-46.136910185999852,-23.173947217999967,0],[-46.136910601999887,-23.173942718999854,0],[-46.136911100999839,-23.173938226999837,0],[-46.136911674999965,-23.173933741999974,0],[-46.136912317999929,-23.173929265999959,0],[-46.136913020999884,-23.17392479699987,0],[-46.136913776999961,-23.173920334999934,0],[-46.13691457799996,-23.173915880999857,0],[-46.136915415999908,-23.173911431999841,0],[-46.136916284999984,-23.173906987999828,0],[-46.136917175999884,-23.173902547999887,0],[-46.136918082999955,-23.173898110999971,0],[-46.136918998999874,-23.173893674999874,0],[-46.136920539999892,-23.173886210999967,0],[-46.136922235999975,-23.173877811999887,0],[-46.136923905999936,-23.173869038999953,0],[-46.136925431999941,-23.173860175999948,0],[-46.136926743999879,-23.173851258999946,0],[-46.136927758999889,-23.173842452999907,0],[-46.136928487999967,-23.173833465999962,0],[-46.136928945999898,-23.17382445599992,0],[-46.136929167999824,-23.173815441999977,0],[-46.136929189999933,-23.173806430999946,0],[-46.136929047999899,-23.173797430999912,0],[-46.13692877699998,-23.173788456999944,0],[-46.136928413999954,-23.173779546999924,0],[-46.136928077999983,-23.173772457999974,0],[-46.136927854999897,-23.173767945999941,0],[-46.136927628999956,-23.173763434999955,0],[-46.136927401999856,-23.173758923999912,0],[-46.13692717899994,-23.173754412999983,0],[-46.136926963999883,-23.173749901999884,0],[-46.136926762999963,-23.173745389999965,0],[-46.136926577999873,-23.173740876999943,0],[-46.136926414999948,-23.173736363999922,0],[-46.13692627699993,-23.173731849999967,0],[-46.136926169999924,-23.173727334999967,0],[-46.136926095999911,-23.173722819999966,0],[-46.13692606199993,-23.173718303999919,0],[-46.136926069999902,-23.17371378799993,0],[-46.136926126999924,-23.173709271999883,0],[-46.136926234999919,-23.173704757999872,0],[-46.136926399999936,-23.173700243999974,0],[-46.136926624999944,-23.173695732999931,0],[-46.136926915999879,-23.173691225999903,0],[-46.136927273999845,-23.1736867219999,0],[-46.136927695999873,-23.173682222999958,0],[-46.136928179999984,-23.173677728999962,0],[-46.136928722999983,-23.17367324199995,0],[-46.136929320999911,-23.173668759999941,0],[-46.136929971999962,-23.173664283999983,0],[-46.136930672999938,-23.173659814999894,0],[-46.136931421999918,-23.173655352999958,0],[-46.136932213999899,-23.173650896999959,0],[-46.136933047999946,-23.173646446999953,0],[-46.136933919999933,-23.17364200399993,0],[-46.136934826999948,-23.173637566999901,0],[-46.136935767999944,-23.173633134999818,0],[-46.136936738999907,-23.1736287089999,0],[-46.136937736999982,-23.173624288999974,0],[-46.136938759999907,-23.17361987299995,0],[-46.136939803999894,-23.17361546199993,0],[-46.136940867999897,-23.173611053999934,0],[-46.13694194899989,-23.173606649999954,0],[-46.136943043999906,-23.173602248999941,0],[-46.136944149999977,-23.173597850999897,0],[-46.136945263999905,-23.173593453999899,0],[-46.136946384999931,-23.17358905899988,0],[-46.136947508999924,-23.173584663999975,0],[-46.136949357999981,-23.173577442999829,0],[-46.136951348999958,-23.173569628999871,0],[-46.136953108999933,-23.173562685999855,0],[-46.136954222999918,-23.173558288999914,0],[-46.136955335999858,-23.173553891999916,0],[-46.136956449999957,-23.173549494999918,0],[-46.136957563999943,-23.173545097999977,0],[-46.136958680999953,-23.173540701999968,0],[-46.136959799999943,-23.17353630599996,0],[-46.136960921999957,-23.173531910999884,0],[-46.136962048999976,-23.173527516999968,0],[-46.136963179999952,-23.173523123999928,0],[-46.136964317999968,-23.173518732999923,0],[-46.136965461999978,-23.173514342999852,0],[-46.13696661299997,-23.17350995399994,0],[-46.136967772999981,-23.173505566999836,0],[-46.136968940999907,-23.173501181999825,0],[-46.136970118999841,-23.173496799999896,0],[-46.136971307999943,-23.173492419999889,0],[-46.136972507999928,-23.173488041999974,0],[-46.136973718999968,-23.17348366799996,0],[-46.136974943999974,-23.173479295999982,0],[-46.136976181999898,-23.173474927999962,0],[-46.136977433999903,-23.173470562999967,0],[-46.136978701999908,-23.17346620099994,0],[-46.136979984999925,-23.17346184399986,0],[-46.136981283999944,-23.173457490999851,0],[-46.136982600999886,-23.173453141999914,0],[-46.136983935999979,-23.173448797999924,0],[-46.136985288999938,-23.173444458999938,0],[-46.13698666099998,-23.1734401249999,0],[-46.136988052999982,-23.173435795999922,0],[-46.136989464999942,-23.173431473999983,0],[-46.136990898999954,-23.173427156999935,0],[-46.136992354999904,-23.173422845999937,0],[-46.136993831999916,-23.173418541999979,0],[-46.136995332999959,-23.1734142439999,0],[-46.136996856999986,-23.173409953999908,0],[-46.136998405999975,-23.173405670999898,0],[-46.136999977999892,-23.173401395999917,0],[-46.137001575999932,-23.17339712799992,0],[-46.137003199999981,-23.17339286899994,0],[-46.137004848999936,-23.173388618999923,0],[-46.137006524999833,-23.173384376999934,0],[-46.137008227999956,-23.17338014399985,0],[-46.137009957999851,-23.173375920999945,0],[-46.137011715999904,-23.173371707999934,0],[-46.137013501999945,-23.173367504999931,0],[-46.137015315999918,-23.173363311999879,0],[-46.137017158999981,-23.173359129999881,0],[-46.137019030999966,-23.17335495899988,0],[-46.137020928999959,-23.173350797999888,0],[-46.137022847999958,-23.173346644999981,0],[-46.137024783999834,-23.173342499999933,0],[-46.137026732999971,-23.173338358999956,0],[-46.137028689999966,-23.173334220999948,0],[-46.137032369999929,-23.173326456999916,0],[-46.137035726999954,-23.173319348999883,0],[-46.137039512999877,-23.173311217999981,0],[-46.137043264999932,-23.173302953999951,0],[-46.13704691199996,-23.173294614999975,0],[-46.137050405999901,-23.173286203999965,0],[-46.1370537009999,-23.173277716999962,0],[-46.137056749999886,-23.173269146999814,0],[-46.137059500999953,-23.173260489999961,0],[-46.137061898999946,-23.173251740999945,0],[-46.137063882999939,-23.173242904999938,0],[-46.137065392999887,-23.173233987999936,0],[-46.137066362999974,-23.173225008999964,0],[-46.137066732999926,-23.173215991999939,0],[-46.137066446999881,-23.173206973999982,0],[-46.1370654669999,-23.173198016999947,0],[-46.137063786999931,-23.17318923299996,0],[-46.137061463999942,-23.173180473999935,0],[-46.137058645999957,-23.17317184399991,0],[-46.137055448999945,-23.173163339999917,0],[-46.137051976999942,-23.17315495399987,0],[-46.137048335999907,-23.173146704999965,0],[-46.137045329999921,-23.173140143999888,0],[-46.137043408999943,-23.17313599199997,0],[-46.13704147999988,-23.173131842999908,0],[-46.137039553999898,-23.173127692999913,0],[-46.137037637999981,-23.173123538999846,0],[-46.137035742999956,-23.173119376999921,0],[-46.137033875999975,-23.173115203999942,0],[-46.13703204899997,-23.173111014999961,0],[-46.137030271999947,-23.173106808999876,0],[-46.137028554999972,-23.173102580999966,0],[-46.137026910999907,-23.17309832899997,0],[-46.137025351999966,-23.173094049999975,0],[-46.137023890999956,-23.173089740999956,0],[-46.137022542999887,-23.173085399999877,0],[-46.137021324999978,-23.173081026999967,0],[-46.1370202519999,-23.17307662199994,0],[-46.137019343999896,-23.173072184999967,0],[-46.137018619999935,-23.173067718999846,0],[-46.137018097999885,-23.173063229999912,0],[-46.137017799999967,-23.173058722999883,0],[-46.137017742999944,-23.173054207999883,0],[-46.137017944999968,-23.173049695999964,0],[-46.137018421999926,-23.173045202999845,0],[-46.137019182999893,-23.173040742999831,0],[-46.137020235999898,-23.173036333999903,0],[-46.137021579999896,-23.173031992999881,0],[-46.137023212999964,-23.173027737999973,0],[-46.137025132999952,-23.173023585999942,0],[-46.137027334999971,-23.173019555999929,0],[-46.137029814999892,-23.173015665999969,0],[-46.137032563999924,-23.17301193499992,0],[-46.137035573999924,-23.173008379999885,0],[-46.137038832999906,-23.173005015999877,0],[-46.137042324999925,-23.173001859999886,0],[-46.137046032999876,-23.172998922999909,0],[-46.137049947999969,-23.17299622299987,0],[-46.137054061999947,-23.172993790999953,0],[-46.137058374999924,-23.172991673999945,0],[-46.137062882999942,-23.172989941999958,0],[-46.1370675739999,-23.17298869699988,0],[-46.137072407999938,-23.172988078999936,0],[-46.137077279999914,-23.172988263999912,0],[-46.137082021999959,-23.172989318999839,0],[-46.137086503999967,-23.172991102999902,0],[-46.137090690999969,-23.172993423999912,0],[-46.137094609999906,-23.172996116999968,0],[-46.137098309999942,-23.17299906299985,0],[-46.137101846999883,-23.173002176999944,0],[-46.137105270999939,-23.17300539799993,0],[-46.137108625999929,-23.173008678999906,0],[-46.13711462599997,-23.173014633999969,0],[-46.137120729999936,-23.173020476999909,0],[-46.137127870999905,-23.173026463999975,0],[-46.137135848999947,-23.173031583999943,0],[-46.137144746999979,-23.173034935999965,0],[-46.137154260999978,-23.173035651999953,0],[-46.137163945999873,-23.173033996999891,0],[-46.137173082999936,-23.17303054599995,0],[-46.137181418999887,-23.173025646999918,0],[-46.137188661999971,-23.173019462999946,0],[-46.137194199999897,-23.173012246999974,0],[-46.137198025999965,-23.173004031999881,0],[-46.137200361999874,-23.17299534599988,0],[-46.13720167199989,-23.172986565999963,0],[-46.137202299999956,-23.172979355999814,0],[-46.137203040999907,-23.172969398999953,0],[-46.137203332999945,-23.172965842999929,0],[-46.137203792999969,-23.172961346999898,0],[-46.137204360999931,-23.172956861999978,0],[-46.137205031999827,-23.172952388999875,0],[-46.137205801999983,-23.172947928999974,0],[-46.13720666599994,-23.172943484999962,0],[-46.13720761999997,-23.172939055999962,0],[-46.137208657999963,-23.172934642999849,0],[-46.13720977499986,-23.17293024699984,0],[-46.137210963999962,-23.172925866999833,0],[-46.13721222099997,-23.17292150399993,0],[-46.137213538999902,-23.172917154999823,0],[-46.137214911999934,-23.172912821999887,0],[-46.137216334999948,-23.172908501999814,0],[-46.137217800999906,-23.172904193999898,0],[-46.137219304999917,-23.172899897999969,0],[-46.137220839999884,-23.172895609999898,0],[-46.137222399999928,-23.172891330999903,0],[-46.137223979999874,-23.172887057999901,0],[-46.137225573999899,-23.172882789999903,0],[-46.137227174999964,-23.172878523999884,0],[-46.137229909999917,-23.172871245999943,0],[-46.1372328839999,-23.172863252999889,0],[-46.13723593799989,-23.172854815999983,0],[-46.13723889299996,-23.172846271999902,0],[-46.13724168199991,-23.172837658999981,0],[-46.13724423899987,-23.172829026999977,0],[-46.137246567999966,-23.172820255999966,0],[-46.137248631999967,-23.172811428999864,0],[-46.137250413999936,-23.172802549999915,0],[-46.137251896999885,-23.172793622999905,0],[-46.137253064999982,-23.172784656999966,0],[-46.137253900999951,-23.1727756599999,0],[-46.137254388999906,-23.172766640999953,0],[-46.137254513999835,-23.172757610999952,0],[-46.137254260999896,-23.172748583999976,0],[-46.137253618999921,-23.172739573999934,0],[-46.137252576999913,-23.172730595999838,0],[-46.137251129999981,-23.172721678999892,0],[-46.137249335999911,-23.172713131999899,0],[-46.137247631999969,-23.17270620499994,0],[-46.137246504999951,-23.172701810999854,0],[-46.137244178999936,-23.172692922999829,0],[-46.137243078999973,-23.17268863899983,0],[-46.137241994999954,-23.172684234999906,0],[-46.137240977999966,-23.172679818999882,0],[-46.137240052999971,-23.172675383999888,0],[-46.13723924899989,-23.172670929999981,0],[-46.137238594999928,-23.172666454999955,0],[-46.137238123999964,-23.172661960999847,0],[-46.137237870999968,-23.172657450999907,0],[-46.137237872999947,-23.172652935999963,0],[-46.137238168999886,-23.172648428999878,0],[-46.137238791999948,-23.172643950999941,0],[-46.137239764999947,-23.172639526999944,0],[-46.137241060999941,-23.172635173999936,0],[-46.137242637999918,-23.172630899999945,0],[-46.137244454999973,-23.172626708999928,0],[-46.137246472999948,-23.172622596999872,0],[-46.137248658999965,-23.172618558999886,0],[-46.137250978999873,-23.172614584999906,0],[-46.137253406999832,-23.172610666999958,0],[-46.137255916999948,-23.172606792999886,0],[-46.137258487999873,-23.172602953999956,0],[-46.137261096999907,-23.172599135999974,0],[-46.13726372799988,-23.172595330999911,0],[-46.137268122999956,-23.172588978999954,0],[-46.137272744999905,-23.172582125999895,0],[-46.137277728999891,-23.172574474999976,0],[-46.137281602999963,-23.172568387999831,0],[-46.137284067999985,-23.172564488999967,0],[-46.137286523999819,-23.172560585999975,0],[-46.137288978999948,-23.172556681999936,0],[-46.137291436999931,-23.172552779999933,0],[-46.137293904999979,-23.172548882999877,0],[-46.137296388999914,-23.17254499399985,0],[-46.137298893999969,-23.17254111799997,0],[-46.137301426999898,-23.172537255999828,0],[-46.137303992999932,-23.172533413999929,0],[-46.137306600999977,-23.17252959599989,0],[-46.137309254999934,-23.172525804999964,0],[-46.137311961999956,-23.172522045999983,0],[-46.137314729999844,-23.172518324999942,0],[-46.137317563999886,-23.17251464799989,0],[-46.137320471999942,-23.172511019999945,0],[-46.137323459999948,-23.17250744699993,0],[-46.13732653399984,-23.172503937999977,0],[-46.137329700999942,-23.172500499999899,0],[-46.137332964999928,-23.172497140999951,0],[-46.137336332999951,-23.172493869999983,0],[-46.137339807999979,-23.172490696999887,0],[-46.137343392999981,-23.172487630999967,0],[-46.137347090999924,-23.172484680999901,0],[-46.13735090299997,-23.172481856999866,0],[-46.137354827999957,-23.172479169999974,0],[-46.137358856999924,-23.172476616999973,0],[-46.137362976999839,-23.172474191999925,0],[-46.137367174999895,-23.172471883999947,0],[-46.137371439999981,-23.172469684999896,0],[-46.137375762999909,-23.172467581999911,0],[-46.137380133999898,-23.172465566999847,0],[-46.137384544999918,-23.172463627999946,0],[-46.13738898999992,-23.172461755999961,0],[-46.137393461999977,-23.172459939999897,0],[-46.137397955999973,-23.17245817099996,0],[-46.137402466999902,-23.172456439999962,0],[-46.137406989999931,-23.172454734999917,0],[-46.137411520999933,-23.172453049999945,0],[-46.13741605599995,-23.172451372999831,0],[-46.137423624999883,-23.172448574999862,0],[-46.137432239999953,-23.172445331999938,0],[-46.137440910999885,-23.172441923999941,0],[-46.137449771999911,-23.172438234999959,0],[-46.137458590999927,-23.172434362999923,0],[-46.137467328999946,-23.172430338999959,0],[-46.137475988999938,-23.172426173999952,0],[-46.13748457499986,-23.172421883999959,0],[-46.137493091999943,-23.172417481999958,0],[-46.137501545999953,-23.172412982999958,0],[-46.137509941999895,-23.172408400999927,0],[-46.137518284999885,-23.172403750999877,0],[-46.13752657699996,-23.172399051999946,0],[-46.137534807999941,-23.172394325999903,0],[-46.137543156999982,-23.172389489999944,0],[-46.137551662999897,-23.172384535999981,0],[-46.137559900999975,-23.172379707999937,0],[-46.137568126999952,-23.172374854999873,0],[-46.137576335999881,-23.172369973999935,0],[-46.137584524999966,-23.17236506099988,0],[-46.137592691999942,-23.1723601139999,0],[-46.137600832999965,-23.172355128999925,0],[-46.137608944999954,-23.172350102999872,0],[-46.137617024999884,-23.172345032999885,0],[-46.137625070999945,-23.172339914999952,0],[-46.137633078999954,-23.172334745999933,0],[-46.137641045999942,-23.17232952199987,0],[-46.137648967999951,-23.172324239999966,0],[-46.137656990999915,-23.172318795999956,0],[-46.137664833999963,-23.172313362999944,0],[-46.13767250199993,-23.172307878999959,0],[-46.137680062999948,-23.172302223999907,0],[-46.137687458999949,-23.172296364999966,0],[-46.137694638999903,-23.172290270999895,0],[-46.137701551999953,-23.172283912999831,0],[-46.137708148999877,-23.172277271999974,0],[-46.137714381999956,-23.172270334999951,0],[-46.137720208999895,-23.172263100999885,0],[-46.137724244999959,-23.172257466999952,0],[-46.137726839999914,-23.172253640999884,0],[-46.137729405999949,-23.172249797999939,0],[-46.137732031999974,-23.172245990999954,0],[-46.137734816999966,-23.172242281999957,0],[-46.137737870999956,-23.172238758999981,0],[-46.137741314999971,-23.172235560999979,0],[-46.137745251999945,-23.172232898999937,0],[-46.137749674999952,-23.172230999999954,0],[-46.137754388999895,-23.17222983399995,0],[-46.137759225999957,-23.172229225999899,0],[-46.137764102999881,-23.172229001999881,0],[-46.137768986999959,-23.172229021999897,0],[-46.137773868999886,-23.172229171999902,0],[-46.13778227399996,-23.172229490999939,0],[-46.137790866999978,-23.172229472999959,0],[-46.137800544999891,-23.17222880199995,0],[-46.137810129999878,-23.172227603999943,0],[-46.137819509999929,-23.172226052999918,0],[-46.137827174999984,-23.172224609999887,0],[-46.1378319559999,-23.172223687999974,0],[-46.137836737999976,-23.172222768999916,0],[-46.137841525999818,-23.172221875999924,0],[-46.137846323999952,-23.172221031999868,0],[-46.137851136999984,-23.172220260999893,0],[-46.137855965999961,-23.172219586999915,0],[-46.137860813999907,-23.172219034999955,0],[-46.137865677999969,-23.172218625999847,0],[-46.137870554999893,-23.172218383999905,0],[-46.13787543799998,-23.172218324999903,0],[-46.137880320999898,-23.17221843599998,0],[-46.137885197999879,-23.17221868699994,0],[-46.137890065999841,-23.172219050999956,0],[-46.137894925999888,-23.172219498999937,0],[-46.137899778999952,-23.172220008999943,0],[-46.137904627999887,-23.17222055499991,0],[-46.137913206999883,-23.172221545999889,0],[-46.137922046999904,-23.172222483999974,0],[-46.137931629999969,-23.172223211999949,0],[-46.13794133499988,-23.172223427999882,0],[-46.137951019999889,-23.172222848999922,0],[-46.137960422999981,-23.172221199999967,0],[-46.137969678999923,-23.172218383999905,0],[-46.137978518999944,-23.172214575999931,0],[-46.137986897999951,-23.172209951999946,0],[-46.137994822999985,-23.172204680999926,0],[-46.13800232799997,-23.172198906999881,0],[-46.138009463999936,-23.17219274699994,0],[-46.138016285999981,-23.172186295999836,0],[-46.138022846999888,-23.172179625999888,0],[-46.138029193999955,-23.172172800999874,0],[-46.138035363999961,-23.172165882999934,0],[-46.138041354999984,-23.172158969999884,0],[-46.138046175999875,-23.172153315999935,0],[-46.138049192999858,-23.172149764999915,0],[-46.138052208999909,-23.172146212999962,0],[-46.138055229999907,-23.172142663999864,0],[-46.138058261999902,-23.172139123999841,0],[-46.138061309999955,-23.172135595999976,0],[-46.138064382999971,-23.172132084999873,0],[-46.13806748199994,-23.172128594999947,0],[-46.138070609999943,-23.172125126999902,0],[-46.138073767999913,-23.172121681999897,0],[-46.138076957999942,-23.172118261999969,0],[-46.138080181999953,-23.17211486899987,0],[-46.138083439999946,-23.172111504999862,0],[-46.138086734999945,-23.172108171999923,0],[-46.13809006799994,-23.172104869999941,0],[-46.138093438999874,-23.17210160299993,0],[-46.138096850999887,-23.172098371999937,0],[-46.138100304999909,-23.17209517799995,0],[-46.138103799999953,-23.172092023999937,0],[-46.138107338999873,-23.172088911999936,0],[-46.138110921999896,-23.172085841999944,0],[-46.138114548999852,-23.172082817999978,0],[-46.138118220999957,-23.172079839999981,0],[-46.138121937999927,-23.17207691099992,0],[-46.138125698999886,-23.172074029999976,0],[-46.138129505999927,-23.172071200999881,0],[-46.138133356999958,-23.172068422999928,0],[-46.138137251999865,-23.172065698999972,0],[-46.138141190999931,-23.172063027999911,0],[-46.138145171999895,-23.172060411999894,0],[-46.138149194999983,-23.172057850999863,0],[-46.138153257999932,-23.172055345999922,0],[-46.138157360999912,-23.172052895999968,0],[-46.138161502999935,-23.172050501999877,0],[-46.138165681999908,-23.172048163999932,0],[-46.138169897999887,-23.172045883999942,0],[-46.138174153999898,-23.172043667999844,0],[-46.138178449999884,-23.172041520999926,0],[-46.138182788999984,-23.17203944799985,0],[-46.138187171999903,-23.172037455999941,0],[-46.138191599999914,-23.172035549999976,0],[-46.138196072999847,-23.172033737999982,0],[-46.138200593999954,-23.172032026999943,0],[-46.138205159999984,-23.172030425999878,0],[-46.138209773999904,-23.172028942999873,0],[-46.138214432999916,-23.172027586999945,0],[-46.138219135999975,-23.172026369999912,0],[-46.138223880999931,-23.172025299999916,0],[-46.138228664999986,-23.172024389999933,0],[-46.138233482999908,-23.172023650999961,0],[-46.138238329999979,-23.172023094999929,0],[-46.138243197999941,-23.172022732999892,0],[-46.138248078999879,-23.17202257699995,0],[-46.13825296199991,-23.172022635999951,0],[-46.13825783599998,-23.172022919999904,0],[-46.138262687999941,-23.17202343699995,0],[-46.138267502999895,-23.172024191999924,0],[-46.138272266999934,-23.172025185999928,0],[-46.138276963999942,-23.172026420999941,0],[-46.138281581999877,-23.17202789199996,0],[-46.138286104999906,-23.172029592999934,0],[-46.13829052299991,-23.17203151699988,0],[-46.138294827999914,-23.172033650999879,0],[-46.138299030999917,-23.172035950999827,0],[-46.138303159999907,-23.172038361999853,0],[-46.138307243999975,-23.172040838999976,0],[-46.138314420999961,-23.172045244999879,0],[-46.138322075999952,-23.172049699999889,0],[-46.138330710999981,-23.172053791999872,0],[-46.138340056999937,-23.172056154999893,0],[-46.138349202999905,-23.172054859999946,0],[-46.138357124999914,-23.172049553999955,0],[-46.1383633559999,-23.172042353999927,0],[-46.138368081999943,-23.172034247999932,0],[-46.138371334999931,-23.172025518999931,0],[-46.138371958999983,-23.17202117699992,0],[-46.138562112999921,-23.172043014999872,0],[-46.138687865999941,-23.172075096999947,0],[-46.138738633999878,-23.172086988999979,0],[-46.138806514999885,-23.172105292999959,0],[-46.138933942999984,-23.17215282799998,0],[-46.139004689999979,-23.17213556199988,0],[-46.139016656999956,-23.172135720999904,0],[-46.139020191999975,-23.172139159999915,0],[-46.139118891999885,-23.172137077999935,0]]],[[[-46.125613195999961,-23.17131025499998,0],[-46.125705346999951,-23.17131511599996,0],[-46.125697194999873,-23.171317396999882,0],[-46.125692668999932,-23.171323564999966,0],[-46.125694621999912,-23.171328987999971,0],[-46.125699441999984,-23.17133289599991,0],[-46.125706608999963,-23.171334527999875,0],[-46.125714114999937,-23.171332476999964,0],[-46.125718089999907,-23.171326854999961,0],[-46.125716653999973,-23.171319778999816,0],[-46.12571083399996,-23.171315405999962,0],[-46.125960272999976,-23.171328564999897,0],[-46.1263257089999,-23.17162987099988,0],[-46.126228967999907,-23.171940460999906,0],[-46.126330265999854,-23.17228886099997,0],[-46.126175775999968,-23.172221936999961,0],[-46.126065918999984,-23.17217226899993,0],[-46.125997740999878,-23.172159443999931,0],[-46.125936477999971,-23.172198591999972,0],[-46.125900120999972,-23.172213321999948,0],[-46.125842127999874,-23.172212170999842,0],[-46.125855533999925,-23.172205749999932,0],[-46.12586192099991,-23.172202554999956,0],[-46.125865927999882,-23.172199974999899,0],[-46.125869742999953,-23.172197155999925,0],[-46.125873491999982,-23.172194260999959,0],[-46.125877307999929,-23.172191442999974,0],[-46.125881317999927,-23.172188867999978,0],[-46.12588562399992,-23.172186742999941,0],[-46.125890227999946,-23.172185246999902,0],[-46.125894992999974,-23.172184263999952,0],[-46.125899821999951,-23.172183584999971,0],[-46.125904667999976,-23.17218301999992,0],[-46.125909502999946,-23.172182386999964,0],[-46.125917199999947,-23.172180948999937,0],[-46.125925184999915,-23.172177130999955,0],[-46.125931910999952,-23.172170742999981,0],[-46.125937810999972,-23.172162853999851,0],[-46.125942613999939,-23.172154821999982,0],[-46.125946062999958,-23.172146334999979,0],[-46.125945314999967,-23.172129083999891,0],[-46.125941808999869,-23.172122713999897,0],[-46.125939281999933,-23.172118849999947,0],[-46.125936569999965,-23.172115093999878,0],[-46.12593375099982,-23.172111362999942,0],[-46.12592458499995,-23.172106135999968,0],[-46.125918614999875,-23.172102965999954,0],[-46.125914374999979,-23.172100723999961,0],[-46.125910229999931,-23.172098336999909,0],[-46.125906310999937,-23.172095645999946,0],[-46.12590283499992,-23.172092480999879,0],[-46.125900141999978,-23.172088725999913,0],[-46.125898455999902,-23.172084496999958,0],[-46.125897634999944,-23.17208004999992,0],[-46.12589748399995,-23.17207553899982,0],[-46.125897852999969,-23.172071037999956,0],[-46.12589864499995,-23.172066582999946,0],[-46.125899801999935,-23.172062196999946,0],[-46.125901271999965,-23.172057890999952,0],[-46.125902992999954,-23.172053664999964,0],[-46.125904895999895,-23.172049505999951,0],[-46.125906911999891,-23.172045392999962,0],[-46.125908968999966,-23.172041296999907,0],[-46.125912244999881,-23.172034688999815,0],[-46.125915895999924,-23.172026555999935,0],[-46.125918980999927,-23.172018076999962,0],[-46.125921127999845,-23.172009326999955,0],[-46.125922049999986,-23.172000125999887,0],[-46.125921222999921,-23.171991051999953,0],[-46.125918412999965,-23.171985156999881,0],[-46.125915523999822,-23.171981522999943,0],[-46.125912237999898,-23.171978182999908,0],[-46.125909125999897,-23.171974705999901,0],[-46.125906812999972,-23.171970740999939,0],[-46.125905419999981,-23.171966417999954,0],[-46.125904575999982,-23.171961970999917,0],[-46.125903956999935,-23.171957491999819,0],[-46.125903752999932,-23.171952983999972,0],[-46.125904536999883,-23.17194853999996,0],[-46.125906714999985,-23.171944518999965,0],[-46.125910118999911,-23.171941306999884,0],[-46.125914482999917,-23.171939325999915,0],[-46.125919205999935,-23.171938176999902,0],[-46.125925775999974,-23.171935791999886,0],[-46.125929183999972,-23.171929225999975,0],[-46.125930704999917,-23.171924935999982,0],[-46.12593208099986,-23.171920602999876,0],[-46.125933762999978,-23.171916365999948,0],[-46.125936213999921,-23.171912469999825,0],[-46.125939271999925,-23.171908949999874,0],[-46.125943873999859,-23.171903351999958,0],[-46.125946313999975,-23.17189456199992,0],[-46.125944111999956,-23.171886261999873,0],[-46.125937802999886,-23.171878882999977,0],[-46.125929886999927,-23.17187278199998,0],[-46.12592122999996,-23.171869949999859,0],[-46.12591127699983,-23.171870285999887,0],[-46.125901812999928,-23.171873014999846,0],[-46.125893496999936,-23.171877731999871,0],[-46.125886587999901,-23.171884154999873,0],[-46.125881437999908,-23.171891616999972,0],[-46.125878597999986,-23.171898135999982,0],[-46.125876947999984,-23.171902385999942,0],[-46.125875262999955,-23.171906623999973,0],[-46.12587333099998,-23.171910770999943,0],[-46.125871006999944,-23.17191474099991,0],[-46.125868333999904,-23.171918519999963,0],[-46.125865386999919,-23.171922119999977,0],[-46.12586222799996,-23.171925562999945,0],[-46.125858911999956,-23.17192887799996,0],[-46.125855498999897,-23.171932108999954,0],[-46.125852090999899,-23.171935343999962,0],[-46.125846857999932,-23.171940647999918,0],[-46.125841596999919,-23.171947981999836,0],[-46.125838168999906,-23.171956617999911,0],[-46.125838125999906,-23.17196508599983,0],[-46.125841188999971,-23.171971667999912,0],[-46.125843342999985,-23.17197572099991,0],[-46.125845196999933,-23.171979894999879,0],[-46.125846201999934,-23.171984305999899,0],[-46.125846309999872,-23.171988815999839,0],[-46.125845751999975,-23.17199329999994,0],[-46.12584476599983,-23.171997721999958,0],[-46.125843546999818,-23.172002093999936,0],[-46.125842254999952,-23.172006449999969,0],[-46.125840355999912,-23.172013269999979,0],[-46.125839338999981,-23.172019711999894,0],[-46.125838808999958,-23.172024200999942,0],[-46.125838313999907,-23.172028692999959,0],[-46.125837702999945,-23.172033173999864,0],[-46.125836818999971,-23.172037613999976,0],[-46.125835518999963,-23.172041964999949,0],[-46.125833824999972,-23.172046198999965,0],[-46.125831877999985,-23.172050340999931,0],[-46.125829806999946,-23.172054429999946,0],[-46.125827726999944,-23.172058515999936,0],[-46.125824583999929,-23.172065098999951,0],[-46.125821966999979,-23.172073185999977,0],[-46.125820451999971,-23.17208201599982,0],[-46.125819804999878,-23.172090819999937,0],[-46.125819643999876,-23.172098079999898,0],[-46.125819585999977,-23.172102594999899,0],[-46.125819522999961,-23.172107110999946,0],[-46.125819408999973,-23.172111624999957,0],[-46.125819203999924,-23.172116136999875,0],[-46.125818888999902,-23.172120643999904,0],[-46.125818452999965,-23.172125140999924,0],[-46.125817881999978,-23.172129625999958,0],[-46.125817163999955,-23.172134092999954,0],[-46.125816286999964,-23.172138534999874,0],[-46.125815238999962,-23.172142944999962,0],[-46.125814009999942,-23.172147315999894,0],[-46.125812591999932,-23.172151636999899,0],[-46.125811025999951,-23.172155913999973,0],[-46.125809422999907,-23.172160179999878,0],[-46.125807896999959,-23.172164469999871,0],[-46.125805795999895,-23.172171332999937,0],[-46.125804701999982,-23.172180082999944,0],[-46.125805932999981,-23.172189167999875,0],[-46.125809985999979,-23.172197312999856,0],[-46.125817147999953,-23.172203076999892,0],[-46.125826288999974,-23.172206518999928,0],[-46.125836842999888,-23.172212065999929,0],[-46.125779678999947,-23.172210931999928,0],[-46.125684299999875,-23.172274656999946,0],[-46.125632433999954,-23.171728824999889,0],[-46.125613195999961,-23.17131025499998,0]]],[[[-46.124161622999907,-23.171979438999927,0],[-46.123996666999972,-23.171565566999902,0],[-46.123917989999939,-23.171206698999981,0],[-46.124188644999947,-23.171132609999972,0],[-46.124331982999877,-23.171372217999874,0],[-46.124460101999944,-23.171704278999982,0],[-46.124753278999947,-23.172104254999965,0],[-46.12505200399994,-23.172388282999918,0],[-46.125317067999958,-23.172691075999921,0],[-46.125292274999936,-23.172677198999963,0],[-46.125214438999876,-23.172660061999864,0],[-46.125150736999956,-23.172643906999951,0],[-46.125068996999858,-23.172590984999943,0],[-46.124979932999963,-23.172484360999874,0],[-46.124949723999919,-23.172481669999911,0],[-46.124947574999851,-23.172476889999871,0],[-46.12494302399989,-23.172469314999887,0],[-46.124938735999933,-23.172463217999905,0],[-46.124936037999873,-23.172459453999977,0],[-46.124933382999984,-23.172455662999937,0],[-46.124930847999963,-23.172451803999934,0],[-46.12492846899994,-23.172447859999977,0],[-46.124926219999963,-23.172443850999912,0],[-46.124924071999942,-23.172439794999946,0],[-46.124921997999934,-23.172435706999863,0],[-46.124919973999965,-23.172431596999957,0],[-46.12491797499996,-23.172427476999871,0],[-46.124914597999975,-23.172420496999848,0],[-46.124910709999881,-23.172412740999903,0],[-46.124906332999899,-23.172404773999972,0],[-46.124901369999918,-23.172397026999931,0],[-46.124895544999958,-23.172389792999979,0],[-46.124888708999947,-23.172383699999898,0],[-46.124880558999962,-23.172378971999876,0],[-46.124871623999979,-23.172375561999957,0],[-46.124862378999978,-23.172373105999839,0],[-46.124854773999971,-23.172371536999947,0],[-46.124849991999952,-23.172370615999967,0],[-46.124845204999986,-23.172369720999825,0],[-46.124840419999941,-23.172368815999903,0],[-46.124835643999916,-23.172367870999949,0],[-46.124830882999959,-23.172366860999944,0],[-46.124826145999918,-23.172365761999913,0],[-46.124821440999881,-23.17236455199992,0],[-46.124816775999932,-23.172363214999905,0],[-46.124812160999909,-23.172361734999981,0],[-46.12480760699998,-23.172360100999981,0],[-46.124803125999961,-23.172358305999921,0],[-46.124798726999984,-23.172356342999933,0],[-46.124794421999979,-23.172354211999959,0],[-46.124790218999976,-23.172351911999954,0],[-46.12478612599989,-23.17234944799992,0],[-46.124778539999966,-23.17234459499997,0],[-46.124770895999973,-23.172340267999971,0],[-46.124764650999964,-23.172339658999931,0],[-46.124758218999887,-23.172343080999838,0],[-46.12475768399986,-23.17235015499989,0],[-46.124760400999889,-23.172353832999931,0],[-46.124764438999875,-23.172356356999956,0],[-46.124768833999894,-23.172358324999948,0],[-46.124773330999972,-23.172360085999912,0],[-46.124777827999935,-23.172361849999959,0],[-46.124782237999909,-23.172363788999974,0],[-46.124786422999932,-23.172366109999871,0],[-46.124790074999964,-23.172369092999929,0],[-46.124792701999979,-23.17237288299998,0],[-46.124794346999977,-23.172377128999983,0],[-46.124795425999935,-23.172381531999974,0],[-46.124796317999937,-23.172385971999915,0],[-46.124797105999903,-23.172390427999915,0],[-46.124797802999979,-23.172394897999936,0],[-46.124798421999856,-23.172399376999977,0],[-46.124798976999898,-23.172403863999875,0],[-46.124799482999947,-23.172408355999892,0],[-46.124799954999958,-23.172412849999944,0],[-46.124800407999942,-23.172417346999964,0],[-46.124800486999845,-23.17241813399994,0],[-46.124801259999913,-23.172422592999908,0],[-46.12480202099988,-23.172427052999922,0],[-46.124802755999951,-23.172431517999939,0],[-46.124803454999892,-23.172435986999972,0],[-46.124804104999953,-23.172440462999816,0],[-46.124804694999909,-23.172444945999928,0],[-46.124805213999878,-23.172449435999908,0],[-46.124805653999829,-23.172453932999929,0],[-46.124806003999936,-23.172458437999978,0],[-46.124806256999875,-23.172462946999872,0],[-46.124806369999874,-23.172466350999912,0],[-46.124770299999909,-23.172469472999978,0],[-46.124759139999981,-23.172652520999861,0],[-46.124716613999908,-23.172791484999891,0],[-46.124609655999961,-23.172588413999961,0],[-46.124468084999876,-23.172340736999899,0],[-46.124161622999907,-23.171979438999927,0]]],[[[-46.22454780399994,-23.161369219999926,0],[-46.224593365999965,-23.161297622999939,0],[-46.224656335999953,-23.161247854999942,0],[-46.224808456999938,-23.161135607999938,0],[-46.224891987999968,-23.161181237999983,0],[-46.225090242999954,-23.161320321999881,0],[-46.225240476999943,-23.161566462999929,0],[-46.225285496999959,-23.161771450999879,0],[-46.225290087999952,-23.161813358999893,0],[-46.225023569999962,-23.162121691999914,0],[-46.224858780999909,-23.162276098999826,0],[-46.224773369999923,-23.162281147999977,0],[-46.22457869349978,-23.162151485999914,0],[-46.224580366999874,-23.162148935999937,0],[-46.224582822999878,-23.162145032999888,0],[-46.22458522699992,-23.16214110199985,0],[-46.224587607999922,-23.16213715899994,0],[-46.224589981999941,-23.16213321299989,0],[-46.224592362999886,-23.162129269999923,0],[-46.224594764999893,-23.162125338999942,0],[-46.224597204999952,-23.162121426999818,0],[-46.224599697999963,-23.162117543999955,0],[-46.224602259999983,-23.162113698999974,0],[-46.224604904999865,-23.16210990299993,0],[-46.224607648999893,-23.16210616799998,0],[-46.224610501999962,-23.162102502999915,0],[-46.224613475999945,-23.162098920999824,0],[-46.224616577999939,-23.16209543399998,0],[-46.224619809999922,-23.162092047999977,0],[-46.224623170999962,-23.162088771999947,0],[-46.224626662999981,-23.162085615999956,0],[-46.224630285999922,-23.162082587999976,0],[-46.224634041999877,-23.162079702999904,0],[-46.22463793299994,-23.162076972999955,0],[-46.224641956999903,-23.162074415999939,0],[-46.224646115999974,-23.162072048999903,0],[-46.224650405999967,-23.162069892999909,0],[-46.22465482299998,-23.162067967999917,0],[-46.224659348999921,-23.162066270999958,0],[-46.22466395899994,-23.162064782999948,0],[-46.224668634999887,-23.162063480999905,0],[-46.22467335999994,-23.162062338999817,0],[-46.224678119999965,-23.162061329999972,0],[-46.224682905999941,-23.162060427999904,0],[-46.224687707999976,-23.162059607999936,0],[-46.224692520999895,-23.162058842999954,0],[-46.224697339999977,-23.162058106999893,0],[-46.224702159999936,-23.16205737699994,0],[-46.224706975999936,-23.16205662699997,0],[-46.224711782999975,-23.162055832999897,0],[-46.224716576999867,-23.162054969999929,0],[-46.224721349999982,-23.162054011999942,0],[-46.224726091999855,-23.162052934999906,0],[-46.224730793999981,-23.162051714999905,0],[-46.224735441999826,-23.162050327999964,0],[-46.224740032999932,-23.162048790999847,0],[-46.224744579999935,-23.16204714099996,0],[-46.22474909399989,-23.162045417999934,0],[-46.2247535919999,-23.162043658999949,0],[-46.224758090999899,-23.162041900999895,0],[-46.224762605999956,-23.162040180999952,0],[-46.224767154999938,-23.162038536999887,0],[-46.224771750999878,-23.16203700899996,0],[-46.22477640399984,-23.162035638999896,0],[-46.224781119999875,-23.162034468999821,0],[-46.224785895999901,-23.162033527999938,0],[-46.224790709999979,-23.162032769999939,0],[-46.224795542999914,-23.162032119999878,0],[-46.224800381999955,-23.162031504999902,0],[-46.2248052139999,-23.162030849999951,0],[-46.224810026999933,-23.16203008399998,0],[-46.22481479999982,-23.16202913199993,0],[-46.224819503999925,-23.1620279199999,0],[-46.224824110999975,-23.162026424999965,0],[-46.22482863099998,-23.162024713999983,0],[-46.224833086999979,-23.162022865999916,0],[-46.224837509999986,-23.162020951999921,0],[-46.224841935999848,-23.16201904199994,0],[-46.224846396999965,-23.162017204999813,0],[-46.224850924999942,-23.162015512999915,0],[-46.224855541999887,-23.162014043999818,0],[-46.224860259999957,-23.162012882999875,0],[-46.224865069999964,-23.1620121119999,0],[-46.224869939999962,-23.162011800999892,0],[-46.224874820999901,-23.162011912999901,0],[-46.224879688999863,-23.162012273999949,0],[-46.22488454899991,-23.16201271999995,0],[-46.22488941599994,-23.162013094999907,0],[-46.224894296999935,-23.162013220999938,0],[-46.224899162999975,-23.162012875999892,0],[-46.224903892999976,-23.16201178599988,0],[-46.224908235999976,-23.162009741999896,0],[-46.22491204399995,-23.162006923999911,0],[-46.22491537999997,-23.162003629999845,0],[-46.224918355999932,-23.162000050999893,0],[-46.224921077999909,-23.16199630199992,0],[-46.224923636999961,-23.161992455999894,0],[-46.22492607099997,-23.161988540999914,0],[-46.224928367999894,-23.161984555999936,0],[-46.224930509999979,-23.161980497999878,0],[-46.22493247899996,-23.161976365999976,0],[-46.224934255999926,-23.161972159999891,0],[-46.224935823999886,-23.161967883999978,0],[-46.224937164999972,-23.161963541999967,0],[-46.224938265999981,-23.161959142999876,0],[-46.224939113999881,-23.161954696999942,0],[-46.224939709999944,-23.161950214999933,0],[-46.224940093999976,-23.161945713999955,0],[-46.224940318999984,-23.161941202999913,0],[-46.224940433999905,-23.161936688999901,0],[-46.224940483999831,-23.161932172999968,0],[-46.224940514999901,-23.161927656999865,0],[-46.224940571999923,-23.161923141999921,0],[-46.224940700999923,-23.16191862799991,0],[-46.224940947999869,-23.16191411799997,0],[-46.224941362999971,-23.161909618999971,0],[-46.224941997999963,-23.161905141999966,0],[-46.224942905999853,-23.161900705999926,0],[-46.224944139999934,-23.161896337999849,0],[-46.224945741999818,-23.161892072999933,0],[-46.224947704999977,-23.161887938999939,0],[-46.224949985999899,-23.161883946999978,0],[-46.22495254599994,-23.16188010299993,0],[-46.224955349999902,-23.161876405999976,0],[-46.224958364999964,-23.161872853999967,0],[-46.224961564999887,-23.161869442999944,0],[-46.224964924999881,-23.161866166999914,0],[-46.224968426999908,-23.161863019999942,0],[-46.224972053999863,-23.161859994999929,0],[-46.224975791999896,-23.161857088999966,0],[-46.224979628999961,-23.161854295999831,0],[-46.224983551999912,-23.16185160699996,0],[-46.224987545999966,-23.161849007999933,0],[-46.22499159399996,-23.161846481999874,0],[-46.224995681999928,-23.161844010999971,0],[-46.224999792999938,-23.161841573999936,0],[-46.225003914999945,-23.161839150999981,0],[-46.225008030999902,-23.161836720999872,0],[-46.225012127999889,-23.161834263999936,0],[-46.225016191999941,-23.161831758999938,0],[-46.225020207999933,-23.161829188999889,0],[-46.225024159999975,-23.161826535999921,0],[-46.225028030999965,-23.161823782999875,0],[-46.225031801999933,-23.161820914999907,0],[-46.22503545099994,-23.161817913999926,0],[-46.225038951999977,-23.161814764999917,0],[-46.225042273999975,-23.161811455999839,0],[-46.225045382999895,-23.161807973999885,0],[-46.225048240999968,-23.161804313999937,0],[-46.225050808999981,-23.161800473999904,0],[-46.225053048999882,-23.161796461999927,0],[-46.22505493999995,-23.161792299999945,0],[-46.225056465999899,-23.161788011999931,0],[-46.22505760699994,-23.161783621999916,0],[-46.225058340999965,-23.161779158999934,0],[-46.225058675999946,-23.161774654999817,0],[-46.225058696999838,-23.161770139999874,0],[-46.2250585029999,-23.161765627999955,0],[-46.225058185999956,-23.161761121999916,0],[-46.22505783899993,-23.161756616999924,0],[-46.225057552999942,-23.161752109999895,0],[-46.225057424999932,-23.161747595999884,0],[-46.225057555999911,-23.16174308199993,0],[-46.225058056999956,-23.161738591999949,0],[-46.225059032999866,-23.161734168999942,0],[-46.225060515999985,-23.161729868999942,0],[-46.225062374999879,-23.161725693999927,0],[-46.225064465999935,-23.161721612999941,0],[-46.225066665999975,-23.161717581999881,0],[-46.225068864999969,-23.161713549999888,0],[-46.22507094499997,-23.161709463999841,0],[-46.225072776999923,-23.161705278999932,0],[-46.225074293999967,-23.16170098799995,0],[-46.225075514999901,-23.161696615999915,0],[-46.225076476999959,-23.161692188999893,0],[-46.225077225999939,-23.161687726999901,0],[-46.225077812999984,-23.161683244999892,0],[-46.225078287999963,-23.161678749999965,0],[-46.225078697999891,-23.161674250999965,0],[-46.225079083999901,-23.161669748999941,0],[-46.225079480999966,-23.161665247999906,0],[-46.225079917999892,-23.161660750999886,0],[-46.225080380999941,-23.161656254999968,0],[-46.225080825999896,-23.161651757999948,0],[-46.225081208999939,-23.161647255999924,0],[-46.225081484999862,-23.161642747999906,0],[-46.225081596999871,-23.161638233999895,0],[-46.225081474999968,-23.161633719999941,0],[-46.225081019999891,-23.161629224999956,0],[-46.225080089999835,-23.161624794999852,0],[-46.225078482999947,-23.16162053599993,0],[-46.225075960999845,-23.161616682999977,0],[-46.225072400999977,-23.161613615999897,0],[-46.225068074999967,-23.1616115409999,0],[-46.225063405999947,-23.161610229999951,0],[-46.225058601999933,-23.161609424999824,0],[-46.225053746999947,-23.161608942999976,0],[-46.225048872999935,-23.161608656999931,0],[-46.225043992999929,-23.161608473999934,0],[-46.22503911299998,-23.161608312999817,0],[-46.225034234999953,-23.161608095999952,0],[-46.225029363999965,-23.161607764999928,0],[-46.225024509999855,-23.161607267999898,0],[-46.225019689999897,-23.161606548999941,0],[-46.225014926999961,-23.161605551999855,0],[-46.22501025899993,-23.161604229999909,0],[-46.22500572499996,-23.161602553999955,0],[-46.225001353999971,-23.161600542999963,0],[-46.224997158999884,-23.16159823199996,0],[-46.224993150999921,-23.161595653999939,0],[-46.224989336999954,-23.161592834999965,0],[-46.22498572499984,-23.161589796999976,0],[-46.224982323999825,-23.161586556999964,0],[-46.224979143999917,-23.16158312999994,0],[-46.224976199999958,-23.161579527999834,0],[-46.224973486999886,-23.161575773999971,0],[-46.224970959999951,-23.161571909999907,0],[-46.224968563999937,-23.161567974999855,0],[-46.224966236999933,-23.161564004999946,0],[-46.224963915999979,-23.161560030999908,0],[-46.224961536999956,-23.161556087999941,0],[-46.224959034999927,-23.161552209999968,0],[-46.224956346999875,-23.161548440999923,0],[-46.224953415999835,-23.161544829999968,0],[-46.224950195999895,-23.161541435999879,0],[-46.224946663999958,-23.161538319999977,0],[-46.224942823999925,-23.161535532999835,0],[-46.224938701999861,-23.161533114999884,0],[-46.224934317999953,-23.161531129999901,0],[-46.22492969599989,-23.161529682999969,0],[-46.224924887999975,-23.161528924999914,0],[-46.224920010999824,-23.161528974999896,0],[-46.224915196999973,-23.161529718999873,0],[-46.224910501999943,-23.161530954999876,0],[-46.224905912999873,-23.161532498999918,0],[-46.224901388999967,-23.161534200999881,0],[-46.224896881999939,-23.161535937999872,0],[-46.224892342999908,-23.161537605999911,0],[-46.224887738999882,-23.161539109999865,0],[-46.224883055999953,-23.161540389999971,0],[-46.224878292999904,-23.161541381999939,0],[-46.224873456999944,-23.16154200099993,0],[-46.224868577999985,-23.161542135999923,0],[-46.224863727999946,-23.161541645999876,0],[-46.224859043999913,-23.16154039099996,0],[-46.224854726999922,-23.16153829599989,0],[-46.224850899999979,-23.1615354999999,0],[-46.224847565999937,-23.161532203999911,0],[-46.224844698999959,-23.161528551999879,0],[-46.224842274999958,-23.161524633999932,0],[-46.22484026799998,-23.161520517999918,0],[-46.224838573999932,-23.161516283999845,0],[-46.224837041999876,-23.161511995999945,0],[-46.224835512999846,-23.161507706999942,0],[-46.224833811999986,-23.161503474999847,0],[-46.224831759999972,-23.161499378999963,0],[-46.224829188999934,-23.161495543999877,0],[-46.224826075999943,-23.161492067999973,0],[-46.224822751999966,-23.161488758999951,0],[-46.224819576999948,-23.161485329999948,0],[-46.224816940999972,-23.161481534999893,0],[-46.224815060999845,-23.161477373999901,0],[-46.224813896999933,-23.161472991999972,0],[-46.224813382999969,-23.16146850399997,0],[-46.224813453999957,-23.161463991999938,0],[-46.22481406299994,-23.161459512999954,0],[-46.224815178999961,-23.161455118999925,0],[-46.224816614999952,-23.161450802999923,0],[-46.22481796999989,-23.161446464999926,0],[-46.224818762999973,-23.161442014999977,0],[-46.224818533999951,-23.161437513999886,0],[-46.22481733199993,-23.161433143999886,0],[-46.224815365999973,-23.161429013999907,0],[-46.224812807999911,-23.161425170999962,0],[-46.224809774999926,-23.161421633999907,0],[-46.224806345999923,-23.161418421999826,0],[-46.224802567999973,-23.161415563999924,0],[-46.224798473999954,-23.161413105999941,0],[-46.224794097999961,-23.161411107999925,0],[-46.224789483999928,-23.161409636999963,0],[-46.224784695999972,-23.161408768999934,0],[-46.224779820999856,-23.161408571999971,0],[-46.224774965999984,-23.161409024999955,0],[-46.22477020599996,-23.161410024999952,0],[-46.224765576999914,-23.161411459999954,0],[-46.224761085999887,-23.161413231999916,0],[-46.224756723999974,-23.161415261999935,0],[-46.224752476999981,-23.161417490999838,0],[-46.224748353999985,-23.16141990999995,0],[-46.224744374999943,-23.161422527999889,0],[-46.224740566999969,-23.161425353999959,0],[-46.224736962999941,-23.161428400999853,0],[-46.224733606999962,-23.161431679999964,0],[-46.224730552999972,-23.16143520199995,0],[-46.224727863999931,-23.161438968999903,0],[-46.224725615999887,-23.161442975999819,0],[-46.224723885999936,-23.161447195999983,0],[-46.224722714999928,-23.16145157699998,0],[-46.224722000999975,-23.16145604299993,0],[-46.224721605999946,-23.161460543999851,0],[-46.224721396999882,-23.161465054999951,0],[-46.224721251999881,-23.161469568999962,0],[-46.22472105099996,-23.161474080999881,0],[-46.224720689999913,-23.161478583999894,0],[-46.22472016099988,-23.161483072999943,0],[-46.224719486999902,-23.161487544999943,0],[-46.224718694999865,-23.161492000999942,0],[-46.224717813999973,-23.161496442999976,0],[-46.224716872999977,-23.161500873999898,0],[-46.224715899999978,-23.161505298999884,0],[-46.224714921999976,-23.161509722999938,0],[-46.224713961999896,-23.161514150999949,0],[-46.224713058999839,-23.161518588999854,0],[-46.224712257999954,-23.161523042999931,0],[-46.224711607999893,-23.161527518999947,0],[-46.224711167999942,-23.161532015999967,0],[-46.224711007999929,-23.161536527999829,0],[-46.224711215999946,-23.161541037999939,0],[-46.224711906999914,-23.161545505999925,0],[-46.224713211999926,-23.161549853999929,0],[-46.224715258999936,-23.161553946999959,0],[-46.224718099999905,-23.161557610999978,0],[-46.224721549999913,-23.161560802999873,0],[-46.224725327999977,-23.161563662999924,0],[-46.22472924899995,-23.161566354999877,0],[-46.224733179999816,-23.161569034999957,0],[-46.22473700199987,-23.161571844999912,0],[-46.224740567999959,-23.16157492699989,0],[-46.224743673999967,-23.161578406999922,0],[-46.224746148999827,-23.16158229499996,0],[-46.224748033999958,-23.161586457999874,0],[-46.224749424999914,-23.161590783999941,0],[-46.224750422999932,-23.16159520399998,0],[-46.224751106999975,-23.161599673999888,0],[-46.224751540999932,-23.161604171999898,0],[-46.22475179199995,-23.161608681999951,0],[-46.224751927999932,-23.161613194999973,0],[-46.224752020999972,-23.161617709999973,0],[-46.224752140999954,-23.161622224999974,0],[-46.224752360999958,-23.161626735999903,0],[-46.224752751999915,-23.161631236999938,0],[-46.22475336499997,-23.161635715999864,0],[-46.224754164999865,-23.161640170999874,0],[-46.224755085999959,-23.161644604999879,0],[-46.224756070999945,-23.161649028999875,0],[-46.224757057999909,-23.161653450999893,0],[-46.224757990999933,-23.161657883999908,0],[-46.224758807999876,-23.161662335999949,0],[-46.22475944699994,-23.161666811999964,0],[-46.224759845999984,-23.161671311999953,0],[-46.224759953999978,-23.161675825999964,0],[-46.224759831999961,-23.161680339999918,0],[-46.224759588999973,-23.161684849999915,0],[-46.224759333999941,-23.161689359999968,0],[-46.224759172999939,-23.161693872999876,0],[-46.224759213999903,-23.161698387999877,0],[-46.224759539999866,-23.161702892999983,0],[-46.224760121999907,-23.161707375999924,0],[-46.224760901999957,-23.161711833999959,0],[-46.224761823999984,-23.161716267999964,0],[-46.224762835999968,-23.161720685999967,0],[-46.224763883999969,-23.161725096999874,0],[-46.224764916999959,-23.161729509999873,0],[-46.224765884999954,-23.161733935999905,0],[-46.224766767999938,-23.161738377999939,0],[-46.224767568999823,-23.161742831999845,0],[-46.224768293999944,-23.161747297999966,0],[-46.224768947999848,-23.161751772999878,0],[-46.224769536999986,-23.161756255999876,0],[-46.224770064999916,-23.161760744999981,0],[-46.224770539999952,-23.161765238999919,0],[-46.224770965999937,-23.161769737999919,0],[-46.224771349999969,-23.161774238999953,0],[-46.224771683999961,-23.161778744999879,0],[-46.224771944999929,-23.161783253999886,0],[-46.224772105999932,-23.161787766999907,0],[-46.224772141999949,-23.161792282999954,0],[-46.224772024999936,-23.161796796999965,0],[-46.224771726999961,-23.16180130399988,0],[-46.224771221999958,-23.161805794999907,0],[-46.224770482999986,-23.161810257999832,0],[-46.224769491999893,-23.161814678999917,0],[-46.224768255999948,-23.161819047999927,0],[-46.224766789999933,-23.16182335499991,0],[-46.22476510499996,-23.161827592999941,0],[-46.224763212999903,-23.161831754999923,0],[-46.224761127999898,-23.161835838999878,0],[-46.22475889899988,-23.161839855999972,0],[-46.224756583999977,-23.161843832999921,0],[-46.224754245999975,-23.161847796999893,0],[-46.224751941999955,-23.16185177899996,0],[-46.224749732999953,-23.161855805999949,0],[-46.224747667999964,-23.161859897999932,0],[-46.224745734999942,-23.161864044999902,0],[-46.224743903999979,-23.161868230999914,0],[-46.224742144999936,-23.161872443999982,0],[-46.224740426999972,-23.161876670999902,0],[-46.224738718999902,-23.161880901999893,0],[-46.224736990999929,-23.161885124999969,0],[-46.224735211999985,-23.161889330999884,0],[-46.22473335199993,-23.161893505999956,0],[-46.224731419999955,-23.161897653999972,0],[-46.224729445999969,-23.161901783999951,0],[-46.224727458999951,-23.161905908999927,0],[-46.224725489999969,-23.161910041999931,0],[-46.224723570999913,-23.161914193999905,0],[-46.224721730999931,-23.161918376999893,0],[-46.224720002999959,-23.161922599999968,0],[-46.22471840399993,-23.161926866999977,0],[-46.224716766999961,-23.161931120999952,0],[-46.224714783999957,-23.161935245999871,0],[-46.224712375999957,-23.161939172999837,0],[-46.224709684999937,-23.16194294099995,0],[-46.224706848999858,-23.161946616999899,0],[-46.22470399499997,-23.161950281999964,0],[-46.224701242999913,-23.16195401199991,0],[-46.2246987179999,-23.161957875999974,0],[-46.224696548999873,-23.161961919999953,0],[-46.224694857999907,-23.161966153999913,0],[-46.22469357499989,-23.161970509999946,0],[-46.224692473999824,-23.161974909999969,0],[-46.224691330999974,-23.161979299999871,0],[-46.224689886999954,-23.161983611999972,0],[-46.22468779899998,-23.161987685999918,0],[-46.224684686999979,-23.161991144999945,0],[-46.224680663999891,-23.16199368499997,0],[-46.224676165999881,-23.16199543099998,0],[-46.224671457999932,-23.161996623999983,0],[-46.224667877999934,-23.161997249999956,0],[-46.224505692999912,-23.161669809999921,0],[-46.224524389999942,-23.16150665899994,0],[-46.22454780399994,-23.161369219999926,0]]],[[[-46.220879025999977,-23.160101989999873,0],[-46.220879355999898,-23.160100808999971,0],[-46.220880252999962,-23.160096371999941,0],[-46.220880721999833,-23.160091878999935,0],[-46.220880874999921,-23.160087365999914,0],[-46.220880812999837,-23.160082849999981,0],[-46.220880627999975,-23.160078337999948,0],[-46.220880409999893,-23.160073826999962,0],[-46.220880250999983,-23.160069312999951,0],[-46.220880256999976,-23.160064797999894,0],[-46.220880557999976,-23.160060291999969,0],[-46.220881321999968,-23.160055833999877,0],[-46.220882751999909,-23.160051521999947,0],[-46.220885034999924,-23.160047539999823,0],[-46.220888190999915,-23.160044103999894,0],[-46.220891956999935,-23.160041235999927,0],[-46.22089608999994,-23.160038832999874,0],[-46.220900442999948,-23.160036788999889,0],[-46.220904933999975,-23.160035014999949,0],[-46.220909512999981,-23.160033445999886,0],[-46.220914148999952,-23.160032025999953,0],[-46.22091882899997,-23.160030737999932,0],[-46.220923548999906,-23.160029579999843,0],[-46.220928304999859,-23.160028552999847,0],[-46.220933091999882,-23.160027657999933,0],[-46.220937903999925,-23.160026891999962,0],[-46.220942738999895,-23.160026253999945,0],[-46.220947590999856,-23.16002574099997,0],[-46.220952455999907,-23.160025349999955,0],[-46.220957330999966,-23.160025074999908,0],[-46.220962210999915,-23.160024913999905,0],[-46.220967093999946,-23.160024859999965,0],[-46.220971977999909,-23.160024908999901,0],[-46.220976858999961,-23.160025053999902,0],[-46.220981735999942,-23.160025288999918,0],[-46.220986607999976,-23.160025607999955,0],[-46.220991471999923,-23.160026004999906,0],[-46.220996329999878,-23.160026472999959,0],[-46.221001178999927,-23.160027005999893,0],[-46.22100602099988,-23.160027596999953,0],[-46.221010854999918,-23.160028242999886,0],[-46.22101567899989,-23.160028942999872,0],[-46.221020493999958,-23.16002969799996,0],[-46.221025298999962,-23.16003050799992,0],[-46.221030091999921,-23.160031374999903,0],[-46.221034871999962,-23.160032297999976,0],[-46.221039638999912,-23.160033277999958,0],[-46.221044392999943,-23.160034314999962,0],[-46.221049130999972,-23.160035409999978,0],[-46.221053851999955,-23.160036562999892,0],[-46.221058556999878,-23.160037773999875,0],[-46.221063243999936,-23.160039043999916,0],[-46.221067911999967,-23.160040371999912,0],[-46.221072558999879,-23.160041758999967,0],[-46.221077185999832,-23.160043204999909,0],[-46.221081790999961,-23.160044708999919,0],[-46.221086371999945,-23.160046271999875,0],[-46.221090929999889,-23.160047893999945,0],[-46.221095462999926,-23.16004957399997,0],[-46.221099970999944,-23.16005131199995,0],[-46.221104450999974,-23.160053108999932,0],[-46.221108903999948,-23.16005496299988,0],[-46.221113328999877,-23.160056873999963,0],[-46.221117723999896,-23.160058842999945,0],[-46.221122089999881,-23.16006086799996,0],[-46.221126423999976,-23.160062948999951,0],[-46.221130726999888,-23.160065084999928,0],[-46.221134996999979,-23.16006727599995,0],[-46.221139233999907,-23.160069520999969,0],[-46.221143436999967,-23.160071819999871,0],[-46.221147606999978,-23.160074171999895,0],[-46.221151740999971,-23.160076575999824,0],[-46.221155840999927,-23.160079028999917,0],[-46.22115991599992,-23.16008151799997,0],[-46.221163974999911,-23.160084028999904,0],[-46.221168028999955,-23.160086547999924,0],[-46.221172086999957,-23.160089059999962,0],[-46.221176158999924,-23.160091552999972,0],[-46.221180256999901,-23.160094009999909,0],[-46.221184388999973,-23.160096416999977,0],[-46.221188565999967,-23.160098756999957,0],[-46.22119279799989,-23.160101009999892,0],[-46.22119709499998,-23.160103155999877,0],[-46.221201465999968,-23.160105169999952,0],[-46.221205916999907,-23.160107026999924,0],[-46.221210453999845,-23.160108695999895,0],[-46.221215078999876,-23.160110144999919,0],[-46.221219787999985,-23.160111338999968,0],[-46.221224571999926,-23.160112241999911,0],[-46.221229414999982,-23.160112820999871,0],[-46.221234290999973,-23.160113046999982,0],[-46.221239170999979,-23.16011290199998,0],[-46.221244023999873,-23.160112401999925,0],[-46.221248833999823,-23.160111625999946,0],[-46.221253601999933,-23.160110649999979,0],[-46.221258335999892,-23.160109541999873,0],[-46.221263049999948,-23.16010836199996,0],[-46.221267758999943,-23.160107163999953,0],[-46.221272479999982,-23.160106004999932,0],[-46.221277226999973,-23.160104944999944,0],[-46.221282012999893,-23.160104049999973,0],[-46.221286844999952,-23.160103400999901,0],[-46.221291715999882,-23.160103094999954,0],[-46.221296595999945,-23.160103216999971,0],[-46.22130144099998,-23.160103776999961,0],[-46.22130620799993,-23.160104748999913,0],[-46.221310867999875,-23.160106094999946,0],[-46.221315402999892,-23.160107767999932,0],[-46.22131980599994,-23.160109720999969,0],[-46.221324077999896,-23.160111907999976,0],[-46.221328226999901,-23.160114288999921,0],[-46.221332264999887,-23.160116827999957,0],[-46.221336204999943,-23.160119496999982,0],[-46.221340059999932,-23.160122268999942,0],[-46.221343844999979,-23.160125121999954,0],[-46.221347572999889,-23.160128038999972,0],[-46.22135125899996,-23.160131001999957,0],[-46.221354912999971,-23.160133996999946,0],[-46.221358549999934,-23.16013701199995,0],[-46.221362179999971,-23.160140031999902,0],[-46.221365815999889,-23.160143047999895,0],[-46.221369467999921,-23.160146044999976,0],[-46.221373147999884,-23.160149013999956,0],[-46.221376867999936,-23.160151939999935,0],[-46.221380637999971,-23.160154810999813,0],[-46.221384468999929,-23.160157610999931,0],[-46.221388371999979,-23.160160324999936,0],[-46.221392356999957,-23.16016293499996,0],[-46.221396434999974,-23.160165419999885,0],[-46.221400611999968,-23.160167758999819,0],[-46.221404896999957,-23.160169924999821,0],[-46.221409291999976,-23.160171892999983,0],[-46.221413791999964,-23.160173646999965,0],[-46.221418379999818,-23.160175190999894,0],[-46.221423042999959,-23.160176533999902,0],[-46.221427764999873,-23.160177684999951,0],[-46.221432533999916,-23.160178657999836,0],[-46.221437337999873,-23.160179465999875,0],[-46.221442169999932,-23.160180121999929,0],[-46.22144702099996,-23.160180642999819,0],[-46.221451885999841,-23.160181039999941,0],[-46.221456758999977,-23.160181328999954,0],[-46.221461637999937,-23.160181521999959,0],[-46.221466520999968,-23.160181633999969,0],[-46.221471403999942,-23.160181675999979,0],[-46.221476287999906,-23.160181659999978,0],[-46.221481170999937,-23.160181598999884,0],[-46.221486053999911,-23.160181503999979,0],[-46.221490935999952,-23.160181385999977,0],[-46.221495817999937,-23.160181256999977,0],[-46.221500699999979,-23.160181128999966,0],[-46.221505581999907,-23.160181011999953,0],[-46.221510464999881,-23.160180918999913,0],[-46.221515347999912,-23.160180861999947,0],[-46.221520231999875,-23.160180854999908,0],[-46.221525114999963,-23.160180909999951,0],[-46.221529996999891,-23.160181043999955,0],[-46.221534873999929,-23.160181270999942,0],[-46.221539743999983,-23.160181608999892,0],[-46.221544600999948,-23.160182074999852,0],[-46.221549439999933,-23.160182687999963,0],[-46.221554248999951,-23.160183469999879,0],[-46.221559017999823,-23.160184440999956,0],[-46.221563731999936,-23.160185620999982,0],[-46.221568370999876,-23.160187029999975,0],[-46.221572913999978,-23.160188684999866,0],[-46.221577336999985,-23.160190598999918,0],[-46.221581611999909,-23.160192779999932,0],[-46.221585724999898,-23.160195213999941,0],[-46.221589687999938,-23.160197850999907,0],[-46.22159352299991,-23.160200646999954,0],[-46.221597254999949,-23.160203559999957,0],[-46.221600910999825,-23.160206552999909,0],[-46.221604517999936,-23.160209597999881,0],[-46.221608101999948,-23.160212665999893,0],[-46.221611686999893,-23.160215731999983,0],[-46.221615294999935,-23.160218775999965,0],[-46.221618946999968,-23.160221772999932,0],[-46.221622661999845,-23.160224704999905,0],[-46.221626455999967,-23.160227548999956,0],[-46.221630338999944,-23.160230286999933,0],[-46.221634323999922,-23.160232896999958,0],[-46.221638421999899,-23.160235352999905,0],[-46.221642643999985,-23.160237620999908,0],[-46.221646999999905,-23.160239660999821,0],[-46.221651497999915,-23.160241418999874,0],[-46.221656134999932,-23.160242830999891,0],[-46.221660897999982,-23.160243818999959,0],[-46.221665750999932,-23.160244296999849,0],[-46.221670628999902,-23.160244183999907,0],[-46.221675447999928,-23.160243464999951,0],[-46.22168015699998,-23.160242273999927,0],[-46.221684755999831,-23.160240756999883,0],[-46.221689271999935,-23.16023903699994,0],[-46.221693741999957,-23.160237217999963,0],[-46.221698206999974,-23.160235389999912,0],[-46.221702708999885,-23.160233638999955,0],[-46.221707283999933,-23.160232059999885,0],[-46.221711958999947,-23.160230757999955,0],[-46.221716731999891,-23.160229809999976,0],[-46.221721569999943,-23.160229196999921,0],[-46.221726439999884,-23.16022887299988,0],[-46.221731322999972,-23.16022878799987,0],[-46.2217362049999,-23.160228889999814,0],[-46.221741081999937,-23.160229126999923,0],[-46.221745952999925,-23.160229450999964,0],[-46.221750820999944,-23.160229813999877,0],[-46.221755689999839,-23.16023016999992,0],[-46.221760561999986,-23.160230473999945,0],[-46.221765440999945,-23.160230678999937,0],[-46.221770323999976,-23.160230737999882,0],[-46.221775204999858,-23.160230605999971,0],[-46.221780076999892,-23.160230288999912,0],[-46.221784935999949,-23.160229839999886,0],[-46.221789785999817,-23.160229312999945,0],[-46.221794633999934,-23.160228760999871,0],[-46.221799483999973,-23.160228236999956,0],[-46.221804344999953,-23.16022779799988,0],[-46.221809217999919,-23.160227500999952,0],[-46.22181409999996,-23.160227402999965,0],[-46.221794963999969,-23.160273736999955,0],[-46.221540784999888,-23.160230684999874,0],[-46.221388895999951,-23.160200702999873,0],[-46.221205228999963,-23.16014128799992,0],[-46.221011191999878,-23.160116717999927,0],[-46.220879025999977,-23.160101989999873,0]]],[[[-46.220750107999947,-23.160093234999977,0],[-46.220715408999922,-23.160080985999912,0],[-46.220715881999979,-23.160076855999932,0],[-46.220715958999961,-23.160072341999921,0],[-46.220715727999959,-23.160067831999982,0],[-46.220715327999983,-23.160063330999947,0],[-46.220714891999876,-23.160058832999937,0],[-46.220714562999945,-23.160054327999944,0],[-46.220714516999919,-23.160049813999933,0],[-46.220714990999966,-23.160045322999906,0],[-46.220716291999906,-23.160040978999973,0],[-46.22071866999994,-23.160037047999936,0],[-46.220721958999945,-23.160033720999934,0],[-46.220725825999978,-23.160030968999934,0],[-46.22073004299989,-23.160028695999927,0],[-46.220734477999883,-23.160026808999874,0],[-46.22073905499991,-23.16002523599991,0],[-46.220743727999945,-23.160023925999894,0],[-46.220748468999886,-23.160022840999886,0],[-46.220753256999956,-23.160021955999923,0],[-46.220758081999975,-23.160021256999869,0],[-46.220762932999946,-23.160020744999827,0],[-46.22076780499998,-23.160020431999953,0],[-46.220772686999965,-23.160020322999969,0],[-46.220777568999893,-23.160020409999959,0],[-46.220782443999951,-23.160020674999885,0],[-46.22078730699991,-23.160021090999919,0],[-46.220792155999959,-23.160021625999889,0],[-46.220796992999908,-23.16002224999994,0],[-46.220801820999952,-23.160022932999937,0],[-46.220806640999911,-23.160023660999968,0],[-46.220811448999939,-23.160024449999867,0],[-46.220816240999909,-23.160025320999921,0],[-46.220821007999973,-23.160026304999917,0],[-46.220825734999892,-23.16002743599995,0],[-46.220830400999944,-23.16002876899995,0],[-46.220834956999965,-23.160030390999907,0],[-46.22083929799993,-23.160032451999882,0],[-46.220843122999895,-23.160035238999967,0],[-46.220845513999848,-23.160039119999908,0],[-46.220845586999928,-23.160043597999959,0],[-46.220844054999816,-23.160047874999918,0],[-46.220841723999968,-23.160051838999891,0],[-46.22083897199991,-23.160055568999951,0],[-46.220835973999954,-23.160059132999891,0],[-46.220832822999967,-23.160062582999899,0],[-46.220829573999936,-23.160065953999833,0],[-46.220826261999946,-23.16006927299992,0],[-46.220822914999928,-23.160072560999936,0],[-46.220819552999899,-23.160075836999852,0],[-46.22081619599993,-23.160079116999952,0],[-46.220812861999889,-23.160082415999966,0],[-46.220809569999972,-23.160085752999976,0],[-46.220806345999961,-23.160089143999983,0],[-46.220803216999968,-23.160092610999982,0],[-46.220800224999834,-23.160096179999925,0],[-46.220750107999947,-23.160093234999977,0]]],[[[-46.222453285999904,-23.160841437999977,0],[-46.222466410999914,-23.160801252999931,0],[-46.222402630999966,-23.160587674999931,0],[-46.222359436999966,-23.160446598999954,0],[-46.22234446799996,-23.160315852999815,0],[-46.222325065999939,-23.160121863999905,0],[-46.222313682999982,-23.159965403999934,0],[-46.222328900999912,-23.159945938999954,0],[-46.222347362999926,-23.15993319699993,0],[-46.22256245799997,-23.159919957999932,0],[-46.222571446999837,-23.159933164999927,0],[-46.222578364999947,-23.160016185999893,0],[-46.222589495999898,-23.160153482999874,0],[-46.222595371999944,-23.160323054999878,0],[-46.222591643999976,-23.16037606499998,0],[-46.222577176999948,-23.160605187999863,0],[-46.222508274999939,-23.160858144999906,0],[-46.222453285999904,-23.160841437999977,0]]],[[[-46.219274261999942,-23.159693101999892,0],[-46.219406097999922,-23.159580863999906,0],[-46.219582270999865,-23.159458933999872,0],[-46.219761456999947,-23.159491912999954,0],[-46.219983651999939,-23.159533499999895,0],[-46.220204921999937,-23.159571155999913,0],[-46.220599423999829,-23.159642096999846,0],[-46.221128624999892,-23.159745420999968,0],[-46.221388516999923,-23.159795943999939,0],[-46.22200763799998,-23.159911798999872,0],[-46.221948250999958,-23.160017407999817,0],[-46.221897483999953,-23.160039649999874,0],[-46.221837076999975,-23.160171766999952,0],[-46.221834876999822,-23.160177091999969,0],[-46.22183473399997,-23.160176450999927,0],[-46.221833809999907,-23.160172016999979,0],[-46.221832975999916,-23.160167567999963,0],[-46.221832198999948,-23.160163108999882,0],[-46.221831446999886,-23.160158647999936,0],[-46.221830686999908,-23.160154186999932,0],[-46.221829886999956,-23.160149731999923,0],[-46.221829013999866,-23.1601452889999,0],[-46.221828031999962,-23.160140865999892,0],[-46.221826903999954,-23.160136471999976,0],[-46.221825589999924,-23.160132122999983,0],[-46.221824048999963,-23.160127838999983,0],[-46.221822238999948,-23.160123645999874,0],[-46.221820118999915,-23.160119578999911,0],[-46.221817657999907,-23.160115679999933,0],[-46.221814854999934,-23.160111982999979,0],[-46.221811760999969,-23.160108489999971,0],[-46.221808427999918,-23.160105190999957,0],[-46.221804900999985,-23.160102067999958,0],[-46.221801219999975,-23.160099099999911,0],[-46.221797418999984,-23.160096265999925,0],[-46.22179352299986,-23.160093542999959,0],[-46.221789555999976,-23.160090908999962,0],[-46.221785537999892,-23.160088341999824,0],[-46.221781484999951,-23.160085822999974,0],[-46.22177741399986,-23.160083327999928,0],[-46.221773338999981,-23.160080838999932,0],[-46.221769276999964,-23.160078331999955,0],[-46.221765244999915,-23.160075784999947,0],[-46.221761253999944,-23.160073180999973,0],[-46.221757298999876,-23.160070532999953,0],[-46.221753360999912,-23.160067860999902,0],[-46.221749425999917,-23.16006518699993,0],[-46.221745473999874,-23.160062533999906,0],[-46.221741486999974,-23.160059925999974,0],[-46.221737449999921,-23.160057385999835,0],[-46.221733345999951,-23.160054937999973,0],[-46.221729164999942,-23.160052603999873,0],[-46.221724898999867,-23.160050405999982,0],[-46.221720544999926,-23.160048361999884,0],[-46.221716102999949,-23.160046484999896,0],[-46.22171157899993,-23.160044784999968,0],[-46.221706979999965,-23.160043268999914,0],[-46.22170231399997,-23.160041935999971,0],[-46.221697590999895,-23.160040784999978,0],[-46.221692822999955,-23.160039810999876,0],[-46.221688017999838,-23.160039002999895,0],[-46.221683184999961,-23.160038357999952,0],[-46.221678327999939,-23.160037884999895,0],[-46.221673453999983,-23.16003761099995,0],[-46.221668570999896,-23.16003759299997,0],[-46.221663704999969,-23.160037952999915,0],[-46.221658967999986,-23.160039010999981,0],[-46.221655351999971,-23.160041847999878,0],[-46.22165569099991,-23.16004624899989,0],[-46.22165802499984,-23.160050203999958,0],[-46.221660979999911,-23.160053796999875,0],[-46.221664222999891,-23.160057172999927,0],[-46.221667630999946,-23.160060406999889,0],[-46.221671146999938,-23.160063540999886,0],[-46.221674736999887,-23.160066602999962,0],[-46.221678378999911,-23.160069610999869,0],[-46.221682058999875,-23.160072579999849,0],[-46.221685764999904,-23.160075520999897,0],[-46.221689487999868,-23.160078442999975,0],[-46.221693218999974,-23.160081357999957,0],[-46.221696945999952,-23.160084275999907,0],[-46.221700658999907,-23.160087208999983,0],[-46.221704342999942,-23.160090173999947,0],[-46.221707980999952,-23.160093186999973,0],[-46.221711547999917,-23.16009626999994,0],[-46.221715015999848,-23.160099449999962,0],[-46.221718344999942,-23.160102752999933,0],[-46.221721492999961,-23.160106205999966,0],[-46.221724408999933,-23.160109826999928,0],[-46.221727048999867,-23.160113623999962,0],[-46.221729379999886,-23.160117590999846,0],[-46.221731386999977,-23.160121706999917,0],[-46.221733074999918,-23.160125943999901,0],[-46.221734451999964,-23.160130275999904,0],[-46.221735513999931,-23.160134681999921,0],[-46.221736243999828,-23.160139145999949,0],[-46.221736619999945,-23.160143647999973,0],[-46.221736605999922,-23.160148161999871,0],[-46.221736163999822,-23.160152657999902,0],[-46.221735244999934,-23.160157090999917,0],[-46.221733804999985,-23.160161402999904,0],[-46.221731806999969,-23.160165519999964,0],[-46.221729252999978,-23.160169365999934,0],[-46.221726220999983,-23.160172901999886,0],[-46.221722792999969,-23.160176116999878,0],[-46.221719041999904,-23.160179005999964,0],[-46.221715023999934,-23.160181569999963,0],[-46.221710784999857,-23.160183809999978,0],[-46.221706361999907,-23.160185720999948,0],[-46.221701785999983,-23.160187296999936,0],[-46.221697085999949,-23.160188519999849,0],[-46.221692290999897,-23.160189368999909,0],[-46.221687432999943,-23.160189809999963,0],[-46.221682550999901,-23.160189799999955,0],[-46.221677702999955,-23.160189281999976,0],[-46.221672963999936,-23.160188201999915,0],[-46.221668406999981,-23.160186584999963,0],[-46.22166406599996,-23.160184520999962,0],[-46.221659939999824,-23.160182106999855,0],[-46.221656001999918,-23.160179436999897,0],[-46.22165221399996,-23.160176587999842,0],[-46.221648530999857,-23.160173621999945,0],[-46.221644906999984,-23.160170595999944,0],[-46.221641295999973,-23.160167554999873,0],[-46.221637652999846,-23.160164546999908,0],[-46.221633934999886,-23.16016161999994,0],[-46.221630097999935,-23.160158825999872,0],[-46.221626103999938,-23.160156227999948,0],[-46.221621938999874,-23.16015387199991,0],[-46.221617625999954,-23.160151754999902,0],[-46.22161319099996,-23.160149864999937,0],[-46.221608658999912,-23.160148183999979,0],[-46.221604048999893,-23.160146693999934,0],[-46.221599379999873,-23.160145370999942,0],[-46.221594664999941,-23.16014419499993,0],[-46.221589914999981,-23.160143143999903,0],[-46.221585140999935,-23.160142193999945,0],[-46.221580348999964,-23.160141322999948,0],[-46.221575544999951,-23.160140510999952,0],[-46.221570731999975,-23.160139742999888,0],[-46.22156591199996,-23.160139014999913,0],[-46.221561085999895,-23.160138324999934,0],[-46.22155625399995,-23.160137670999973,0],[-46.221551415999897,-23.160137049999946,0],[-46.221546574999934,-23.160136459999876,0],[-46.221541728999966,-23.160135896999918,0],[-46.221536879999917,-23.160135357999877,0],[-46.221532028999889,-23.160134839999955,0],[-46.221527174999949,-23.1601343399999,0],[-46.221522318999973,-23.160133855999959,0],[-46.221517461999952,-23.160133382999902,0],[-46.221512604999873,-23.160132918999977,0],[-46.221507745999929,-23.160132460999932,0],[-46.221502886999986,-23.16013200499998,0],[-46.221498027999928,-23.160131549999846,0],[-46.221493169999974,-23.16013108899989,0],[-46.221488313999942,-23.160130605999939,0],[-46.22148346299997,-23.160130084999878,0],[-46.221478619999914,-23.160129507999955,0],[-46.221473786999979,-23.160128858999883,0],[-46.221468968999829,-23.160128118999978,0],[-46.221464171999969,-23.160127269999919,0],[-46.221459403999916,-23.160126293999951,0],[-46.221454674999961,-23.160125169999958,0],[-46.221449994999944,-23.160123877999922,0],[-46.221445381999899,-23.160122397999885,0],[-46.221440852999876,-23.160120709999944,0],[-46.221436430999972,-23.16011879499996,0],[-46.22143214099998,-23.16011663799992,0],[-46.221428010999887,-23.16011422899993,0],[-46.221424070999944,-23.160111562999873,0],[-46.221420347999981,-23.160108640999965,0],[-46.221416867999949,-23.160105474999909,0],[-46.221413642999948,-23.160102084999892,0],[-46.221410651999975,-23.160098515999948,0],[-46.221407859999943,-23.160094811999898,0],[-46.221405232999984,-23.16009100499997,0],[-46.22140273999986,-23.160087121999879,0],[-46.221400352999922,-23.160083181999937,0],[-46.221398044999887,-23.160079202999952,0],[-46.221395789999974,-23.160075196999969,0],[-46.221393563999982,-23.160071177999896,0],[-46.221391340999958,-23.160067156999844,0],[-46.22138909499995,-23.16006314699996,0],[-46.22138679699998,-23.160059161999982,0],[-46.221384412999953,-23.160055220999936,0],[-46.221381903999884,-23.160051346999978,0],[-46.22137922099995,-23.160047573999975,0],[-46.221376306999957,-23.160043951999967,0],[-46.221373086999961,-23.160040558999867,0],[-46.221369481999943,-23.160037515999875,0],[-46.221365427999956,-23.160035008999955,0],[-46.221360929999946,-23.160033270999975,0],[-46.221356130999823,-23.160032487999899,0],[-46.221351253999956,-23.16003257299991,0],[-46.221346431999905,-23.160033277999958,0],[-46.221341701999961,-23.16003439799988,0],[-46.22133705899995,-23.160035793999896,0],[-46.221332482999969,-23.160037371999977,0],[-46.221327953999889,-23.160039062999829,0],[-46.221323453999958,-23.160040816999981,0],[-46.22131896399992,-23.160042592999957,0],[-46.2213144669999,-23.160044353999979,0],[-46.221309947999885,-23.160046066999939,0],[-46.221305396999981,-23.160047705999943,0],[-46.221300812999971,-23.160049261999973,0],[-46.221296194999923,-23.160050730999899,0],[-46.221291542999893,-23.16005210599991,0],[-46.221286856999939,-23.160053378999862,0],[-46.221282137999935,-23.160054540999965,0],[-46.221277386999873,-23.160055582999973,0],[-46.221272603999921,-23.160056493999946,0],[-46.221267790999946,-23.160057260999906,0],[-46.221262952999837,-23.160057870999879,0],[-46.221258091999971,-23.160058305999826,0],[-46.221253215999923,-23.160058549999917,0],[-46.221248332999949,-23.16005858199992,0],[-46.221243453999932,-23.160058379999896,0],[-46.221238596999967,-23.160057921999964,0],[-46.221233779999977,-23.160057181999889,0],[-46.221229028999971,-23.160056138999892,0],[-46.221224375999952,-23.160054771999967,0],[-46.221219855999891,-23.160053065999932,0],[-46.221215507999887,-23.160051012999929,0],[-46.221211370999924,-23.160048614999823,0],[-46.221207481999954,-23.160045885999864,0],[-46.221203864999836,-23.160042853999983,0],[-46.221200498999906,-23.160039582999957,0],[-46.221197328999892,-23.160036147999961,0],[-46.221194303999937,-23.160032602999934,0],[-46.221191369999929,-23.160028992999969,0],[-46.221188478999977,-23.160025353999913,0],[-46.221185581999919,-23.160021718999815,0],[-46.221182626999962,-23.160018122999873,0],[-46.221179561999975,-23.160014607999926,0],[-46.221176326999966,-23.160011225999938,0],[-46.221172857999932,-23.160008047999838,0],[-46.22116909399989,-23.160005174999867,0],[-46.221164983999984,-23.160002740999914,0],[-46.221160527999984,-23.160000904999947,0],[-46.221155819999922,-23.159999718999927,0],[-46.221150987999977,-23.159999077999885,0],[-46.221146111999929,-23.159998848999976,0],[-46.221141228999954,-23.15999891499996,0],[-46.221136353999952,-23.159999174999882,0],[-46.22113148699998,-23.159999547999917,0],[-46.221126623999908,-23.159999964999884,0],[-46.221121758999971,-23.160000359999913,0],[-46.221116886999937,-23.160000670999921,0],[-46.221112005999942,-23.160000830999934,0],[-46.2211071239999,-23.160000768999964,0],[-46.221102256999927,-23.160000404999892,0],[-46.221097442999906,-23.159999653999932,0],[-46.221092725999938,-23.159998488999918,0],[-46.221088130999931,-23.159996963999902,0],[-46.221083662999945,-23.1599951419999,0],[-46.221079313999894,-23.159993087999908,0],[-46.221075067999834,-23.159990857999901,0],[-46.221070901999951,-23.159988501999976,0],[-46.221066789999952,-23.159986064999885,0],[-46.221062704999952,-23.159983589999968,0],[-46.221058618999962,-23.159981116999916,0],[-46.221054502999891,-23.159978686999978,0],[-46.22105032699983,-23.159976345999951,0],[-46.221046062999903,-23.159974144999978,0],[-46.221041685999978,-23.159972141999958,0],[-46.22103717799996,-23.159970408999925,0],[-46.221032530999935,-23.159969024999896,0],[-46.221027759999913,-23.15996807099998,0],[-46.221022906999963,-23.159967580999933,0],[-46.221018024999978,-23.159967493999943,0],[-46.22101314899993,-23.159967733999963,0],[-46.22100829599998,-23.159968228999901,0],[-46.221003468999925,-23.159968912999886,0],[-46.2209986659999,-23.159969731999865,0],[-46.220993879999867,-23.159970632999944,0],[-46.220989102999908,-23.159971569999925,0],[-46.220984323999971,-23.159972498999934,0],[-46.220979532999934,-23.159973374999879,0],[-46.22097472199988,-23.159974149999982,0],[-46.220969884999931,-23.159974770999838,0],[-46.220965021999973,-23.159975178999957,0],[-46.220960140999921,-23.159975304999875,0],[-46.220955264999873,-23.159975074999863,0],[-46.220950432999985,-23.159974428999874,0],[-46.220945681999979,-23.159973389999891,0],[-46.220941031999928,-23.159972011999969,0],[-46.220936489999985,-23.159970354999928,0],[-46.220932049999817,-23.15996847599996,0],[-46.220927699999891,-23.159966423999947,0],[-46.220923420999895,-23.159964245999959,0],[-46.220919195999898,-23.159961981999913,0],[-46.220915002999902,-23.159959666999896,0],[-46.220910821999837,-23.159957332999909,0],[-46.220906632999913,-23.159955010999965,0],[-46.220902416999934,-23.159952730999976,0],[-46.220898156999851,-23.159950524999942,0],[-46.220893834999913,-23.159948421999957,0],[-46.220889437999915,-23.159946455999886,0],[-46.220884957999829,-23.159944658999905,0],[-46.220880401999977,-23.159943032999877,0],[-46.220875784999976,-23.159941561999915,0],[-46.220871118999924,-23.159940230999894,0],[-46.220866413999886,-23.1599390209999,0],[-46.220861677999949,-23.159937915999876,0],[-46.220856919999903,-23.159936899999877,0],[-46.220852144999867,-23.159935952999888,0],[-46.220847356999911,-23.159935060999942,0],[-46.220842561999973,-23.159934205999946,0],[-46.220837761999917,-23.159933369999976,0],[-46.220832961999974,-23.159932536999975,0],[-46.220828165999933,-23.159931688999905,0],[-46.220823375999885,-23.159930807999842,0],[-46.220818597999937,-23.159929872999953,0],[-46.22081383799997,-23.159928865999859,0],[-46.220809101999919,-23.159927761999938,0],[-46.220804399999906,-23.159926539999844,0],[-46.220799744999965,-23.159925174999898,0],[-46.220795152999926,-23.159923639999874,0],[-46.22079064199994,-23.15992190999998,0],[-46.220786238999892,-23.159919957999932,0],[-46.22078197299993,-23.159917761999907,0],[-46.220777877999922,-23.159915301999888,0],[-46.220773992999966,-23.159912568999914,0],[-46.220770345999938,-23.159909566999943,0],[-46.220766927999932,-23.159906341999942,0],[-46.2207637059999,-23.159902948999957,0],[-46.220760642999949,-23.159899431999975,0],[-46.220757700999968,-23.159895827999947,0],[-46.220754843999885,-23.159892164999917,0],[-46.220752035999908,-23.159888470999874,0],[-46.220749242999943,-23.159884765999948,0],[-46.22074643499991,-23.159881071999905,0],[-46.220743578999929,-23.159877408999932,0],[-46.220740647999946,-23.159873796999932,0],[-46.22073761199988,-23.159870259999877,0],[-46.220734423999886,-23.15986683899996,0],[-46.220731021999882,-23.15986360099987,0],[-46.220727342999908,-23.159860633999983,0],[-46.220723331999864,-23.159858062999945,0],[-46.220718966999925,-23.15985604899987,0],[-46.220714314999896,-23.159854687999939,0],[-46.220709504999945,-23.159853918999943,0],[-46.220704632999912,-23.159853637999959,0],[-46.22069975099987,-23.15985373999996,0],[-46.220694886999979,-23.159854131999964,0],[-46.220690047999938,-23.159854739999957,0],[-46.220685233999973,-23.159855499999935,0],[-46.220680438999977,-23.159856356999967,0],[-46.220675656999902,-23.159857274999979,0],[-46.220670884999947,-23.159858235999877,0],[-46.220666119999919,-23.159859223999945,0],[-46.220661356999983,-23.159860220999974,0],[-46.220656590999852,-23.15986120999986,0],[-46.220651819999887,-23.159862170999929,0],[-46.220647036999935,-23.159863083999937,0],[-46.220642238999972,-23.15986392699989,0],[-46.220637422999971,-23.15986467599987,0],[-46.220632586999898,-23.159865302999947,0],[-46.220627730999922,-23.159865780999951,0],[-46.220622857999899,-23.159866075999901,0],[-46.220617974999925,-23.159866154999975,0],[-46.220613095999965,-23.159865987999979,0],[-46.22060823299995,-23.159865577999938,0],[-46.220603395999888,-23.159864956999968,0],[-46.220598588999849,-23.159864161999906,0],[-46.220593809999968,-23.15986323199985,0],[-46.220589053999959,-23.159862203999921,0],[-46.220584314999883,-23.15986111199993,0],[-46.220579585999872,-23.159859986999948,0],[-46.220574856999917,-23.159858856999904,0],[-46.220570124999881,-23.159857741999929,0],[-46.220565381999961,-23.159856662999914,0],[-46.220560626999884,-23.159855635999918,0],[-46.220555855999862,-23.159854671999938,0],[-46.220551074999889,-23.159853748999865,0],[-46.220546297999874,-23.159852810999951,0],[-46.220541537999907,-23.159851797999977,0],[-46.220536817999971,-23.159850641999981,0],[-46.220532173999857,-23.159849245999908,0],[-46.220527688999937,-23.159847465999974,0],[-46.220523563999961,-23.159845062999921,0],[-46.220520334999946,-23.15984170899992,0],[-46.220518894999827,-23.159837431999847,0],[-46.220519098999944,-23.159832931999915,0],[-46.220520185999931,-23.159828532999882,0],[-46.220521724999969,-23.159824247999893,0],[-46.220523494999952,-23.159820038999896,0],[-46.220525362999979,-23.159815866999907,0],[-46.220527230999892,-23.159811694999917,0],[-46.220529004999946,-23.159807486999853,0],[-46.220530571999973,-23.159803210999939,0],[-46.220531770999912,-23.159798834999947,0],[-46.22053232899998,-23.159794354999917,0],[-46.220531796999978,-23.159789880999881,0],[-46.220529794999948,-23.159785782999904,0],[-46.220526610999912,-23.159782374999907,0],[-46.22052271299998,-23.159779663999927,0],[-46.220518413999969,-23.159777528999939,0],[-46.220513883999956,-23.159775846999878,0],[-46.22050921399989,-23.159774528999947,0],[-46.220504456999947,-23.159773511999958,0],[-46.220499641999936,-23.159772755999825,0],[-46.220494791999954,-23.159772234999934,0],[-46.220489918999931,-23.159771931999842,0],[-46.220485036999946,-23.159771841999941,0],[-46.220480154999905,-23.15977195399995,0],[-46.220475281999938,-23.159772249999946,0],[-46.220470423999984,-23.159772710999903,0],[-46.220465584999943,-23.159773315999871,0],[-46.220460764999984,-23.159774040999935,0],[-46.220455962999949,-23.159774863999928,0],[-46.22045117499988,-23.159775754999885,0],[-46.220446395999943,-23.159776687999965,0],[-46.220441618999985,-23.159777625999936,0],[-46.220436833999941,-23.159778528999936,0],[-46.220432030999916,-23.159779346999926,0],[-46.220427199999961,-23.159780011999885,0],[-46.220422339999914,-23.159780432999924,0],[-46.220417458999975,-23.159780485999931,0],[-46.220412606999901,-23.159779999999955,0],[-46.220407881999961,-23.159778869999968,0],[-46.220403301999852,-23.15977730499992,0],[-46.220398780999915,-23.159775598999943,0],[-46.220394211999974,-23.159774004999917,0],[-46.220389533999935,-23.159772711999892,0],[-46.220384746999912,-23.159771827999919,0],[-46.220379887999968,-23.159771390999879,0],[-46.220375005999983,-23.159771379999881,0],[-46.220370138999954,-23.159771745999933,0],[-46.220365312999888,-23.159772431999954,0],[-46.220360539999945,-23.159773384999937,0],[-46.22035582399991,-23.15977455899997,0],[-46.220351167999979,-23.15977591799998,0],[-46.220346566999865,-23.159777432999931,0],[-46.220342019999919,-23.159779078999975,0],[-46.220337516999905,-23.159780827999953,0],[-46.220333051999887,-23.159782657999926,0],[-46.220328617999883,-23.159784549999983,0],[-46.220324209999944,-23.159786493999889,0],[-46.220319824999876,-23.159788481999954,0],[-46.220315458999949,-23.159790506999968,0],[-46.220311111999933,-23.159792562999939,0],[-46.220306778999941,-23.159794647999945,0],[-46.22030246099996,-23.159796756999924,0],[-46.220298154999966,-23.159798887999955,0],[-46.220293859999856,-23.159801036999852,0],[-46.220289573999935,-23.159803201999921,0],[-46.22028529499994,-23.15980537899992,0],[-46.220281017999923,-23.159807557999954,0],[-46.220276730999956,-23.159809721999864,0],[-46.220272498999975,-23.159811972999933,0],[-46.220268448999889,-23.1598144969999,0],[-46.220264522999912,-23.159817180999937,0],[-46.220261253999979,-23.159820504999971,0],[-46.220260603999861,-23.159824842999967,0],[-46.220262914999978,-23.159828794999839,0],[-46.220266057999936,-23.159832248999862,0],[-46.220269430999963,-23.159835514999941,0],[-46.220270595999978,-23.15983585299989,0],[-46.220270783999979,-23.15983590899998,0],[-46.22027539599992,-23.159837393999908,0],[-46.220279928999958,-23.159839073999876,0],[-46.220284377999974,-23.159840933999931,0],[-46.22028874199998,-23.159842961999857,0],[-46.22029301699996,-23.159845142999927,0],[-46.220297205999941,-23.159847463999938,0],[-46.220301309999854,-23.15984991199997,0],[-46.220305331999896,-23.159852472999944,0],[-46.220309275999966,-23.159855136999965,0],[-46.220313145999853,-23.159857890999945,0],[-46.220316947999891,-23.159860724999817,0],[-46.220320686999855,-23.159863630999951,0],[-46.220324367999979,-23.159866597999951,0],[-46.220327996999913,-23.159869619999938,0],[-46.220331579999936,-23.159872687999894,0],[-46.220335122999984,-23.159875795999824,0],[-46.220338630999834,-23.159878937999906,0],[-46.220342109999933,-23.159882106999873,0],[-46.220345564999946,-23.159885298999882,0],[-46.220349001999978,-23.159888506999891,0],[-46.220352425999977,-23.159891726999888,0],[-46.220355841999833,-23.159894953999981,0],[-46.220359254999948,-23.159898183999871,0],[-46.220362671999965,-23.159901410999964,0],[-46.220366094999974,-23.159904630999961,0],[-46.220369530999903,-23.15990783999996,0],[-46.220372984999983,-23.159911032999958,0],[-46.220376460999944,-23.159914204999893,0],[-46.22037996499995,-23.159917350999876,0],[-46.220383500999901,-23.15992046599996,0],[-46.220387072999927,-23.15992354499997,0],[-46.220390687999952,-23.159926581999912,0],[-46.2203943479999,-23.159929570999907,0],[-46.220398058999933,-23.159932505999961,0],[-46.220401825999886,-23.159935380999968,0],[-46.220405650999965,-23.159938187999899,0],[-46.220409538999945,-23.159940919999883,0],[-46.220413493999899,-23.159943569999939,0],[-46.220417517999977,-23.159946127999945,0],[-46.220421613999861,-23.159948586999974,0],[-46.220425783999929,-23.159950936999905,0],[-46.220430028999942,-23.159953169999937,0],[-46.220434347999912,-23.159955276999824,0],[-46.220438741999942,-23.159957247999898,0],[-46.220443207999949,-23.159959073999971,0],[-46.220447742999966,-23.159960749999925,0],[-46.220452333999901,-23.159962289999953,0],[-46.22045696899994,-23.159963712999968,0],[-46.220461636999971,-23.159965040999907,0],[-46.220466328999919,-23.159966292999911,0],[-46.220471037999971,-23.159967490999861,0],[-46.220475755999985,-23.159968654999943,0],[-46.220480478999946,-23.159969803999957,0],[-46.220485199999985,-23.159970959999953,0],[-46.220489913999984,-23.159972141999958,0],[-46.220494612999858,-23.159973371999968,0],[-46.220499289999964,-23.159974671999919,0],[-46.220503934999897,-23.15997606399992,0],[-46.220508538999923,-23.159977571999889,0],[-46.22051308499988,-23.159979219999855,0],[-46.220517557999983,-23.159981031999905,0],[-46.220521935999898,-23.1599830319999,0],[-46.220526194999877,-23.159985240999902,0],[-46.220530305999944,-23.159987677999936,0],[-46.220534236999924,-23.15999035599998,0],[-46.220537957999966,-23.159993278999934,0],[-46.220541439999977,-23.159996444999933,0],[-46.220544669999981,-23.159999829999947,0],[-46.220547641999985,-23.16000341199998,0],[-46.220550345999925,-23.160007171999951,0],[-46.220552767999948,-23.160011091999934,0],[-46.220554891999939,-23.160015156999975,0],[-46.220556695999846,-23.160019352999882,0],[-46.220558176999873,-23.160023654999975,0],[-46.220559461999983,-23.160028011999884,0],[-46.220560723999824,-23.160032373999968,0],[-46.220482152999978,-23.160013175999893,0],[-46.220330593999961,-23.159960239999975,0],[-46.219873337999957,-23.159969597999918,0],[-46.219818496999949,-23.160018758999911,0],[-46.219666752999842,-23.160187085999894,0],[-46.219538298999964,-23.160327694999978,0],[-46.219268905999968,-23.160275371999944,0],[-46.219225080999877,-23.160242311999923,0],[-46.219136700999968,-23.160164843999951,0],[-46.219016847999967,-23.159997236999914,0],[-46.218983355999967,-23.159952596999972,0],[-46.219125155999961,-23.159823745999972,0],[-46.219274261999942,-23.159693101999892,0]]],[[[-46.22231490799993,-23.159889408999959,0],[-46.222290372999851,-23.159639968999954,0],[-46.222260950999896,-23.159311546999959,0],[-46.222275977999971,-23.158918029999882,0],[-46.222433618999958,-23.158950143999959,0],[-46.222443371999873,-23.159086231999936,0],[-46.222472234999884,-23.159227211999962,0],[-46.222488550999969,-23.159324474999949,0],[-46.222493181999937,-23.159416075999957,0],[-46.222520288999931,-23.159500060999903,0],[-46.22252151899994,-23.159549500999901,0],[-46.222544731999847,-23.159672730999887,0],[-46.222560736999924,-23.159723898999971,0],[-46.222552874999963,-23.159742276999964,0],[-46.222549793999974,-23.15987638699994,0],[-46.222540569999921,-23.159897484999931,0],[-46.22237987699998,-23.159914519999916,0],[-46.22231490799993,-23.159889408999959,0]]],[[[-46.190724367999906,-23.152388766999934,0],[-46.190871295999898,-23.152241447999927,0],[-46.190870832999963,-23.152242668999918,0],[-46.190869278999912,-23.152246949999835,0],[-46.190867812999898,-23.152251256999932,0],[-46.190866418999974,-23.152255584999921,0],[-46.190865079999924,-23.152259927999921,0],[-46.190863782999941,-23.152264281999919,0],[-46.190862510999978,-23.152268640999921,0],[-46.190861248999965,-23.152273003999937,0],[-46.19085998099996,-23.152277364999975,0],[-46.190858692999939,-23.152281720999952,0],[-46.190857366999921,-23.152286066999977,0],[-46.190855989999875,-23.15229039899998,0],[-46.190854544999866,-23.152294712999947,0],[-46.190853015999892,-23.15229900199995,0],[-46.190851388999874,-23.15230325899995,0],[-46.190849648999972,-23.152307478999944,0],[-46.190847780999945,-23.152311650999934,0],[-46.190845777999925,-23.152315768999927,0],[-46.190843656999959,-23.15231983599989,0],[-46.190841433999935,-23.152323856999885,0],[-46.190839127999936,-23.152327837999962,0],[-46.190836755999896,-23.152331784999944,0],[-46.190834333999874,-23.152335705999974,0],[-46.190831877999926,-23.152339609999956,0],[-46.190829404999931,-23.15234350399993,0],[-46.190826928999968,-23.152347395999982,0],[-46.190824464999935,-23.15235129499996,0],[-46.190822029999936,-23.152355209999826,0],[-46.190819639999972,-23.15235914699997,0],[-46.190817309999886,-23.152363115999947,0],[-46.190815056999952,-23.15236712199993,0],[-46.19081289899998,-23.152371172999892,0],[-46.190810854999881,-23.152375273999951,0],[-46.190808941999933,-23.15237942899995,0],[-46.190807160999952,-23.152383633999932,0],[-46.190805502999979,-23.152387880999925,0],[-46.190803954999922,-23.152392163999934,0],[-46.190802506999887,-23.152396476999968,0],[-46.190801146999888,-23.152400813999975,0],[-46.190799861999949,-23.152405169999952,0],[-46.190798639999969,-23.152409541999873,0],[-46.190797468999961,-23.152413925999952,0],[-46.190796338999917,-23.152418319999981,0],[-46.190795234999939,-23.152422718999901,0],[-46.190794147999952,-23.152427120999903,0],[-46.190793063999934,-23.152431523999894,0],[-46.190791972999932,-23.152435925999839,0],[-46.190790860999925,-23.152440322999951,0],[-46.19078972199992,-23.152444713999955,0],[-46.190788550999912,-23.152449097999863,0],[-46.190787346999969,-23.152453474999959,0],[-46.190786106999951,-23.152457842999979,0],[-46.190784830999974,-23.152462200999878,0],[-46.19078351499985,-23.152466549999872,0],[-46.19078215699983,-23.152470887999982,0],[-46.19078075699997,-23.152475213999878,0],[-46.190779310999858,-23.152479527999958,0],[-46.190777818999891,-23.152483826999969,0],[-46.190776276999941,-23.152488111999958,0],[-46.190774685999941,-23.152492380999888,0],[-46.190773040999943,-23.152496633999874,0],[-46.190771343999984,-23.152500867999947,0],[-46.190769589999945,-23.152505081999948,0],[-46.190767780999977,-23.152509276999979,0],[-46.190765912999893,-23.152513448999969,0],[-46.190763985999922,-23.152517597999918,0],[-46.190761997999914,-23.152521722999836,0],[-46.190759949999858,-23.152525821999973,0],[-46.190757838999957,-23.152529893999883,0],[-46.190755664999926,-23.152533937999976,0],[-46.190753425999958,-23.152537950999942,0],[-46.190751113999909,-23.152541928999881,0],[-46.190748718999885,-23.152545863999876,0],[-46.190746231999981,-23.152549749999935,0],[-46.190743641999916,-23.152553578999971,0],[-46.190740940999945,-23.15255734099992,0],[-46.190738115999977,-23.152561023999965,0],[-46.190735156999949,-23.152564616999939,0],[-46.19073205299992,-23.152568102999851,0],[-46.190728793999938,-23.152571464999937,0],[-46.190725369999939,-23.152574683999944,0],[-46.190721800999881,-23.152577766999855,0],[-46.190718121999964,-23.152580735999834,0],[-46.190714365999895,-23.152583620999962,0],[-46.190710562999925,-23.152586453999959,0],[-46.190706742999964,-23.152589266999826,0],[-46.190702930999919,-23.152592090999974,0],[-46.190699150999876,-23.152594948999933,0],[-46.190695422999909,-23.152597865999894,0],[-46.190691764999883,-23.152600856999982,0],[-46.19068817699997,-23.152603920999979,0],[-46.190684624999903,-23.152607020999938,0],[-46.190681072999894,-23.152610118999974,0],[-46.190677484999981,-23.152613182999914,0],[-46.19067382399993,-23.15261617099992,0],[-46.190670049999881,-23.152619035999976,0],[-46.190666117999911,-23.152621712999917,0],[-46.190661978999913,-23.152624106999951,0],[-46.190657585999986,-23.152626071999919,0],[-46.190652923999949,-23.152627395999957,0],[-46.190648071999931,-23.152627812999981,0],[-46.190643256999977,-23.152627130999917,0],[-46.190638693999858,-23.152625536999892,0],[-46.190634383999964,-23.152623417999962,0],[-46.190630240999951,-23.152621027999942,0],[-46.190626171999952,-23.152618529999927,0],[-46.190622089999977,-23.152616051999928,0],[-46.190617927999938,-23.152613689999896,0],[-46.190613680999832,-23.152611459999889,0],[-46.190609358999893,-23.152609357999893,0],[-46.190604970999914,-23.152607377999971,0],[-46.190600524999979,-23.152605509999944,0],[-46.190596028999948,-23.152603745999954,0],[-46.190591492999943,-23.152602072999912,0],[-46.190586924999934,-23.152600477999954,0],[-46.190582329999984,-23.152598946999831,0],[-46.19057771699994,-23.152597464999872,0],[-46.190573091999852,-23.152596016999951,0],[-46.190568459999895,-23.152594586999896,0],[-46.190563826999949,-23.152593157999945,0],[-46.190559198999949,-23.152591713999925,0],[-46.190554582999937,-23.152590242999906,0],[-46.190549976999876,-23.152588739999942,0],[-46.190545381999868,-23.152587210999911,0],[-46.190540794999947,-23.152585660999875,0],[-46.190536214999895,-23.152584094999952,0],[-46.190531638999971,-23.152582516999871,0],[-46.190527065999959,-23.152580931999921,0],[-46.190522493999936,-23.152579344999879,0],[-46.19051792099998,-23.152577759999929,0],[-46.190513345999875,-23.152576181999962,0],[-46.190508764999947,-23.152574615999924,0],[-46.190504178999902,-23.152573064999899,0],[-46.190499583999895,-23.152571534999936,0],[-46.190494979999869,-23.152570030999925,0],[-46.190490363999913,-23.152568555999892,0],[-46.190485734999982,-23.152567114999954,0],[-46.19048109299996,-23.152565713999934,0],[-46.190476434999937,-23.15256435699996,0],[-46.190471760999969,-23.152563049999969,0],[-46.190467068999965,-23.152561795999929,0],[-46.190462358999923,-23.152560601999937,0],[-46.190457630999958,-23.15255947299994,0],[-46.190452883999853,-23.152558411999848,0],[-46.190448119999985,-23.152557421999859,0],[-46.190443338999955,-23.152556498999957,0],[-46.190438544999893,-23.152555641999982,0],[-46.190433736999864,-23.152554849999888,0],[-46.190428916999906,-23.152554119999934,0],[-46.190424087999929,-23.15255345099996,0],[-46.190419248999888,-23.152552840999931,0],[-46.190414401999931,-23.152552287999981,0],[-46.19040954899998,-23.152551789999904,0],[-46.190404688999934,-23.152551344999949,0],[-46.190399823999883,-23.152550950999853,0],[-46.190394954999931,-23.152550605999977,0],[-46.190390081999965,-23.152550308999878,0],[-46.190385205999917,-23.152550055999939,0],[-46.19038032799989,-23.152549846999932,0],[-46.190375447999941,-23.152549678999947,0],[-46.190370565999956,-23.152549550999936,0],[-46.190365682999982,-23.152549459999818,0],[-46.190360799999951,-23.152549404999888,0],[-46.190355916999977,-23.152549383999883,0],[-46.190351032999956,-23.15254939499988,0],[-46.190346149999982,-23.152549434999969,0],[-46.190341266999951,-23.152549504999911,0],[-46.190336384999966,-23.152549599999929,0],[-46.190331502999925,-23.152549720999843,0],[-46.190326621999873,-23.152549863999923,0],[-46.190321740999934,-23.152550029999929,0],[-46.190316861999975,-23.152550218999977,0],[-46.190311983999891,-23.152550429999962,0],[-46.190307106999967,-23.152550661999896,0],[-46.190302230999976,-23.152550914999949,0],[-46.19029735599986,-23.152551187999961,0],[-46.190292482999894,-23.152551481999978,0],[-46.190287610999917,-23.152551794999908,0],[-46.190282740999976,-23.152552126999865,0],[-46.190277871999911,-23.152552477999961,0],[-46.190273004999881,-23.152552847999914,0],[-46.190268139999944,-23.152553234999971,0],[-46.190263275999882,-23.152553639999894,0],[-46.190258413999914,-23.152554060999933,0],[-46.190253552999877,-23.152554498999962,0],[-46.190248693999933,-23.152554952999935,0],[-46.190243836999969,-23.152555422999967,0],[-46.190238981999983,-23.152555907999897,0],[-46.190234127999872,-23.152556406999963,0],[-46.190229276999901,-23.152556920999814,0],[-46.190224425999929,-23.152557447999925,0],[-46.190219577999983,-23.152557987999899,0],[-46.190214730999969,-23.152558541999952,0],[-46.19020988599982,-23.152559106999888,0],[-46.190205042999935,-23.152559683999868,0],[-46.190200198999889,-23.152560261999895,0],[-46.190195352999922,-23.152560819999962,0],[-46.190190501999894,-23.152561338999931,0],[-46.190185643999939,-23.152561796999862,0],[-46.190180777999899,-23.15256217599989,0],[-46.190175903999943,-23.152562453999906,0],[-46.190171022999891,-23.15256261199994,0],[-46.190166139999917,-23.152562628999931,0],[-46.190161258999979,-23.15256248799983,0],[-46.190156387999934,-23.152562170999886,0],[-46.190151535999973,-23.152561664999951,0],[-46.190146712999933,-23.152560956999878,0],[-46.190141930999971,-23.152560039999969,0],[-46.190137203999939,-23.152558908999879,0],[-46.190132541999901,-23.152557566999974,0],[-46.190127953999877,-23.152556020999896,0],[-46.190123450999863,-23.152554272999964,0],[-46.190119047999929,-23.152552321999963,0],[-46.190114758999925,-23.152550162999944,0],[-46.190110605999962,-23.152547788999925,0],[-46.190106614999877,-23.15254518699993,0],[-46.190102819999936,-23.152542346999951,0],[-46.190099263999969,-23.152539252999929,0],[-46.190096003999884,-23.152535892999936,0],[-46.190093109999907,-23.152532257999894,0],[-46.190090666999879,-23.152528350999944,0],[-46.190088767999896,-23.152524193999966,0],[-46.190087493999897,-23.152519837999932,0],[-46.190086815999848,-23.152515367999911,0],[-46.190086616999906,-23.152510857999914,0],[-46.190086778999955,-23.152506344999892,0],[-46.190087195999979,-23.15250184599995,0],[-46.190087777999906,-23.152497362999952,0],[-46.190088444999958,-23.152492888999916,0],[-46.190089125999862,-23.152488416999915,0],[-46.190089746999888,-23.152483937999818,0],[-46.190090232999864,-23.152479444999983,0],[-46.190090495999982,-23.152474936999965,0],[-46.190090434999945,-23.152470421999851,0],[-46.190089932999911,-23.152465931999927,0],[-46.190088874999844,-23.1524615269999,0],[-46.190087260999974,-23.152457267999921,0],[-46.190085188999888,-23.152453179999952,0],[-46.190082768999957,-23.15244925899998,0],[-46.190080093999825,-23.152445480999916,0],[-46.190077244999941,-23.152441813999872,0],[-46.19007428599997,-23.152438221999944,0],[-46.190071267999883,-23.15243467099998,0],[-46.190068212999904,-23.152431147999891,0],[-46.190064845999984,-23.152427883999962,0],[-46.190060648999975,-23.152425646999973,0],[-46.190055823999955,-23.152425719999883,0],[-46.190051339999911,-23.152427473999921,0],[-46.190047406999952,-23.152430135999964,0],[-46.190044146999981,-23.152433488999975,0],[-46.190041575999942,-23.152437322999958,0],[-46.19003956899985,-23.152441436999936,0],[-46.190037949999976,-23.152445696999848,0],[-46.190036548999956,-23.152450022999915,0],[-46.190035201999933,-23.152454362999947,0],[-46.190033676999974,-23.15245865299994,0],[-46.1900316629999,-23.152462761999914,0],[-46.190028810999934,-23.152466412999956,0],[-46.190025007999964,-23.152469225999937,0],[-46.190020675999961,-23.152471301999924,0],[-46.190016132999972,-23.152472956999873,0],[-46.19001150999992,-23.152474409999911,0],[-46.190006826999877,-23.152475689999847,0],[-46.190002092999919,-23.152476794999927,0],[-46.189997313999982,-23.152477722999834,0],[-46.18999249899997,-23.152478475999885,0],[-46.189987655999971,-23.152479055999947,0],[-46.189982792999956,-23.152479465999875,0],[-46.189977916999965,-23.152479709999909,0],[-46.189973034999923,-23.152479795999909,0],[-46.189968151999892,-23.152479727999889,0],[-46.189963273999922,-23.152479514999982,0],[-46.18995840599996,-23.152479162999953,0],[-46.189953549999927,-23.15247868199998,0],[-46.189948710999943,-23.152478077999945,0],[-46.189943888999835,-23.152477359999978,0],[-46.18993908799996,-23.152476534999892,0],[-46.18993430799992,-23.152475612999922,0],[-46.189929548999885,-23.152474598999845,0],[-46.189924811999958,-23.152473500999918,0],[-46.18992009599998,-23.152472326999941,0],[-46.18991540199994,-23.152471082999909,0],[-46.189910727999916,-23.152469773999883,0],[-46.189906072999975,-23.152468407999947,0],[-46.189901435999957,-23.152466990999926,0],[-46.189896816999919,-23.15246552699989,0],[-46.189892211999904,-23.152464021999947,0],[-46.189887621999958,-23.152462480999816,0],[-46.189883043999941,-23.152460908999956,0],[-46.189878475999933,-23.152459309999983,0],[-46.189873917999819,-23.152457689999949,0],[-46.189869366999972,-23.15245605299998,0],[-46.189864820999958,-23.152454402999922,0],[-46.189860277999912,-23.152452744999891,0],[-46.189855737999892,-23.152451081999914,0],[-46.189793748999932,-23.152332102999935,0],[-46.190058710999836,-23.152378793999901,0],[-46.190246951999939,-23.152413589999924,0],[-46.190464196999983,-23.152423382999871,0],[-46.190680479999855,-23.152429235999819,0],[-46.190724367999906,-23.152388766999934,0]]],[[[-46.190984977999904,-23.152246371999979,0],[-46.1909871229999,-23.152242314999967,0],[-46.190989256999899,-23.152238252999894,0],[-46.1909913799999,-23.15223418599993,0],[-46.190993491999905,-23.152230113999963,0],[-46.190995592999968,-23.152226037999981,0],[-46.190997683999967,-23.152221956999881,0],[-46.190999763999969,-23.152217870999891,0],[-46.191001831999984,-23.152213780999944,0],[-46.191003889999877,-23.152209684999946,0],[-46.191005936999943,-23.152205584999876,0],[-46.191007972999955,-23.152201479999974,0],[-46.191009996999924,-23.152197370999886,0],[-46.191012010999941,-23.152193256999908,0],[-46.191014013999904,-23.152189137999926,0],[-46.191016004999881,-23.15218501499993,0],[-46.191017984999974,-23.152180886999872,0],[-46.191019941999969,-23.152176749999967,0],[-46.191021860999854,-23.15217259699989,0],[-46.191023724999923,-23.152168422999978,0],[-46.19102551799989,-23.152164222999829,0],[-46.191027223999924,-23.152159991999838,0],[-46.191028823999886,-23.152155724999943,0],[-46.191030299999909,-23.152151420999928,0],[-46.191031633999955,-23.152147076999938,0],[-46.191032805999953,-23.152142692999917,0],[-46.191033796999932,-23.152138271999888,0],[-46.191034588999912,-23.152133815999889,0],[-46.19103516499996,-23.152129331999959,0],[-46.191035508999903,-23.152124827999955,0],[-46.191035609999915,-23.152120313999944,0],[-46.191035473999932,-23.15211579999982,0],[-46.191035156999874,-23.152111293999894,0],[-46.191034717999855,-23.152106796999874,0],[-46.191034210999874,-23.152102304999858,0],[-46.191033689999927,-23.152097814999934,0],[-46.191033206999975,-23.152093320999825,0],[-46.191032820999965,-23.15208881999996,0],[-46.191032593999921,-23.152084308999974,0],[-46.191032599999858,-23.15207979399986,0],[-46.191032921999977,-23.152075288999924,0],[-46.19104060799998,-23.152067386999875,0],[-46.191134219999981,-23.151964844999952,0],[-46.191279446999943,-23.151766652999981,0],[-46.191280102999883,-23.151767301999939,0],[-46.191283382999984,-23.151770647999967,0],[-46.191286589999891,-23.15177405299994,0],[-46.191289745999882,-23.151777498999877,0],[-46.191292872999895,-23.151780967999912,0],[-46.191295992999983,-23.151784441999951,0],[-46.191299104999985,-23.151787921999869,0],[-46.191302150999945,-23.151791451999884,0],[-46.191305058999944,-23.151795078999839,0],[-46.191307748999975,-23.151798846999952,0],[-46.191310124999973,-23.151802790999966,0],[-46.19131208899995,-23.151806922999924,0],[-46.191313609999838,-23.151811212999917,0],[-46.191314707999936,-23.151815610999961,0],[-46.191315415999895,-23.151820077999957,0],[-46.191315765999946,-23.151824581999961,0],[-46.191315790999909,-23.151829096999904,0],[-46.191315520999979,-23.151833604999922,0],[-46.191314982999927,-23.151838092999924,0],[-46.191314201999887,-23.151842549999969,0],[-46.191313194999964,-23.151846967999973,0],[-46.191311978999977,-23.151851341999873,0],[-46.191310568999938,-23.151855664999971,0],[-46.191308981999896,-23.151859934999948,0],[-46.191307239999844,-23.151864153999952,0],[-46.191305362999969,-23.15186832299986,0],[-46.191303372999982,-23.151872445999913,0],[-46.191301289999956,-23.151876530999914,0],[-46.191299135999884,-23.151880582999979,0],[-46.191296929999965,-23.151884611999947,0],[-46.191294691999872,-23.151888625999959,0],[-46.191292444999931,-23.151892634999911,0],[-46.191290206999952,-23.15189664899998,0],[-46.191287999999929,-23.151900676999958,0],[-46.191285846999847,-23.151904729999956,0],[-46.191283769999927,-23.151908817999924,0],[-46.191281795999942,-23.151912947999904,0],[-46.191279949999966,-23.15191712799998,0],[-46.191278260999923,-23.151921364999964,0],[-46.191276755999979,-23.151925660999893,0],[-46.191275466999969,-23.151930015999881,0],[-46.191274420999946,-23.151934425999912,0],[-46.191273622999972,-23.151938880999921,0],[-46.191273047999857,-23.151943364999852,0],[-46.191272665999975,-23.151947866999933,0],[-46.19127244699996,-23.151952377999976,0],[-46.19127236199995,-23.151956892999976,0],[-46.191272384999877,-23.15196140799992,0],[-46.19127248999996,-23.151965922999921,0],[-46.191272651999896,-23.151970435999942,0],[-46.191272846999937,-23.151974948999964,0],[-46.191273051999929,-23.151979459999893,0],[-46.191273242999955,-23.151983972999915,0],[-46.191273397999964,-23.151988485999937,0],[-46.19127349199988,-23.151993000999937,0],[-46.191273500999955,-23.15199751699987,0],[-46.191273398999954,-23.152002031999928,0],[-46.191273158999934,-23.152006541999924,0],[-46.191272757999911,-23.152011041999856,0],[-46.191272209999966,-23.152015528999982,0],[-46.191271541999981,-23.152020002999961,0],[-46.191270780999844,-23.152024462999975,0],[-46.191269955999928,-23.152028913999914,0],[-46.191269094999882,-23.152033358999915,0],[-46.191268225999977,-23.152037802999928,0],[-46.191267374999939,-23.152042248999862,0],[-46.191266567999946,-23.152046702999939,0],[-46.191265827999985,-23.152051166999968,0],[-46.191265176999934,-23.15205564199988,0],[-46.191264633999936,-23.152060129999938,0],[-46.191264156999921,-23.152064623999934,0],[-46.191263663999962,-23.15206911699994,0],[-46.191263069999934,-23.152073598999948,0],[-46.191262285999926,-23.15207805599988,0],[-46.191261208999947,-23.152082458999814,0],[-46.191259725999885,-23.152086759999975,0],[-46.191257717999918,-23.152090872999963,0],[-46.191255091999949,-23.152094673999954,0],[-46.191251822999959,-23.152098021999961,0],[-46.19124803699998,-23.152100867999934,0],[-46.191243932999953,-23.15210331399993,0],[-46.191239645999929,-23.152105473999939,0],[-46.191235252999945,-23.152107445999945,0],[-46.191230805999908,-23.152109314999905,0],[-46.191226346999883,-23.152111155999876,0],[-46.191221914999971,-23.152113049999969,0],[-46.191217557999948,-23.152115089999938,0],[-46.191213361999985,-23.152117396999927,0],[-46.191209485999934,-23.152120136999827,0],[-46.191206263999902,-23.152123515999904,0],[-46.191204265999943,-23.152127611999902,0],[-46.191203849999965,-23.15213209399991,0],[-46.19120456099995,-23.152136555999959,0],[-46.191205932999878,-23.152140887999963,0],[-46.191207714999962,-23.152145090999909,0],[-46.19120976399995,-23.152149189999932,0],[-46.191211989999942,-23.152153208999891,0],[-46.191214349999882,-23.152157161999867,0],[-46.19121686099993,-23.152161034999835,0],[-46.191219541999942,-23.152164808999942,0],[-46.191222401999937,-23.152168468999889,0],[-46.191225439999982,-23.152172003999851,0],[-46.191228638999974,-23.152175415999977,0],[-46.191231975999983,-23.152178711999966,0],[-46.191235395999911,-23.152181935999977,0],[-46.191238819999967,-23.152185155999973,0],[-46.191242173999967,-23.152188437999882,0],[-46.191245369999876,-23.152191850999884,0],[-46.191248279999911,-23.152195474999928,0],[-46.191250683999954,-23.152199400999962,0],[-46.191252190999819,-23.152203683999971,0],[-46.191252276999933,-23.152208178999899,0],[-46.191250932999878,-23.152212507999934,0],[-46.191248626999879,-23.152216481999972,0],[-46.191245723999884,-23.152220109999917,0],[-46.191242438999893,-23.152223448999848,0],[-46.19123889399998,-23.152226552999934,0],[-46.191235161999828,-23.152229464999891,0],[-46.191231288999973,-23.152232216999948,0],[-46.191227306999963,-23.152234829999884,0],[-46.191223228999888,-23.152237313999933,0],[-46.191219052999827,-23.152239653999857,0],[-46.191214777999903,-23.152241836999963,0],[-46.191210404999822,-23.152243845999919,0],[-46.19120593599996,-23.152245664999896,0],[-46.191201375999981,-23.152247279999926,0],[-46.191196732999913,-23.152248677999978,0],[-46.191192016999878,-23.152249846999894,0],[-46.19118723899993,-23.152250780999964,0],[-46.191182413999968,-23.152251474999957,0],[-46.191177555999957,-23.152251931999956,0],[-46.191172678999976,-23.152252153999825,0],[-46.191167795999945,-23.152252150999914,0],[-46.191162918999964,-23.152251932999889,0],[-46.191158056999939,-23.152251512999953,0],[-46.191153217999954,-23.152250907999871,0],[-46.191148399999918,-23.152250169999945,0],[-46.191143590999957,-23.152249382999969,0],[-46.191138776999935,-23.15224862599996,0],[-46.191133942999954,-23.152247986999896,0],[-46.191129080999929,-23.152247565999971,0],[-46.191124199999877,-23.152247491999958,0],[-46.191119343999901,-23.152247936999913,0],[-46.191114632999984,-23.152249099999835,0],[-46.191110286999958,-23.152251138999929,0],[-46.191106477999938,-23.152253954999878,0],[-46.191103164999902,-23.152257268999961,0],[-46.191100239999855,-23.152260883999929,0],[-46.191097597999885,-23.152264680999963,0],[-46.191095147999874,-23.152268586999924,0],[-46.19109280999993,-23.152272551999886,0],[-46.191090543999962,-23.152276551999876,0],[-46.191088350999848,-23.15228058699995,0],[-46.191086231999918,-23.152284654999846,0],[-46.19108418999997,-23.152288757999941,0],[-46.191082227999971,-23.152292892999981,0],[-46.191080346999968,-23.152297059999967,0],[-46.191078546999904,-23.152301257999966,0],[-46.191076829999872,-23.152305484999886,0],[-46.191075192999904,-23.152309738999975,0],[-46.191073634999952,-23.152314018999959,0],[-46.191072154999915,-23.152318322999974,0],[-46.191070749999881,-23.152322646999949,0],[-46.191069415999948,-23.152326990999882,0],[-46.191068148999932,-23.152331351999976,0],[-46.191066944999932,-23.152335728999901,0],[-46.191065791999847,-23.152340116999881,0],[-46.191064669999946,-23.1523445119999,0],[-46.191063555999904,-23.152348908999898,0],[-46.19106243199991,-23.152353302999927,0],[-46.191061278999939,-23.15235769099985,0],[-46.191060075999985,-23.152362067999945,0],[-46.191058804999955,-23.152366427999937,0],[-46.191057441999931,-23.152370764999944,0],[-46.191055967999944,-23.152375069999948,0],[-46.191054358999963,-23.152379332999942,0],[-46.191052590999902,-23.152383541999939,0],[-46.191050637999922,-23.152387680999936,0],[-46.191048473999899,-23.15239172899993,0],[-46.191046074999974,-23.152395660999957,0],[-46.191043416999946,-23.152399447999926,0],[-46.191040482999881,-23.152403056999958,0],[-46.191037262999885,-23.152406450999877,0],[-46.191033790999938,-23.152409624999962,0],[-46.19103012699992,-23.152412610999932,0],[-46.191026326999975,-23.152415445999907,0],[-46.191022435999969,-23.15241817499998,0],[-46.191018491999841,-23.152420837999898,0],[-46.191014528999972,-23.152423476999957,0],[-46.191010579999897,-23.152426132999892,0],[-46.191006672999947,-23.152428841999949,0],[-46.191002840999943,-23.152431640999907,0],[-46.190999116999933,-23.152434562999815,0],[-46.190995538999971,-23.152437634999956,0],[-46.190992128999881,-23.152440866999882,0],[-46.190988899999979,-23.152444253999818,0],[-46.190985866999881,-23.152447792999908,0],[-46.190983045999928,-23.152451477999875,0],[-46.190980458999888,-23.152455306999911,0],[-46.190978130999952,-23.152459275999888,0],[-46.19097609399995,-23.152463379999972,0],[-46.190974382999912,-23.152467607999881,0],[-46.190973038999971,-23.15247194799997,0],[-46.19097210599989,-23.152476378999893,0],[-46.19097160299998,-23.15248086999992,0],[-46.190971502999957,-23.152485382999942,0],[-46.190971758999979,-23.152489891999949,0],[-46.190972321999936,-23.152494376999982,0],[-46.190973142999894,-23.152498827999977,0],[-46.190974172999972,-23.152503241999966,0],[-46.190975369999933,-23.152507619999824,0],[-46.190976694999847,-23.152511965999906,0],[-46.190978112999971,-23.152516286999912,0],[-46.190979591999906,-23.152520590999927,0],[-46.190981101999967,-23.152524885999981,0],[-46.190982614999882,-23.152529178999828,0],[-46.190984102999948,-23.152533479999931,0],[-46.190985540999975,-23.152537795999933,0],[-46.190986901999963,-23.15254213299994,0],[-46.190988156999822,-23.152546496999946,0],[-46.19098927399989,-23.152550892999955,0],[-46.19099021999989,-23.152555322999945,0],[-46.190990953999972,-23.152559786999973,0],[-46.190991431999976,-23.152564279999979,0],[-46.190991605999841,-23.152568791999897,0],[-46.190991426999915,-23.15257330399993,0],[-46.190990845999863,-23.152577785999938,0],[-46.190989822999938,-23.152582199999927,0],[-46.190988338999944,-23.152586499999927,0],[-46.190986426999928,-23.152590653999937,0],[-46.190984139999841,-23.152594642999929,0],[-46.190981524999984,-23.152598454999975,0],[-46.190978619999896,-23.152602083999909,0],[-46.190975458999901,-23.152605524999842,0],[-46.190972065999972,-23.15260877299994,0],[-46.19096846399998,-23.152611820999937,0],[-46.190964669999914,-23.152614661999962,0],[-46.190960695999934,-23.152617285999838,0],[-46.190956556999936,-23.152619680999919,0],[-46.190952271999947,-23.152621846999921,0],[-46.190947867999967,-23.152623795999943,0],[-46.190943365999942,-23.152625544999978,0],[-46.19093878599989,-23.152627111999948,0],[-46.19093414699995,-23.15262852099994,0],[-46.190929461999929,-23.152629795999871,0],[-46.190924742999982,-23.152630959999897,0],[-46.190920000999938,-23.152632038999968,0],[-46.190915243999825,-23.152633056999889,0],[-46.190910476999875,-23.152634038999963,0],[-46.190905706999899,-23.15263500899988,0],[-46.190900939999949,-23.152635987999872,0],[-46.19089617599991,-23.152636979999954,0],[-46.190891415999886,-23.152637990999949,0],[-46.190886661999969,-23.152639022999949,0],[-46.190881914999977,-23.152640081999948,0],[-46.190877174999969,-23.152641169999924,0],[-46.190872444999911,-23.152642291999939,0],[-46.190867724999976,-23.15264345199995,0],[-46.190863016999856,-23.152644653999971,0],[-46.190858323999976,-23.152645899999982,0],[-46.190853644999947,-23.152647194999929,0],[-46.190848983999956,-23.152648540999849,0],[-46.190844341999821,-23.152649942999972,0],[-46.190839720999975,-23.152651402999879,0],[-46.190835121999953,-23.152652923999938,0],[-46.190830548999941,-23.152654508999888,0],[-46.190826002999984,-23.152656158999946,0],[-46.19082148699988,-23.152657875999978,0],[-46.19081700199996,-23.152659662999952,0],[-46.190812550999965,-23.152661519999924,0],[-46.190808126999912,-23.15266343299993,0],[-46.190803720999838,-23.152665379999974,0],[-46.190799319999826,-23.152667336999968,0],[-46.19079491299982,-23.152669282999966,0],[-46.19079048899988,-23.152671194999925,0],[-46.190786035999963,-23.152673049999919,0],[-46.190781542999957,-23.152674819999959,0],[-46.190777000999844,-23.152676478999922,0],[-46.19077240099989,-23.152677992999884,0],[-46.190767735999941,-23.152679326999817,0],[-46.190763003999905,-23.152680441999905,0],[-46.190758208999966,-23.152681291999954,0],[-46.190753360999906,-23.152681831999928,0],[-46.190748483999982,-23.152682028999948,0],[-46.190743601999941,-23.152681916999938,0],[-46.190738733999979,-23.152681561999827,0],[-46.190733884999986,-23.152681030999872,0],[-46.190729050999948,-23.152680387999908,0],[-46.190724226999919,-23.152679687999921,0],[-46.190719402999946,-23.152678981999941,0],[-46.190714573999912,-23.152678311999978,0],[-46.190709734999984,-23.15267769999997,0],[-46.190704942999901,-23.152676846999952,0],[-46.190700543999981,-23.152674954999895,0],[-46.190697824999972,-23.152671279999936,0],[-46.190697006999983,-23.152666845999931,0],[-46.190697362999913,-23.152662348999911,0],[-46.190698606999945,-23.15265798899992,0],[-46.190700706999905,-23.152653918999931,0],[-46.190703569999982,-23.152650267999888,0],[-46.190707005999911,-23.152647063999893,0],[-46.190710820999982,-23.152644246999955,0],[-46.190714864999961,-23.152641716999881,0],[-46.190719031999947,-23.152639362999878,0],[-46.190723243999912,-23.152637077999941,0],[-46.190727433999939,-23.152634758999966,0],[-46.19073157299988,-23.152632361999906,0],[-46.190735659999973,-23.152629888999968,0],[-46.190739694999934,-23.152627345999974,0],[-46.190743678999922,-23.152624734999904,0],[-46.190747614999964,-23.152622060999875,0],[-46.190751503999934,-23.152619329999936,0],[-46.190755349999904,-23.152616546999866,0],[-46.190759154999967,-23.152613716999895,0],[-46.190762923999898,-23.152610844999913,0],[-46.190766660999941,-23.15260793799996,0],[-46.190770369999939,-23.15260499999988,0],[-46.190774054999963,-23.152602037999884,0],[-46.190777722999883,-23.152599055999929,0],[-46.19078137799994,-23.15259606099994,0],[-46.190785024999968,-23.152593057999979,0],[-46.190788665999833,-23.152590047999979,0],[-46.190792298999952,-23.152587030999882,0],[-46.190795922999882,-23.152584003999834,0],[-46.190799535999929,-23.15258096599996,0],[-46.190803137999978,-23.152577915999927,0],[-46.190806724999902,-23.152574851999873,0],[-46.190810296999928,-23.152571772999977,0],[-46.190813852999952,-23.152568676999977,0],[-46.190817389999893,-23.152565562999882,0],[-46.190820906999932,-23.152562429999932,0],[-46.190824401999862,-23.15255927599992,0],[-46.190827873999979,-23.152556100999902,0],[-46.190831320999962,-23.152552901999911,0],[-46.19083474099989,-23.152549678999947,0],[-46.190838132999943,-23.152546429999916,0],[-46.190841494999916,-23.152543153999829,0],[-46.190844824999942,-23.152539850999915,0],[-46.190848121999977,-23.152536519999899,0],[-46.190851382999938,-23.152533158999972,0],[-46.190854606999949,-23.152529766999976,0],[-46.190857792999964,-23.152526343999966,0],[-46.190860937999958,-23.15252288899984,0],[-46.190864039999951,-23.152519401999882,0],[-46.190867097999842,-23.152515880999886,0],[-46.19087010699991,-23.152512323999929,0],[-46.190873045999979,-23.152508717999979,0],[-46.190875892999941,-23.152505048999956,0],[-46.1908786219999,-23.15250130499993,0],[-46.190881204999926,-23.152497471999936,0],[-46.190883609999958,-23.152493542999878,0],[-46.190885800999979,-23.152489506999927,0],[-46.190887740999926,-23.152485363999915,0],[-46.190889388999892,-23.152481113999954,0],[-46.190890723999928,-23.152476770999954,0],[-46.190891785999838,-23.152472363999834,0],[-46.190892627999972,-23.152467915999978,0],[-46.190893302999939,-23.152463443999977,0],[-46.190893862999985,-23.152458957999954,0],[-46.190894358999969,-23.152454464999948,0],[-46.190894840999931,-23.152449970999953,0],[-46.190895356999931,-23.152445480999916,0],[-46.190895956999896,-23.152440998999907,0],[-46.190896668999983,-23.152436531999967,0],[-46.190897491999976,-23.152432080999972,0],[-46.190898421999918,-23.152427647999957,0],[-46.190899453999918,-23.152423233999855,0],[-46.190900584999952,-23.152418840999928,0],[-46.190901807999978,-23.15241446899995,0],[-46.190903118999984,-23.15241011899991,0],[-46.190904513999897,-23.152405791999911,0],[-46.19090598799994,-23.152401486999906,0],[-46.190907534999894,-23.152397203999897,0],[-46.190909151999961,-23.152392941999835,0],[-46.190910832999975,-23.152388702999929,0],[-46.190912573999981,-23.152384483999924,0],[-46.190914370999906,-23.152380283999946,0],[-46.190916217999984,-23.152376103999927,0],[-46.190918111999963,-23.152371941999945,0],[-46.190920047999953,-23.152367795999965,0],[-46.190922021999938,-23.152363665999815,0],[-46.190924029999906,-23.152359548999982,0],[-46.190926066999907,-23.152355444999841,0],[-46.190928130999907,-23.152351351999926,0],[-46.190930215999913,-23.152347268999961,0],[-46.190932320999821,-23.152343193999968,0],[-46.19093444299989,-23.152339126999891,0],[-46.190936581999892,-23.15233506699991,0],[-46.190938734999975,-23.152331013999969,0],[-46.190940901999909,-23.152326966999965,0],[-46.190943080999887,-23.152322925999897,0],[-46.190945270999975,-23.152318889999947,0],[-46.190947469999912,-23.152314857999954,0],[-46.190949676999935,-23.152310828999873,0],[-46.190951890999941,-23.152306803999977,0],[-46.19095411099994,-23.152302781999936,0],[-46.19095633399985,-23.15229876099994,0],[-46.190958559999956,-23.152294741999981,0],[-46.190960786999938,-23.152290722999908,0],[-46.190963013999976,-23.152286703999948,0],[-46.190965238999979,-23.152282683999942,0],[-46.190967460999957,-23.152278662999947,0],[-46.190969679999967,-23.152274639999973,0],[-46.19097189199988,-23.152270613999917,0],[-46.19097409699998,-23.15226658499995,0],[-46.190976293999881,-23.152262551999968,0],[-46.190978480999888,-23.152258513999982,0],[-46.190980656999898,-23.152254470999935,0],[-46.190982822999899,-23.152250423999931,0],[-46.190984977999904,-23.152246371999979,0]]],[[[-46.192751571999963,-23.150270515999978,0],[-46.192978008999944,-23.150200303999952,0],[-46.193167100999972,-23.15014281099991,0],[-46.193243513999903,-23.150254652999934,0],[-46.193311709999932,-23.150360730999978,0],[-46.193307273999949,-23.150362162999954,0],[-46.19330266299994,-23.150363649999974,0],[-46.193298050999886,-23.150365134999902,0],[-46.193293438999945,-23.150366618999954,0],[-46.193288824999911,-23.150368098999877,0],[-46.193284209999888,-23.150369575999946,0],[-46.193279592999943,-23.150371047999954,0],[-46.193274974999952,-23.150372514999901,0],[-46.193270353999822,-23.150373975999855,0],[-46.193265729999951,-23.150375429999883,0],[-46.193261105999966,-23.150376881999932,0],[-46.193256486999985,-23.150378347999947,0],[-46.193251878999888,-23.150379842999882,0],[-46.193247289999931,-23.150381384999946,0],[-46.193242724999948,-23.150382988999979,0],[-46.1932381929999,-23.150384671999916,0],[-46.193233703999965,-23.150386448999882,0],[-46.193229266999879,-23.150388333999956,0],[-46.193224890999943,-23.150390339999944,0],[-46.193220589999953,-23.150392477999958,0],[-46.193216374999963,-23.150394756999958,0],[-46.193212257999903,-23.150397184999974,0],[-46.193208249999941,-23.150399764999918,0],[-46.19320436299995,-23.150402496999902,0],[-46.193200605999891,-23.150405381999974,0],[-46.193196987999954,-23.150408413999969,0],[-46.193193513999859,-23.15041158799994,0],[-46.193190179999931,-23.150414886999954,0],[-46.193186963999949,-23.150418283999954,0],[-46.193183843999861,-23.150421758999983,0],[-46.193180802999962,-23.150425291999909,0],[-46.193177820999892,-23.150428867999949,0],[-46.193174881999937,-23.150432474999889,0],[-46.193171969999923,-23.150436099999922,0],[-46.193169067999975,-23.150439731999938,0],[-46.193166157999883,-23.150443358999894,0],[-46.193163222999942,-23.150446967999926,0],[-46.19316024099993,-23.150450543999966,0],[-46.193157187999873,-23.150454067999817,0],[-46.193154033999974,-23.150457514999914,0],[-46.193150740999954,-23.150460849999945,0],[-46.193147262999958,-23.150464018999912,0],[-46.193143537999902,-23.150466935999816,0],[-46.193139492999933,-23.150469460999943,0],[-46.193135068999823,-23.150471354999979,0],[-46.19313030099994,-23.150472267999817,0],[-46.193125447999932,-23.150471920999962,0],[-46.193120816999965,-23.150470510999924,0],[-46.193116496999949,-23.150468412999942,0],[-46.193112446999976,-23.150465891999886,0],[-46.193108602999928,-23.15046310799994,0],[-46.193104906999963,-23.150460156999941,0],[-46.193101311999953,-23.150457099999983,0],[-46.193097781999938,-23.150453979999895,0],[-46.193094286999894,-23.150450825999883,0],[-46.193090799999879,-23.150447664999888,0],[-46.193087298999956,-23.150444516999983,0],[-46.193083762999947,-23.150441401999899,0],[-46.193080172999885,-23.150438340999926,0],[-46.193076508999923,-23.150435355999946,0],[-46.193072752999967,-23.150432469999885,0],[-46.193068885999935,-23.150429711999948,0],[-46.193064890999949,-23.150427115999889,0],[-46.193060750999962,-23.150424720999979,0],[-46.193056454999976,-23.150422575999983,0],[-46.193051996999941,-23.150420733999965,0],[-46.193047383999954,-23.150419258999932,0],[-46.193042624999975,-23.15041826099997,0],[-46.193037758999935,-23.150418179999974,0],[-46.193033195999931,-23.150419690999968,0],[-46.193029452999951,-23.150422570999979,0],[-46.193026400999884,-23.150426090999815,0],[-46.19302393199996,-23.150429982999867,0],[-46.193022007999957,-23.15043413099994,0],[-46.193020511999919,-23.150438427999859,0],[-46.193019285999924,-23.150442798999961,0],[-46.193018168999913,-23.15044719499997,0],[-46.193017014999896,-23.150451582999949,0],[-46.193015697999954,-23.150455930999954,0],[-46.193014116999848,-23.150460201999977,0],[-46.193012206999867,-23.150464356999976,0],[-46.193009983999957,-23.150468376999925,0],[-46.193007482999917,-23.150472254999897,0],[-46.19300472599997,-23.150475980999943,0],[-46.193001721999963,-23.150479540999982,0],[-46.192998473999978,-23.150482911999973,0],[-46.19299497399993,-23.150486059999878,0],[-46.192991210999821,-23.150488935999931,0],[-46.192987166999842,-23.15049146299998,0],[-46.192982827999913,-23.15049352799997,0],[-46.192978201999892,-23.150494957999911,0],[-46.192973365999933,-23.150495512999953,0],[-46.192968534999977,-23.150494955999932,0],[-46.192964015999962,-23.150493270999959,0],[-46.192959899999892,-23.150490846999844,0],[-46.192956093999953,-23.150488019999955,0],[-46.19295247499997,-23.150484988999892,0],[-46.192948928999954,-23.150481882999884,0],[-46.192945366999936,-23.15047879399998,0],[-46.192941768999901,-23.150475740999923,0],[-46.192938138999978,-23.150472719999925,0],[-46.19293448399992,-23.150469724999937,0],[-46.192930808999961,-23.150466751999886,0],[-46.192927117999943,-23.150463794999894,0],[-46.192923416999975,-23.150460847999909,0],[-46.192919712999924,-23.150457905999872,0],[-46.192916010999966,-23.150454959999877,0],[-46.192912318999959,-23.150452003999931,0],[-46.192908642999896,-23.150449031999926,0],[-46.192904989999874,-23.150446034999959,0],[-46.192901367999923,-23.150443005999762,0],[-46.192897783999967,-23.150439938999966,0],[-46.192894244999877,-23.150436826999965,0],[-46.192890759999955,-23.15043366399982,0],[-46.192887336999945,-23.15043044399988,0],[-46.192883981999898,-23.150427162999904,0],[-46.19288070399989,-23.150423815999886,0],[-46.192877509999903,-23.150420399999973,0],[-46.19287440599993,-23.150416912999958,0],[-46.192871398999955,-23.150413354999898,0],[-46.192868493999981,-23.150409724999975,0],[-46.192865695999899,-23.150406024999938,0],[-46.192863006999971,-23.15040225499996,0],[-46.192860427999904,-23.15039842099992,0],[-46.192857932999971,-23.150394538999933,0],[-46.192855488999953,-23.150390628999901,0],[-46.192853062999916,-23.150386709999907,0],[-46.192850623999902,-23.150382796999963,0],[-46.192848141999946,-23.150378908999983,0],[-46.192845580999915,-23.150375062999956,0],[-46.192842907999875,-23.150371284999892,0],[-46.192840079999939,-23.15036760299995,0],[-46.192837055999917,-23.150364058999912,0],[-46.192833787999916,-23.150360703999979,0],[-46.192830229999913,-23.150357613999915,0],[-46.192826345999947,-23.150354881999874,0],[-46.192822122999928,-23.150352620999968,0],[-46.192817595999941,-23.150350938999964,0],[-46.192812854999886,-23.150349871999879,0],[-46.19280800599995,-23.150349354999946,0],[-46.192803124999955,-23.150349309999854,0],[-46.192798257999925,-23.150349666999887,0],[-46.192793433999952,-23.150350365999941,0],[-46.192788671999949,-23.150351361999924,0],[-46.192783980999877,-23.150352617999943,0],[-46.192779370999972,-23.150354105999895,0],[-46.192774847999942,-23.150355805999936,0],[-46.192770416999849,-23.150357704999919,0],[-46.192766086999939,-23.150359791999904,0],[-46.192761866999945,-23.150362062999932,0],[-46.192757763999964,-23.150364510999964,0],[-46.192753782999887,-23.150367125999821,0],[-46.192749923999941,-23.150369892999947,0],[-46.192746185999965,-23.150372798999911,0],[-46.192742563999957,-23.150375826999891,0],[-46.19273904999983,-23.15037896199982,0],[-46.192735632999984,-23.150382188999913,0],[-46.192732302999957,-23.150385491999828,0],[-46.192729045999954,-23.15038885599995,0],[-46.192725846999963,-23.150392267999962,0],[-46.192722690999972,-23.150395713999956,0],[-46.192719560999876,-23.150399180999898,0],[-46.192716442999824,-23.150402655999983,0],[-46.192713317999903,-23.15040612699994,0],[-46.19271017199992,-23.150409579999973,0],[-46.192706987999941,-23.150413003999972,0],[-46.192703748999918,-23.150416383999982,0],[-46.192700441999932,-23.15041970599998,0],[-46.192697050999982,-23.150422954999897,0],[-46.192693563999967,-23.150426116999881,0],[-46.192689970999936,-23.150429174999886,0],[-46.192686261999881,-23.150432111999976,0],[-46.192682430999923,-23.150434911999923,0],[-46.192678483999941,-23.150437569999951,0],[-46.192674441999884,-23.150440103999983,0],[-46.192670328999895,-23.150442537999936,0],[-46.192666162999899,-23.150444895999954,0],[-46.192661962999921,-23.150447198999871,0],[-46.192657742999927,-23.150449470999945,0],[-46.19265351699994,-23.150451733999887,0],[-46.192649299999971,-23.150454011999898,0],[-46.192645106999976,-23.150456326999915,0],[-46.192640953999955,-23.150458702999913,0],[-46.192636860999983,-23.150461165999957,0],[-46.192632849999939,-23.150463740999896,0],[-46.192628947999935,-23.150466455999947,0],[-46.192625188999898,-23.150469337999937,0],[-46.192621613999961,-23.150472412999932,0],[-46.192618269999969,-23.150475701999937,0],[-46.192615210999975,-23.150479220999955,0],[-46.192612493999945,-23.150482970999974,0],[-46.192610154999898,-23.150486933999957,0],[-46.1926082089999,-23.150491073999945,0],[-46.192606655999953,-23.150495353999929,0],[-46.192605488999959,-23.150499737999951,0],[-46.192604694999886,-23.150504191999971,0],[-46.192604255999868,-23.150508688999878,0],[-46.192604151999944,-23.1505132019999,0],[-46.192604357999983,-23.150517713999932,0],[-46.192604852999978,-23.150522205999948,0],[-46.192605582999875,-23.150526670999966,0],[-46.192606459999979,-23.150531112999886,0],[-46.192607404999933,-23.150535542999876,0],[-46.192608341999915,-23.150539974999901,0],[-46.192609183999934,-23.150544422999928,0],[-46.192609809999965,-23.150548900999922,0],[-46.192610017999982,-23.150553409999929,0],[-46.192609415999925,-23.150557880999884,0],[-46.192607283999848,-23.150561901999936,0],[-46.192603393999946,-23.150564573999816,0],[-46.192598768999858,-23.15056599299993,0],[-46.192593950999878,-23.15056671699989,0],[-46.192589082999916,-23.150567074999913,0],[-46.192584202999967,-23.150567245999923,0],[-46.192579320999926,-23.150567339999952,0],[-46.192574437999951,-23.150567442999943,0],[-46.192569558999935,-23.150567626999873,0],[-46.192564689999983,-23.150567969999827,0],[-46.192559849999896,-23.150568564999958,0],[-46.192555073999984,-23.15056950099995,0],[-46.192550395999945,-23.150570789999961,0],[-46.192545842999891,-23.150572420999936,0],[-46.192541437999978,-23.150574366999933,0],[-46.192537189999825,-23.150576592999982,0],[-46.192533098999945,-23.150579056999959,0],[-46.192529152999953,-23.150581716999966,0],[-46.192525332999821,-23.150584530999936,0],[-46.192521615999965,-23.150587458999951,0],[-46.192517970999916,-23.15059046399989,0],[-46.19251436899998,-23.150593512999876,0],[-46.192510777999928,-23.150596573999962,0],[-46.192507164999824,-23.150599611999951,0],[-46.192503499999873,-23.150602595999942,0],[-46.1924997509999,-23.150605489999975,0],[-46.192495894999979,-23.150608259999956,0],[-46.192491934999964,-23.150610902999915,0],[-46.192487885999981,-23.150613426999939,0],[-46.192483759999845,-23.150615841999979,0],[-46.192479568999943,-23.150618159999965,0],[-46.192475323999929,-23.150620391999894,0],[-46.192471034999926,-23.150622550999969,0],[-46.192466709999962,-23.150624648999894,0],[-46.192462358999933,-23.150626698999872,0],[-46.192457988999934,-23.150628713999879,0],[-46.192453605999901,-23.150630705999959,0],[-46.192449218999911,-23.150632689999952,0],[-46.192444832999911,-23.150634675999925,0],[-46.192440455999986,-23.150636678999831,0],[-46.192436094999891,-23.150638709999896,0],[-46.192431755999962,-23.150640782999972,0],[-46.192427447999876,-23.150642908999885,0],[-46.192423178999888,-23.150645100999895,0],[-46.192418956999973,-23.150647370999934,0],[-46.192414792999898,-23.150649729999941,0],[-46.192410697999946,-23.15065218899997,0],[-46.192406680999966,-23.150654757999973,0],[-46.192402756999968,-23.150657444999922,0],[-46.19239893699995,-23.150660257999903,0],[-46.192395233999889,-23.150663201999976,0],[-46.192391661999864,-23.150666279999882,0],[-46.192388231999928,-23.150669494999875,0],[-46.192384961999949,-23.150672846999953,0],[-46.192381872999931,-23.150676344999908,0],[-46.192378997999981,-23.150679993999859,0],[-46.192376371999842,-23.1506838009999,0],[-46.192374042999916,-23.150687768999944,0],[-46.192372066999837,-23.150691896999945,0],[-46.192370510999979,-23.15069617599994,0],[-46.192369447999965,-23.150700580999967,0],[-46.192368937999845,-23.150705068999969,0],[-46.192368909999914,-23.150709583999912,0],[-46.192369192999934,-23.150714090999941,0],[-46.192369624999969,-23.15071858899995,0],[-46.192370052999934,-23.15072308799995,0],[-46.19237032999996,-23.150727595999967,0],[-46.192370300999869,-23.150732109999979,0],[-46.192369840999902,-23.150736603999917,0],[-46.192368948999956,-23.150741042999925,0],[-46.192367662999914,-23.150745397999856,0],[-46.192366018999962,-23.15074964899992,0],[-46.192364052999949,-23.150753781999924,0],[-46.192361794999954,-23.150757784999882,0],[-46.19235926999994,-23.150761649999936,0],[-46.192356502999985,-23.150765368999885,0],[-46.192353509999975,-23.150768936999953,0],[-46.19235030699997,-23.15077234499995,0],[-46.192346903999976,-23.150775583999973,0],[-46.192343310999945,-23.150778640999931,0],[-46.192339539999978,-23.150781508999899,0],[-46.19233560899994,-23.150784186999942,0],[-46.192331537999962,-23.150786681999875,0],[-46.192327348999868,-23.150789001999897,0],[-46.192323060999968,-23.150791160999972,0],[-46.192318690999969,-23.150793177999901,0],[-46.19231425699985,-23.150795068999969,0],[-46.19230977299992,-23.150796856999932,0],[-46.19230524999989,-23.150798559999885,0],[-46.192300698999873,-23.150800197999956,0],[-46.192296129999932,-23.150801792999971,0],[-46.192291550999926,-23.15080336199992,0],[-46.192286969999884,-23.150804924999875,0],[-46.192282391999981,-23.150806497999952,0],[-46.192277824999962,-23.15080809799997,0],[-46.192273275999923,-23.150809739999943,0],[-46.192268751999904,-23.150811438999881,0],[-46.192264254999884,-23.150813200999949,0],[-46.192259776999947,-23.150815000999842,0],[-46.192255300999932,-23.150816807999888,0],[-46.192250814999909,-23.150818591999951,0],[-46.19224630399998,-23.150820321999902,0],[-46.192241753999895,-23.150821960999963,0],[-46.192237150999972,-23.15082347099991,0],[-46.192232485999909,-23.150824802999921,0],[-46.192227748999983,-23.150825898999926,0],[-46.192222941999944,-23.150826690999907,0],[-46.192218080999965,-23.150827094999954,0],[-46.192213199999912,-23.15082702299992,0],[-46.192208367999967,-23.150826393999978,0],[-46.192203663999919,-23.150825190999967,0],[-46.192199113999891,-23.150823553999942,0],[-46.192194692999976,-23.150821637999854,0],[-46.192190351999898,-23.150819568999964,0],[-46.192186038999978,-23.150817451999956,0],[-46.19218170299996,-23.150815372999944,0],[-46.19217730299988,-23.150813414999959,0],[-46.192172806999963,-23.150811654999927,0],[-46.192168196999944,-23.150810167999964,0],[-46.192163486999902,-23.15080897699994,0],[-46.192158702999961,-23.150808071999961,0],[-46.192153867999878,-23.15080744699992,0],[-46.192148998999926,-23.150807099999895,0],[-46.192144116999884,-23.150807030999886,0],[-46.192139239999847,-23.150807247999978,0],[-46.192134388999875,-23.150807759999964,0],[-46.192129588999933,-23.150808583999947,0],[-46.192124868999883,-23.150809740999932,0],[-46.192120269999975,-23.150811253999962,0],[-46.192115841999964,-23.150813153999934,0],[-46.192111650999948,-23.150815467999962,0],[-46.192107783999973,-23.150818219999906,0],[-46.192104339999958,-23.150821416999918,0],[-46.192101418999982,-23.150825030999954,0],[-46.192099042999985,-23.150828971999942,0],[-46.192097180999895,-23.150833144999922,0],[-46.192095782999957,-23.150837469999942,0],[-46.192094795999878,-23.150841890999914,0],[-46.19209417199994,-23.150846368999964,0],[-46.192093867999915,-23.150850874999946,0],[-46.192093849999821,-23.15085539099988,0],[-46.192094090999944,-23.150859899999887,0],[-46.192094572999963,-23.150864393999939,0],[-46.192095278999943,-23.150868861999925,0],[-46.192096198999934,-23.150873296999976,0],[-46.192097301999922,-23.150877694999963,0],[-46.192098553999926,-23.150882059999958,0],[-46.192099914999972,-23.150886396999965,0],[-46.19210134299982,-23.150890714999889,0],[-46.192102795999915,-23.150895026999876,0],[-46.192104226999959,-23.150899343999981,0],[-46.192105590999972,-23.150903679999885,0],[-46.192106838999905,-23.150908045999813,0],[-46.192107922999924,-23.150912447999929,0],[-46.192108793999978,-23.150916890999895,0],[-46.192109409999944,-23.150921369999935,0],[-46.192109732999882,-23.150925875999974,0],[-46.192109733999985,-23.150930390999974,0],[-46.192109407999965,-23.150934895999967,0],[-46.192108776999817,-23.150939372999915,0],[-46.192107853999914,-23.15094380599993,0],[-46.192106648999982,-23.150948181999922,0],[-46.192105160999972,-23.150952481999923,0],[-46.192103386999975,-23.150956688999941,0],[-46.192101314999888,-23.150960776999909,0],[-46.192098930999975,-23.150964716999965,0],[-46.192096215999925,-23.150968468999906,0],[-46.192093146999923,-23.150971978999962,0],[-46.192089703999898,-23.150975177999953,0],[-46.192085875999965,-23.150977977999901,0],[-46.192081675999873,-23.150980273999835,0],[-46.19207715999994,-23.150981983999884,0],[-46.192072447999919,-23.150983160999886,0],[-46.192067635999877,-23.150983918999941,0],[-46.192062777999979,-23.150984373999904,0],[-46.192057901999931,-23.15098463399994,0],[-46.192053021999982,-23.150984788999949,0],[-46.19204813999994,-23.150984925999865,0],[-46.19204326199997,-23.150985126999956,0],[-46.192038392999962,-23.150985474999914,0],[-46.192033551999884,-23.150986061999959,0],[-46.192028773999937,-23.150986988999932,0],[-46.192024122999896,-23.15098835699996,0],[-46.192019672999891,-23.150990210999964,0],[-46.192015444999981,-23.150992466999867,0],[-46.192011424999919,-23.150995029999876,0],[-46.192007582999963,-23.150997815999972,0],[-46.192003875999944,-23.151000755999917,0],[-46.192000261999965,-23.151003791999983,0],[-46.191996693999954,-23.151006875999883,0],[-46.191993126999932,-23.151009959999897,0],[-46.191989512999896,-23.151012996999953,0],[-46.19198580099993,-23.151015930999961,0],[-46.191981937999969,-23.151018692999969,0],[-46.191977873999974,-23.151021194999942,0],[-46.19197356899997,-23.151023320999911,0],[-46.191969037999968,-23.151024998999958,0],[-46.191964341999949,-23.151026231999822,0],[-46.191959541999893,-23.151027053999883,0],[-46.191954684999928,-23.151027516999932,0],[-46.191949805999968,-23.151027678999924,0],[-46.191944922999937,-23.151027597999928,0],[-46.191940048999982,-23.151027326999895,0],[-46.19193518599991,-23.151026910999974,0],[-46.191930334999881,-23.151026390999903,0],[-46.191925493999918,-23.151025801999936,0],[-46.191920657999958,-23.151025173999983,0],[-46.191915822999931,-23.15102453499992,0],[-46.191910986999972,-23.151023907999956,0],[-46.191906145999837,-23.151023315999907,0],[-46.191901296999959,-23.151022778999959,0],[-46.191896438999834,-23.151022316999956,0],[-46.191891572999964,-23.151021940999897,0],[-46.191886698999895,-23.151021655999955,0],[-46.191881819999935,-23.151021470999979,0],[-46.191876936999904,-23.15102139399994,0],[-46.19187205399993,-23.15102143799993,0],[-46.19186717499997,-23.151021614999877,0],[-46.191862303999926,-23.151021943999979,0],[-46.191857450999976,-23.151022445999956,0],[-46.191852627999936,-23.151023146999933,0],[-46.191847849999874,-23.1510240799999,0],[-46.19184314599994,-23.151025287999914,0],[-46.191838554999947,-23.151026822999938,0],[-46.19183413899998,-23.151028746999941,0],[-46.191829992999942,-23.151031126999953,0],[-46.191826250999952,-23.151034021999919,0],[-46.191823083999964,-23.151037450999922,0],[-46.191820633999953,-23.15104135099989,0],[-46.191818870999896,-23.151045557999907,0],[-46.191817668999875,-23.151049932999911,0],[-46.1918168979999,-23.151054390999946,0],[-46.191816443999983,-23.15105888699992,0],[-46.191816218999918,-23.151063397999962,0],[-46.191816152999934,-23.151067912999963,0],[-46.191816187999962,-23.151072428999896,0],[-46.191816277999862,-23.15107694399984,0],[-46.191816378999931,-23.151081458999954,0],[-46.191816452999944,-23.151085973999955,0],[-46.191816460999974,-23.151090489999888,0],[-46.191816360999951,-23.151095003999899,0],[-46.191816107999955,-23.151099513999952,0],[-46.191815654999971,-23.151104009999926,0],[-46.19181494399993,-23.15110847699998,0],[-46.19181391099994,-23.151112888999876,0],[-46.191812487999982,-23.15111720799996,0],[-46.191810609999834,-23.151121373999956,0],[-46.191808232999904,-23.151125315999934,0],[-46.191805435999925,-23.151129014999981,0],[-46.191802348999943,-23.151132513999983,0],[-46.191799085999946,-23.15113587299993,0],[-46.191795738999929,-23.151139161999936,0],[-46.191792393999947,-23.151142451999931,0],[-46.191789132999986,-23.151145812999857,0],[-46.19178605299993,-23.151149315999874,0],[-46.19178326499997,-23.151153021999903,0],[-46.191780893999862,-23.151156966999963,0],[-46.191778978999878,-23.15116111899988,0],[-46.191777490999925,-23.151165418999881,0],[-46.191776388999926,-23.151169816999982,0],[-46.191775629999938,-23.151174276999882,0],[-46.19177517299994,-23.151178772999913,0],[-46.191774979999821,-23.151183283999956,0],[-46.19177501799993,-23.151187799999946,0],[-46.19177525899994,-23.151192309999885,0],[-46.191775677999942,-23.151196808999885,0],[-46.191776261999905,-23.151201291999826,0],[-46.191776998999899,-23.151205755999911,0],[-46.191777875999946,-23.151210197999944,0],[-46.19177887799998,-23.151214617999926,0],[-46.19177998899994,-23.151219014999981,0],[-46.191781194999976,-23.151223390999974,0],[-46.191782478999983,-23.151227747999883,0],[-46.191783824999902,-23.151232087999972,0],[-46.19178521799995,-23.151236416999893,0],[-46.191786640999965,-23.151240735999977,0],[-46.191788078999934,-23.151245051999979,0],[-46.191789516999961,-23.151249367999981,0],[-46.191790938999873,-23.151253687999883,0],[-46.191792329999942,-23.151258016999975,0],[-46.191793673999939,-23.151262357999883,0],[-46.191794963999939,-23.151266712999927,0],[-46.191796195999984,-23.151271082999983,0],[-46.191797368999971,-23.151275466999834,0],[-46.191798480999978,-23.151279863999946,0],[-46.191799528999979,-23.15128427399992,0],[-46.191800511999986,-23.151288697999973,0],[-46.191801426999973,-23.151293132999967,0],[-46.191802271999961,-23.151297580999881,0],[-46.191803042999936,-23.151302039999905,0],[-46.191803737999976,-23.151306509999927,0],[-46.191804354999931,-23.151310989999843,0],[-46.191804888999968,-23.151315477999958,0],[-46.191805337999938,-23.151319974999979,0],[-46.191805697999939,-23.151324477999879,0],[-46.19180596699988,-23.151328986999886,0],[-46.191806138999823,-23.151333499999907,0],[-46.191806210999914,-23.151338014999965,0],[-46.191806179999901,-23.151342530999955,0],[-46.191806039999904,-23.151347044999966,0],[-46.191805799999884,-23.151351554999906,0],[-46.19180548199995,-23.151356060999944,0],[-46.191805106999823,-23.151360562999969,0],[-46.191804700999967,-23.151365063999947,0],[-46.191804286999911,-23.151369562999889,0],[-46.191803888999971,-23.151374063999981,0],[-46.191803529999959,-23.151378566999938,0],[-46.191803231999927,-23.151383074999956,0],[-46.191803017999916,-23.151387585999942,0],[-46.191802907999886,-23.151392100999885,0],[-46.191802921999908,-23.151396615999886,0],[-46.191803076999918,-23.15140112999984,0],[-46.191803389999961,-23.151405635999936,0],[-46.191803870999877,-23.151410128999942,0],[-46.191804532999868,-23.151414602999978,0],[-46.191805379999948,-23.151419049999902,0],[-46.191806375999931,-23.15142347099993,0],[-46.191807402999927,-23.151427885999908,0],[-46.191808330999891,-23.151432319999913,0],[-46.191809011999965,-23.151436789999934,0],[-46.191809241999977,-23.151441297999952,0],[-46.191808735999928,-23.151445782999872,0],[-46.191807156999971,-23.151450041999965,0],[-46.191804395999952,-23.151453751999952,0],[-46.191800819999912,-23.151456817999929,0],[-46.191796762999843,-23.151459325999951,0],[-46.191792413999906,-23.15146137499994,0],[-46.191787873999886,-23.151463034999892,0],[-46.191783201999954,-23.151464345999898,0],[-46.191778435999936,-23.151465325999823,0],[-46.191773607999949,-23.151465995999956,0],[-46.191768743999944,-23.151466392999907,0],[-46.191763863999938,-23.151466563999918,0],[-46.191758980999907,-23.15146656599984,0],[-46.191754098999866,-23.151466457999902,0],[-46.191749217999984,-23.151466300999971,0],[-46.191744336999932,-23.151466158999881,0],[-46.191739453999901,-23.151466096999968,0],[-46.191734571999916,-23.151466179999886,0],[-46.191729699999883,-23.151466473999903,0],[-46.191724855999951,-23.151467040999876,0],[-46.191720065999959,-23.151467916999934,0],[-46.191715350999857,-23.151469090999967,0],[-46.191710729999897,-23.151470548999896,0],[-46.191706219999901,-23.151472278999961,0],[-46.191701838999961,-23.151474272999963,0],[-46.191697605999877,-23.151476522999928,0],[-46.191693541999939,-23.151479024999958,0],[-46.19168966899997,-23.151481774999922,0],[-46.191686011999934,-23.151484765999896,0],[-46.191682578999973,-23.151487976999931,0],[-46.191679369999974,-23.151491379999925,0],[-46.191676377999897,-23.151494947999879,0],[-46.191673593999951,-23.151498656999934,0],[-46.191671006999911,-23.151502486999959,0],[-46.191668603999972,-23.15150641799994,0],[-46.191666371999986,-23.151510433999931,0],[-46.191664297999978,-23.1515145219999,0],[-46.191662366999935,-23.151518669999973,0],[-46.191660561999925,-23.15152286599988,0],[-46.191658862999873,-23.151527098999964,0],[-46.191657251999914,-23.151531361999957,0],[-46.191655706999882,-23.151535645999957,0],[-46.191654207999932,-23.151539943999978,0],[-46.191652732999898,-23.151544248999869,0],[-46.191651260999947,-23.151548554999977,0],[-46.191649771999948,-23.151552854999977,0],[-46.191648241999985,-23.15155714399998,0],[-46.191646651999861,-23.151561413999957,0],[-46.191644985999972,-23.151565657999868,0],[-46.19164324399992,-23.151569876999929,0],[-46.191641433999962,-23.151574070999914,0],[-46.191639562999967,-23.151578241999914,0],[-46.191637636999985,-23.151582391999909,0],[-46.19163566199984,-23.151586521999889,0],[-46.191633645999957,-23.151590634999877,0],[-46.191631592999954,-23.151594731999978,0],[-46.191629509999927,-23.151598816999922,0],[-46.191627403999973,-23.151602890999925,0],[-46.191625278999936,-23.151606956999899,0],[-46.191623142999958,-23.151611017999983,0],[-46.191621002999966,-23.151615076999974,0],[-46.191618865999942,-23.151619137999944,0],[-46.191616738999869,-23.151623201999939,0],[-46.191614628999957,-23.151627274999896,0],[-46.191612542999962,-23.151631357999975,0],[-46.19161048999996,-23.151635455999951,0],[-46.191608475999885,-23.151639569999929,0],[-46.191606509999986,-23.151643702999934,0],[-46.191604598999845,-23.151647858999979,0],[-46.191602751999937,-23.151652038999885,0],[-46.191600976999894,-23.151656245999902,0],[-46.191599280999924,-23.151660480999965,0],[-46.191597658999967,-23.151664739999887,0],[-46.191596099999913,-23.151669018999883,0],[-46.191594588999976,-23.151673313999879,0],[-46.191593115999979,-23.151677618999884,0],[-46.191591665999908,-23.151681930999871,0],[-46.19159022599996,-23.151686245999883,0],[-46.191588784999965,-23.151690560999896,0],[-46.191587327999912,-23.151694870999961,0],[-46.191585842999984,-23.151699172999884,0],[-46.191584316999922,-23.151703462999876,0],[-46.191582738999898,-23.151707735999878,0],[-46.191581095999936,-23.151711988999978,0],[-46.191579376999982,-23.151716214999965,0],[-46.191577569999936,-23.151720410999872,0],[-46.191575666999938,-23.151724568999953,0],[-46.191573655999946,-23.151728684999853,0],[-46.191571530999965,-23.151732749999837,0],[-46.191569284999957,-23.151736759999892,0],[-46.191566897999905,-23.151740698999959,0],[-46.191564323999955,-23.15174453599991,0],[-46.191561507999893,-23.151748223999959,0],[-46.191558392999923,-23.151751700999966,0],[-46.191554930999985,-23.151754882999967,0],[-46.191551088999859,-23.151757663999945,0],[-46.191546869999968,-23.151759930999958,0],[-46.191542359999914,-23.151761656999895,0],[-46.191537689999905,-23.151762972999848,0],[-46.191532940999934,-23.151764023999931,0],[-46.191528158999915,-23.151764939999907,0],[-46.191523373999871,-23.151765844999886,0],[-46.191518617999918,-23.151766865999889,0],[-46.191513936999968,-23.151768149999896,0],[-46.191509427999961,-23.151769874999957,0],[-46.191505273999951,-23.151772236999818,0],[-46.191501749999929,-23.15177534999998,0],[-46.191498963999891,-23.151779051999938,0],[-46.191496849999965,-23.151783117999912,0],[-46.191495301999964,-23.151787398999829,0],[-46.19149422299995,-23.151791800999945,0],[-46.19149353399996,-23.151796270999853,0],[-46.191493180999942,-23.151800773999867,0],[-46.191493124999965,-23.151805288999981,0],[-46.191493341999944,-23.151809799999967,0],[-46.191493819999891,-23.151814292999916,0],[-46.191494530999876,-23.151818760999845,0],[-46.191495320999934,-23.151823216999958,0],[-46.191495976999931,-23.151827690999937,0],[-46.191496263999852,-23.151832197999966,0],[-46.191495977999978,-23.151836701999912,0],[-46.191495000999907,-23.151841121999894,0],[-46.191493235999928,-23.151845325999886,0],[-46.191490485999907,-23.151849039999945,0],[-46.191486623999936,-23.151851769999894,0],[-46.19148214799992,-23.151853563999964,0],[-46.191477529999986,-23.151855033999936,0],[-46.191473004999978,-23.151856726999881,0],[-46.191468672999974,-23.15185880699994,0],[-46.191464549999978,-23.151861224999891,0],[-46.191460636999921,-23.151863925999919,0],[-46.191456923999965,-23.151866857999892,0],[-46.191453390999925,-23.151869974999897,0],[-46.191450023999948,-23.151873244999933,0],[-46.191446814999949,-23.151876648999917,0],[-46.191443754999966,-23.151880166999945,0],[-46.191440827999884,-23.15188378199997,0],[-46.191438018999918,-23.151887475999956,0],[-46.191435311999953,-23.151891233999891,0],[-46.191432686999917,-23.151895041999921,0],[-46.191430125999887,-23.151898886999902,0],[-46.191427609999948,-23.151902757999949,0],[-46.191425119999906,-23.151906641999915,0],[-46.191422637999949,-23.151910530999885,0],[-46.191420144999938,-23.151914413999918,0],[-46.191417622999893,-23.151918281999883,0],[-46.191415054999879,-23.151922122999963,0],[-46.191412424999839,-23.151925926999922,0],[-46.191409715999953,-23.151929683999981,0],[-46.19140691299998,-23.151933381999982,0],[-46.191404005999857,-23.151937010999859,0],[-46.191401024999948,-23.151940586999956,0],[-46.191398013999958,-23.15194414299998,0],[-46.191395019999902,-23.151947709999945,0],[-46.19139208799993,-23.151951321999888,0],[-46.191389271999981,-23.151955010999927,0],[-46.19138662999984,-23.151958807999961,0],[-46.191384229999983,-23.151962739999931,0],[-46.191382149999981,-23.151966823999942,0],[-46.191380472999924,-23.151971063999838,0],[-46.191379274999917,-23.151975438999841,0],[-46.19137855699995,-23.151979903999859,0],[-46.191378260999954,-23.151984410999944,0],[-46.191378330999953,-23.151988924999955,0],[-46.191378719999875,-23.151993425999819,0],[-46.191379387999859,-23.151997897999934,0],[-46.191380306999918,-23.152002332999928,0],[-46.191381452999963,-23.152006721999953,0],[-46.191382804999876,-23.152011060999939,0],[-46.191384334999896,-23.152015349999942,0],[-46.191386009999974,-23.152019590999942,0],[-46.191387794999912,-23.152023794999934,0],[-46.191389654999909,-23.152027969999835,0],[-46.191391555999985,-23.152032128999906,0],[-46.191393466999955,-23.152036284999895,0],[-46.191395357999852,-23.152040448999969,0],[-46.191397205999976,-23.152044628999874,0],[-46.191398983999875,-23.15204883399997,0],[-46.191400636999845,-23.152053082999942,0],[-46.191402080999978,-23.152057396999965,0],[-46.191403205999961,-23.152061789999948,0],[-46.191403859999923,-23.152066261999892,0],[-46.191403819999948,-23.152070772999934,0],[-46.191402799999935,-23.152075177999905,0],[-46.191400582999904,-23.15207918599998,0],[-46.191397347999839,-23.152082555999982,0],[-46.19139346299994,-23.152085281999973,0],[-46.191389167999944,-23.152087424999934,0],[-46.191384609999943,-23.152089037999929,0],[-46.191379879999886,-23.152090149999935,0],[-46.191375043999926,-23.152090761999943,0],[-46.191370163999977,-23.15209084199995,0],[-46.191365315999917,-23.152090328999918,0],[-46.191360614999894,-23.152089126999897,0],[-46.19135619799988,-23.152087212999959,0],[-46.191352148999897,-23.152084695999974,0],[-46.19134848799996,-23.152081710999937,0],[-46.191345188999946,-23.152078383999935,0],[-46.191342202999977,-23.152074810999977,0],[-46.191339480999943,-23.152071062999937,0],[-46.191337002999887,-23.152067172999978,0],[-46.191334769999969,-23.152063156999816,0],[-46.1913327769999,-23.152059034999922,0],[-46.191331015999936,-23.152054823999947,0],[-46.191329474999975,-23.152050538999902,0],[-46.191328141999975,-23.152046194999912,0],[-46.191327003999959,-23.152041803999907,0],[-46.191326045999972,-23.152037375999896,0],[-46.191325253999821,-23.152032919999954,0],[-46.191324612999949,-23.152028443999939,0],[-46.19132410799989,-23.152023951999922,0],[-46.191323727999873,-23.152019449999841,0],[-46.191323457999943,-23.152014940999891,0],[-46.191323286999932,-23.152010427999983,0],[-46.191323200999932,-23.152005912999982,0],[-46.191323192999903,-23.152001397999925,0],[-46.191323265999927,-23.151996881999935,0],[-46.191323426999929,-23.151992368999913,0],[-46.19132368399994,-23.151987859999963,0],[-46.191324041999962,-23.15198335599996,0],[-46.191324509999959,-23.151978860999861,0],[-46.191325093999978,-23.15197437799992,0],[-46.191325800999948,-23.151969909999934,0],[-46.191326636999918,-23.151965460999975,0],[-46.191327607999938,-23.151961034999886,0],[-46.191328711999915,-23.151956636999955,0],[-46.191329946999929,-23.151952267999945,0],[-46.191331308999963,-23.151947930999938,0],[-46.191332791999912,-23.151943628999959,0],[-46.191334392999977,-23.15193936299994,0],[-46.191336106999984,-23.151935133999871,0],[-46.191337928999985,-23.15193094499989,0],[-46.191339854999967,-23.151926794999895,0],[-46.191341880999971,-23.151922685999921,0],[-46.191344001999937,-23.151918618999957,0],[-46.191346213999964,-23.151914592999958,0],[-46.19134851299998,-23.15191060899997,0],[-46.191350893999982,-23.151906665999945,0],[-46.191353353999943,-23.151902764999932,0],[-46.191355882999972,-23.151898901999971,0],[-46.191358456999978,-23.151895064999962,0],[-46.191361051999934,-23.151891238999895,0],[-46.191363641999885,-23.151887409999915,0],[-46.191366200999937,-23.151883564999878,0],[-46.191368704999945,-23.151879686999905,0],[-46.191371122999954,-23.151875763999954,0],[-46.191373423999892,-23.151871781999944,0],[-46.191375575999984,-23.1518677279999,0],[-46.191377537999983,-23.151863592999916,0],[-46.191379267999935,-23.15185937099983,0],[-46.191380721999963,-23.151855060999935,0],[-46.191381853999985,-23.151850668999884,0],[-46.191382619999956,-23.151846209999974,0],[-46.191383008999878,-23.151841709999871,0],[-46.191383049999899,-23.151837194999928,0],[-46.19138277899998,-23.15183268699991,0],[-46.191382228999828,-23.151828199999898,0],[-46.191381429999922,-23.151823745999877,0],[-46.19138040799993,-23.151819329999967,0],[-46.191379186999939,-23.151814957999875,0],[-46.191377788999887,-23.151810631999979,0],[-46.191376229999946,-23.15180635199988,0],[-46.191374522999979,-23.151802120999889,0],[-46.191372672999933,-23.151797941999973,0],[-46.191370681999956,-23.151793818999977,0],[-46.191368550999925,-23.151789755999914,0],[-46.191366281999933,-23.151785756999971,0],[-46.191363879999983,-23.151781825999876,0],[-46.191361344999962,-23.15177796699993,0],[-46.19135868099994,-23.151774181999883,0],[-46.191355890999944,-23.151770475999911,0],[-46.191352977999884,-23.15176685199998,0],[-46.191349951999825,-23.151763307999943,0],[-46.1913468219999,-23.151759841999933,0],[-46.191343599999982,-23.151756447999844,0],[-46.191340297999886,-23.151753120999899,0],[-46.191336924999973,-23.151749855999981,0],[-46.191333492999945,-23.15174664299991,0],[-46.191330009999945,-23.151743477999901,0],[-46.191326485999923,-23.151740350999944,0],[-46.191322929999899,-23.151737255999933,0],[-46.191319350999947,-23.151734184999953,0],[-46.191315754999835,-23.15173112899987,0],[-46.191312150999977,-23.151728081999977,0],[-46.191308545999959,-23.151725035999903,0],[-46.19131470099984,-23.151716231999956,0],[-46.191460419999885,-23.151541653999914,0],[-46.191631012999892,-23.151333749999935,0],[-46.191663376999884,-23.151163144999941,0],[-46.191693055999963,-23.151005855999983,0],[-46.191996189999827,-23.150753685999916,0],[-46.192153954999981,-23.150639394999871,0],[-46.192339734999905,-23.150501028999884,0],[-46.192527748999908,-23.150394465999966,0],[-46.192751571999963,-23.150270515999978,0]]],[[[-46.190186967999978,-23.149761020999961,0],[-46.190177843999834,-23.149715043999947,0],[-46.190180144999943,-23.149693537999951,0],[-46.190193976999922,-23.149661584999876,0],[-46.190342743999963,-23.149568552999824,0],[-46.190429238999911,-23.149480313999959,0],[-46.190514983999947,-23.149354775999882,0],[-46.190568117999874,-23.149296640999978,0],[-46.190551238999888,-23.149212636999948,0],[-46.190683180999883,-23.149160338999877,0],[-46.190766105999899,-23.14912627599989,0],[-46.190813720999927,-23.149243254999931,0],[-46.190844934999973,-23.149352724999972,0],[-46.190790462999985,-23.149501873999895,0],[-46.19073012399997,-23.149669049999943,0],[-46.190713022999944,-23.149721166999939,0],[-46.190667001999884,-23.149974534999842,0],[-46.190635525999937,-23.150128558999882,0],[-46.190505561999942,-23.150188203999846,0],[-46.190311011999938,-23.150273732999892,0],[-46.190189397999973,-23.15032427299991,0],[-46.190093900999898,-23.150276447999943,0],[-46.189994801999944,-23.15022331199998,0],[-46.189994653999861,-23.150223231999973,0],[-46.189997518999917,-23.15022182499996,0],[-46.190001151999866,-23.150218819999964,0],[-46.190004135999914,-23.150215250999963,0],[-46.190006617999984,-23.150211363999972,0],[-46.190008755999941,-23.150207304999981,0],[-46.190010681999922,-23.150203154999929,0],[-46.190012506999892,-23.150198966999938,0],[-46.190014331999976,-23.150194777999957,0],[-46.190016301999947,-23.150190646999874,0],[-46.190018651999878,-23.150186690999874,0],[-46.190021668999975,-23.150183150999965,0],[-46.190025562999949,-23.150180452999905,0],[-46.190030061999948,-23.150178715999971,0],[-46.190034788999981,-23.15017758699986,0],[-46.19003958299993,-23.150176728999952,0],[-46.190044376999879,-23.150175867999963,0],[-46.190049134999924,-23.150174850999974,0],[-46.190053855999963,-23.150173698999879,0],[-46.19005854999989,-23.150172452999982,0],[-46.190063227999929,-23.150171156999932,0],[-46.190067903999875,-23.150169854999945,0],[-46.19007259499989,-23.150168597999823,0],[-46.190077312999961,-23.15016743599989,0],[-46.190082071999882,-23.150166421999927,0],[-46.190086874999963,-23.150165609999931,0],[-46.190091719999884,-23.150165050999874,0],[-46.190096592999964,-23.150164761999861,0],[-46.190101475999882,-23.150164730999961,0],[-46.190106352999976,-23.150164942999879,0],[-46.190111211999977,-23.150165385999912,0],[-46.190116042999932,-23.150166048999949,0],[-46.190120833999913,-23.150166921999926,0],[-46.190125575999957,-23.150167996999926,0],[-46.190130260999979,-23.150169268999946,0],[-46.190134894999915,-23.150170694999929,0],[-46.190139504999934,-23.150172184999917,0],[-46.190144123999971,-23.150173649999886,0],[-46.190148785999895,-23.150174992999894,0],[-46.190153516999942,-23.150176109999904,0],[-46.190158322999878,-23.150176905999956,0],[-46.190163178999967,-23.15017737799991,0],[-46.190168056999823,-23.150177569999926,0],[-46.190172939999968,-23.15017753099994,0],[-46.190177816999892,-23.150177308999901,0],[-46.190182684999968,-23.150176949999889,0],[-46.190187539999897,-23.150176469999963,0],[-46.190192348999972,-23.150175691999948,0],[-46.190196993999905,-23.150174317999927,0],[-46.190201180999964,-23.150172021999936,0],[-46.190204433999895,-23.150168678999933,0],[-46.190206492999891,-23.150164600999915,0],[-46.190207064999925,-23.150160141999834,0],[-46.190205536999883,-23.150155895999944,0],[-46.190202429999886,-23.150152430999981,0],[-46.190198644999953,-23.150149582999916,0],[-46.190194597999948,-23.15014705599998,0],[-46.190190420999897,-23.150144716999876,0],[-46.190186131999894,-23.15014255799997,0],[-46.190181747999873,-23.150140569999905,0],[-46.190177284999947,-23.150138736999907,0],[-46.190172760999928,-23.150137036999979,0],[-46.19016819299992,-23.150135440999918,0],[-46.190163595999877,-23.150133917999881,0],[-46.190158982999947,-23.150132435999922,0],[-46.190154365999945,-23.15013096399997,0],[-46.190149750999979,-23.150129488999937,0],[-46.19014513999997,-23.150128001999917,0],[-46.190140535999944,-23.150126495999871,0],[-46.190135941999984,-23.150124963999929,0],[-46.190131360999885,-23.150123398999881,0],[-46.190126796999948,-23.150121792999926,0],[-46.190122251999924,-23.150120139999899,0],[-46.19011773099993,-23.150118434999911,0],[-46.190113236999878,-23.150116666999963,0],[-46.190108781999982,-23.150114815999814,0],[-46.190104382999948,-23.150112855999907,0],[-46.190100057999985,-23.150110759999905,0],[-46.190095829999962,-23.150108500999977,0],[-46.190091728999903,-23.150106050999966,0],[-46.19008778999995,-23.150103381999941,0],[-46.190084057999968,-23.150100470999973,0],[-46.190080585999965,-23.150097297999878,0],[-46.190077416999941,-23.150093863999928,0],[-46.190074557999878,-23.15009020399998,0],[-46.190072001999965,-23.150086356999964,0],[-46.190069733999962,-23.150082358999953,0],[-46.190067734999957,-23.150078239999971,0],[-46.190065983999887,-23.150074024999981,0],[-46.190064459999974,-23.150069734999818,0],[-46.190063143999907,-23.150065385999881,0],[-46.19006201499991,-23.150060992999954,0],[-46.190061060999938,-23.150056563999954,0],[-46.190060291999941,-23.150052104999929,0],[-46.190059733999931,-23.150047619999953,0],[-46.190059419999955,-23.150043113999914,0],[-46.190059388999885,-23.15003859899997,0],[-46.190059684999824,-23.150034091999885,0],[-46.190060359999961,-23.150029620999874,0],[-46.190061468999886,-23.150025224999865,0],[-46.190063066999926,-23.150020959999949,0],[-46.190065193999942,-23.150016897999876,0],[-46.19006785299996,-23.150013113999933,0],[-46.190070965999951,-23.150009637999972,0],[-46.190074441999968,-23.150006468999891,0],[-46.190078206999942,-23.15000359499993,0],[-46.190082201999985,-23.150000998999815,0],[-46.190086379999968,-23.149998662999963,0],[-46.1900907079999,-23.149996572999953,0],[-46.190095159999828,-23.149994717999903,0],[-46.190099714999917,-23.149993090999942,0],[-46.190104355999949,-23.149991685999908,0],[-46.190109064999888,-23.149990492999905,0],[-46.190113827999937,-23.149989499999947,0],[-46.190118632999884,-23.149988690999862,0],[-46.190123465999932,-23.14998805099998,0],[-46.190128320999975,-23.149987562999854,0],[-46.190133188999937,-23.149987209999892,0],[-46.190138065999918,-23.14998697599998,0],[-46.19014294699997,-23.149986841999976,0],[-46.190147830999933,-23.149986793999972,0],[-46.190152713999964,-23.149986812999884,0],[-46.190157596999939,-23.149986882999883,0],[-46.19016247899998,-23.149986987999966,0],[-46.190167360999851,-23.149987109999927,0],[-46.190172241999903,-23.14998723199983,0],[-46.190177123999945,-23.149987338999836,0],[-46.190182006999976,-23.149987432999922,0],[-46.190186888999961,-23.149987520999957,0],[-46.190191771999935,-23.149987608999936,0],[-46.190196653999976,-23.149987704999944,0],[-46.190201535999904,-23.149987816999953,0],[-46.190206416999956,-23.149987949999968,0],[-46.190211297999952,-23.149988110999971,0],[-46.190216175999979,-23.149988305999898,0],[-46.190221052999959,-23.149988539999924,0],[-46.190225926999972,-23.149988816999951,0],[-46.190230797999959,-23.149989140999878,0],[-46.190235664999818,-23.149989512999923,0],[-46.190240526999958,-23.149989936999873,0],[-46.190245382999933,-23.149990410999976,0],[-46.190250232999972,-23.149990937999974,0],[-46.190255076999904,-23.149991516999933,0],[-46.190259912999977,-23.149992141999974,0],[-46.190264743999933,-23.149992801999929,0],[-46.190269570999874,-23.149993485999971,0],[-46.190274395999893,-23.149994182999933,0],[-46.190279219999979,-23.149994884999842,0],[-46.190284044999828,-23.149995582999964,0],[-46.19028887199994,-23.149996268999928,0],[-46.190293701999906,-23.149996932999898,0],[-46.190298536999933,-23.149997567999947,0],[-46.190303377999896,-23.149998161999918,0],[-46.190308225999956,-23.149998705999963,0],[-46.190313081999932,-23.149999186999935,0],[-46.19031794599988,-23.149999588999947,0],[-46.190322817999913,-23.149999896999873,0],[-46.190327696999873,-23.150000085999977,0],[-46.190332579999847,-23.150000130999899,0],[-46.190337459999967,-23.149999992999881,0],[-46.190342326999939,-23.149999625999953,0],[-46.190347155999973,-23.149998962999973,0],[-46.190351903999954,-23.149997912999822,0],[-46.190356483999949,-23.149996355999974,0],[-46.190360735999946,-23.149994148999951,0],[-46.190364396999883,-23.149991175999958,0],[-46.190367163999952,-23.149987468999939,0],[-46.190368948999833,-23.149983272999918,0],[-46.190369966999981,-23.149978859999919,0],[-46.190370445999974,-23.149974367999903,0],[-46.190370555999948,-23.149969853999892,0],[-46.190370412999869,-23.14996534099987,0],[-46.190370098999949,-23.149960834999945,0],[-46.190369671999974,-23.149956335999946,0],[-46.190369177999855,-23.149951843999929,0],[-46.190368653999883,-23.149947353999892,0],[-46.190368131999946,-23.149942863999968,0],[-46.190367641999899,-23.149938370999962,0],[-46.190367212999945,-23.149933871999963,0],[-46.190366873999949,-23.149929366999913,0],[-46.190366656999913,-23.149924855999927,0],[-46.190366595999819,-23.14992034099987,0],[-46.190366732999905,-23.149915826999973,0],[-46.190367111999933,-23.149911325999938,0],[-46.190367785999911,-23.149906853999937,0],[-46.190368814999886,-23.149902440999938,0],[-46.190370258999963,-23.149898128999894,0],[-46.190372140999898,-23.14989396299984,0],[-46.190374389999931,-23.149889955999924,0],[-46.190376921999871,-23.149886095999875,0],[-46.190379655999834,-23.149882353999942,0],[-46.190382518999968,-23.149878695999973,0],[-46.190385441999865,-23.14987507799998,0],[-46.190388361999908,-23.149871458999939,0],[-46.190391212999884,-23.149867792999885,0],[-46.190393926999946,-23.149864038999851,0],[-46.190396426999882,-23.149860159999946,0],[-46.190398625999876,-23.149856129999819,0],[-46.190400436999937,-23.149851937999983,0],[-46.190401789999953,-23.149847600999976,0],[-46.190402684999981,-23.1498431629999,0],[-46.190403126999911,-23.149838667999973,0],[-46.190403120999974,-23.149834152999972,0],[-46.190402667999933,-23.14982965899992,0],[-46.190401762999954,-23.149825222999937,0],[-46.190400400999863,-23.149820887999908,0],[-46.190398578999975,-23.149816699999917,0],[-46.19039629599996,-23.149812710999868,0],[-46.190393554999901,-23.149808975999974,0],[-46.190390312999909,-23.149805604999983,0],[-46.19038649099997,-23.149802805999911,0],[-46.19038207199992,-23.149800916999936,0],[-46.190377263999892,-23.149800194999898,0],[-46.190372389999936,-23.149800375999973,0],[-46.190367577999893,-23.149801135999951,0],[-46.190362869999944,-23.149802328999897,0],[-46.190358298999911,-23.149803913999847,0],[-46.190353880999908,-23.149805836999917,0],[-46.190349617999914,-23.1498080369999,0],[-46.19034549599985,-23.149810457999934,0],[-46.190341493999938,-23.14981304399987,0],[-46.190337583999906,-23.149815749999959,0],[-46.190333737999936,-23.149818531999983,0],[-46.190329924999958,-23.149821353999869,0],[-46.190326116999927,-23.149824181999918,0],[-46.190322286999958,-23.149826982999969,0],[-46.190318409999918,-23.149829727999929,0],[-46.190314463999925,-23.149832387999879,0],[-46.19031042599994,-23.149834927999905,0],[-46.190306275999887,-23.149837306999927,0],[-46.190301993999981,-23.149839477999933,0],[-46.190297566999959,-23.149841380999931,0],[-46.190292988999943,-23.149842948999947,0],[-46.190288271999975,-23.149844108999957,0],[-46.190283446999956,-23.149844788999928,0],[-46.190278568999986,-23.149844961999975,0],[-46.190273695999963,-23.149844688999849,0],[-46.190268863999904,-23.14984404199987,0],[-46.190264092999939,-23.149843085999976,0],[-46.190259387999902,-23.149841875999982,0],[-46.190254751999873,-23.149840458999961,0],[-46.190250179999964,-23.149838872999965,0],[-46.19024566499985,-23.149837152999908,0],[-46.1902411989999,-23.149835325999959,0],[-46.190236776999825,-23.149833409999871,0],[-46.190232391999984,-23.149831421999977,0],[-46.190228037999873,-23.149829377999822,0],[-46.190223702999958,-23.149827297999934,0],[-46.190219377999881,-23.149825200999942,0],[-46.190215051999985,-23.149823105999928,0],[-46.190210713999875,-23.14982103199992,0],[-46.190206353999884,-23.149818997999944,0],[-46.190201964999972,-23.149817018999954,0],[-46.190197538999939,-23.149815109999963,0],[-46.190194088999931,-23.149813690999963,0],[-46.190186967999978,-23.149761020999961,0]]]]},"properties":{"FID":129}},{"type":"Feature","id":130,"geometry":{"type":"Polygon","coordinates":[[[-47.737657307438724,-24.634731967989808,0],[-47.737654546519991,-24.634732603810448,0],[-47.737643234847326,-24.634734427635522,0],[-47.737631768491212,-24.63473503737589,0],[-47.737620302135156,-24.634734427635522,0],[-47.737608991361753,-24.634732603810448,0],[-47.737597988156608,-24.634729592880262,0],[-47.737587441806909,-24.634725435314408,0],[-47.737577494405798,-24.634720185971673,0],[-47.737568281750725,-24.634713915898317,0],[-47.737559927048892,-24.634706711429487,0],[-47.737552544514301,-24.634698669691716,0],[-47.737546232172804,-24.634689897704504,0],[-47.737541078158188,-24.634680515976925,0],[-47.737537149020113,-24.63467065041408,0],[-47.737534500516745,-24.634660435014894,0],[-47.737533166822175,-24.634650007375797,0],[-47.737533166822175,-24.63463950958959,0],[-47.737534500516745,-24.634629081950379,0],[-47.737537149020113,-24.634618865651987,0],[-47.737541078158188,-24.634609000988405,0],[-47.737546232172804,-24.634599619260825,0],[-47.737552544514301,-24.634590847273614,0],[-47.737559927048892,-24.634582805535842,0],[-47.737568281750725,-24.634575600167636,0],[-47.737577494405798,-24.634569330993656,0],[-47.737587441806909,-24.634564081650922,0],[-47.737597988156608,-24.634559924085067,0],[-47.737606230443077,-24.634557548975579,0],[-47.739006313890229,-24.634214991812314,0],[-47.739009075708168,-24.634214355092297,0],[-47.73902038648157,-24.634212532166487,0],[-47.739031852837627,-24.634211921526855,0],[-47.73904331919374,-24.634212532166487,0],[-47.739054630866406,-24.634214355092297,0],[-47.739065634071721,-24.634217366022483,0],[-47.739076180421364,-24.634221524487657,0],[-47.739086126923098,-24.634226773830392,0],[-47.739095339578171,-24.634233043004372,0],[-47.739103694280004,-24.634240247473315,0],[-47.739111077713972,-24.634248290110349,0],[-47.739117389156092,-24.634257061198298,0],[-47.739122544070085,-24.634266442925878,0],[-47.739126472308726,-24.634276308488722,0],[-47.739126808655215,-24.634277359796215,0],[-47.739424633539898,-24.635228519664338,0],[-47.740258629731898,-24.635693087849575,0],[-47.740854524116969,-24.635686635213915,0],[-47.741616051139829,-24.635426778806675,0],[-47.741616813764892,-24.63542652249987,0],[-47.741627816970151,-24.635423510670364,0],[-47.741639128642817,-24.635421687744554,0],[-47.741650594998873,-24.635421078004185,0],[-47.741662061354987,-24.635421687744554,0],[-47.741673373027652,-24.635423510670364,0],[-47.741684376232854,-24.63542652249987,0],[-47.741694922582496,-24.635430680065724,0],[-47.741704869983721,-24.635435929408459,0],[-47.741714082638737,-24.635442198582439,0],[-47.741715678935407,-24.635443449539366,0],[-47.742315621168927,-24.635923843994021,0],[-47.743231135508438,-24.636478696018798,0],[-47.74324004149463,-24.636484780831779,0],[-47.743248396196464,-24.636491985300722,0],[-47.743255779630488,-24.63650002703838,0],[-47.743262091072609,-24.636508799025648,0],[-47.743267245986544,-24.636518180753171,0],[-47.743268499641488,-24.636520964154954,0],[-47.743649871544278,-24.637409405303629,0],[-47.744236822171558,-24.63853273947808,0],[-47.74490440961074,-24.638988576145607,0],[-47.744908785711857,-24.638991743557824,0],[-47.744917140413577,-24.638998948026767,0],[-47.744924523847601,-24.639006990663802,0],[-47.744930835289722,-24.639015762651013,0],[-47.744934280592531,-24.639021718860931,0],[-47.745489767538686,-24.64007559119932,0],[-47.746303064934409,-24.64100355575323,0],[-47.74630520442156,-24.641006087344692,0],[-47.746311515863681,-24.641014859332017,0],[-47.746316670777617,-24.641024241059597,0],[-47.746320599915691,-24.641034106622442,0],[-47.74632324841906,-24.641044322021628,0],[-47.746324582113743,-24.641054749660668,0],[-47.746324582113743,-24.641065247446932,0],[-47.746324113566914,-24.641070225194426,0],[-47.746193397107504,-24.642118123336445,0],[-47.74658297892131,-24.643403552215887,0],[-47.746585283883689,-24.643413171364386,0],[-47.74679482861842,-24.644591676248524,0],[-47.746795941079711,-24.644600908688574,0],[-47.746795941079711,-24.644611406474894,0],[-47.746794903262071,-24.644620212636369,0],[-47.746592179885113,-24.645795791126488,0],[-47.747191709329798,-24.646552054417384,0],[-47.747197264442093,-24.646559883915074,0],[-47.747202419356086,-24.646569265642654,0],[-47.74720634849416,-24.646579131205499,0],[-47.747208997896905,-24.646589346604628,0],[-47.747210331591475,-24.646599774243782,0],[-47.747210331591475,-24.646610272929365,0],[-47.747208997896905,-24.646620700568462,0],[-47.74720634849416,-24.646630915967592,0],[-47.747202420255462,-24.646640781530436,0],[-47.747197264442093,-24.646650163258016,0],[-47.747195705917022,-24.646652544662743,0],[-47.746594843676974,-24.647539593660838,0],[-47.746590089860717,-24.647545983344003,0],[-47.746582706426693,-24.647554025081774,0],[-47.746574350825597,-24.647561229550718,0],[-47.746565136371828,-24.647567498724698,0],[-47.746555188970717,-24.647572748067432,0],[-47.746544640822492,-24.647576906532549,0],[-47.746535808580632,-24.64757942373501,0],[-47.746075899782909,-24.647689158111689,0],[-47.746068838306201,-24.648054940266832,0],[-47.746068197089585,-24.648063742831027,0],[-47.745993567748826,-24.648652175540974,0],[-47.746398824745938,-24.649790321549631,0],[-47.746873481525881,-24.650049543934756,0],[-47.746877092303862,-24.650051614174117,0],[-47.746886306757574,-24.650057883348097,0],[-47.74689466235867,-24.65006508781704,0],[-47.746902045792751,-24.650073130454075,0],[-47.746908358134135,-24.650081901542023,0],[-47.746913513947447,-24.650091283269603,0],[-47.746917443085408,-24.650101148832448,0],[-47.746920091588891,-24.650111364231577,0],[-47.74692142528346,-24.650121791870674,0],[-47.74692142528346,-24.650132290556314,0],[-47.746921086239013,-24.6501361693322,0],[-47.74683785578236,-24.650884616615315,0],[-47.746925989342913,-24.651434574529446,0],[-47.746926865282489,-24.651442408523849,0],[-47.746926865282489,-24.651452907209432,0],[-47.74692553158792,-24.651463333949152,0],[-47.746922882185174,-24.651473550247658,0],[-47.746918953047157,-24.651483414911127,0],[-47.746913798133164,-24.651492796638706,0],[-47.74690748579178,-24.651501568626031,0],[-47.746900101458436,-24.651509610363689,0],[-47.74689174585734,-24.651516815732009,0],[-47.746882532303005,-24.651523084905989,0],[-47.74687258400246,-24.651528334248724,0],[-47.746862035854178,-24.651532491814578,0],[-47.746857944838212,-24.6515337607579,0],[-47.74624664236859,-24.651709846215851,0],[-47.745332736916225,-24.652000698656764,0],[-47.745227853482618,-24.652362611928481,0],[-47.745342449594318,-24.652625381239829,0],[-47.746702253306296,-24.653151308369672,0],[-47.74670808810771,-24.653153772511985,0],[-47.746718036408197,-24.653159021854833,0],[-47.746727250861852,-24.653165291028813,0],[-47.746735606462948,-24.653172495497756,0],[-47.746742990796349,-24.653180537235414,0],[-47.74674930313779,-24.653189309222739,0],[-47.746754458951045,-24.653198690950319,0],[-47.74675838808912,-24.653208556513164,0],[-47.746761036592488,-24.653218771912236,0],[-47.746762370287115,-24.653229199551333,0],[-47.746762528567785,-24.653233239306019,0],[-47.74679760752349,-24.655625858629833,0],[-47.74679744924282,-24.655632317560844,0],[-47.74679611554825,-24.655642745199941,0],[-47.746793466145505,-24.65565296059907,0],[-47.746790408450522,-24.655660921397839,0],[-47.746212325138629,-24.656966969033704,0],[-47.746526377390296,-24.657513523913281,0],[-47.747404452953049,-24.659281905818659,0],[-47.747957895740228,-24.659791919444842,0],[-47.748608231484582,-24.660069930466136,0],[-47.748610709116917,-24.660071028538368,0],[-47.748620658316668,-24.660076277881217,0],[-47.748629873669699,-24.660082547055197,0],[-47.748638229270796,-24.660089751524083,0],[-47.74864561360414,-24.660097794161175,0],[-47.748651824322167,-24.66010640427038,0],[-47.748994891401026,-24.660646872538393,0],[-47.74918194319207,-24.660965595868788,0],[-47.74918559264097,-24.660972504460801,0],[-47.749189521778987,-24.660982370023646,0],[-47.749192171181733,-24.660992585422775,0],[-47.749193504876303,-24.661003013061872,0],[-47.749193504876303,-24.661013510848079,0],[-47.749192171181733,-24.66102393848729,0],[-47.749189521778987,-24.661034153886362,0],[-47.74918559264097,-24.661044019449207,0],[-47.749180436827601,-24.661053401176787,0],[-47.749174123586897,-24.661062173163998,0],[-47.749166739253496,-24.66107021490177,0],[-47.749158382753137,-24.661077419370713,0],[-47.749149168299368,-24.661083688544693,0],[-47.749140768631491,-24.661088211235267,0],[-47.748563942571877,-24.661364689811819,0],[-47.748532963625337,-24.661667978078015,0],[-47.749811074721265,-24.662432365844211,0],[-47.750798654434277,-24.662298898358699,0],[-47.750801639284134,-24.662298536831315,0],[-47.750813108338207,-24.662297927090947,0],[-47.750824576492903,-24.662298536831315,0],[-47.750835890863584,-24.662300359757126,0],[-47.750846895867426,-24.662303371586631,0],[-47.750857444915027,-24.662307529152315,0],[-47.750867394114891,-24.66231277849522,0],[-47.750876609467923,-24.6623190476692,0],[-47.750884965968282,-24.662326252138143,0],[-47.750892350301683,-24.662334294775121,0],[-47.750898663542444,-24.66234306586307,0],[-47.750903819355756,-24.662352447590706,0],[-47.750907748493717,-24.662362313153494,0],[-47.750910397896462,-24.662372528552567,0],[-47.750911731591088,-24.662382956191664,0],[-47.750911895267677,-24.662388941179927,0],[-47.750908466152737,-24.662773664855933,0],[-47.751661803049672,-24.663066205324355,0],[-47.751667503852104,-24.663068617306067,0],[-47.751677453051968,-24.663073866648801,0],[-47.751686668405,-24.663080135822781,0],[-47.751695024006096,-24.663087340291781,0],[-47.75170240923876,-24.663095382928759,0],[-47.751708721580201,-24.663104154016708,0],[-47.751713878292833,-24.663113535744344,0],[-47.75171780743085,-24.663123401307132,0],[-47.751720456833596,-24.663133616706318,0],[-47.751721790528165,-24.663144044345415,0],[-47.751721790528165,-24.663154543030998,0],[-47.751720456833596,-24.663164970670095,0],[-47.751718292165378,-24.663173657221762,0],[-47.751578207468242,-24.66363040220449,0],[-47.751574925842135,-24.663639293801623,0],[-47.751284570726341,-24.664308945184871,0],[-47.751250011578747,-24.664690568897868,0],[-47.751248846956628,-24.664698800392557,0],[-47.751246197553883,-24.66470901579163,0],[-47.751242268415922,-24.664718881354474,0],[-47.75123711260261,-24.664728263082054,0],[-47.751230799361849,-24.664737034170003,0],[-47.751223415028505,-24.664745076807037,0],[-47.751215058528032,-24.66475228127598,0],[-47.751205843175057,-24.66475855044996,0],[-47.75119589397525,-24.664763799792695,0],[-47.751185344927649,-24.664767958257926,0],[-47.751174339024487,-24.664770969188112,0],[-47.751163024653749,-24.664772792113922,0],[-47.75115155559979,-24.664773402753553,0],[-47.751140086545661,-24.664772792113922,0],[-47.751128772175036,-24.664770969188112,0],[-47.751117766271818,-24.664767958257812,0],[-47.751107218123536,-24.664763799792695,0],[-47.751097268024466,-24.66475855044996,0],[-47.751088053570754,-24.66475228127598,0],[-47.751079697070281,-24.664745076807037,0],[-47.751072311837675,-24.664737034170003,0],[-47.751065998596914,-24.664728263082054,0],[-47.751060842783602,-24.664718881354474,0],[-47.751056913645527,-24.66470901579163,0],[-47.751054264242782,-24.664698800392557,0],[-47.751052930548212,-24.664688372753346,0],[-47.751052930548212,-24.664677874067877,0],[-47.751053099620776,-24.664675677923412,0],[-47.751088868356476,-24.664280700177358,0],[-47.751090032978595,-24.664272469582045,0],[-47.751092682381341,-24.664262253283596,0],[-47.751095479272919,-24.664254889634719,0],[-47.751389343543281,-24.663577150648166,0],[-47.751504604254023,-24.663201344649565,0],[-47.75077050385562,-24.662916274849465,0],[-47.75076480395245,-24.66291386286764,0],[-47.750754854752699,-24.662908613524905,0],[-47.750745639399668,-24.662902344350925,0],[-47.750737282899195,-24.662895139881982,0],[-47.750729898565908,-24.662887097244948,0],[-47.75072358532509,-24.662878326156999,0],[-47.750718429511835,-24.66286894442942,0],[-47.750714500373817,-24.662859078866575,0],[-47.750711850971072,-24.662848863467445,0],[-47.750710517276502,-24.662838435828348,0],[-47.750710353599914,-24.662832450840199,0],[-47.750713379818535,-24.662492944177359,0],[-47.749802842327256,-24.662615999312152,0],[-47.749799858376662,-24.662616359940273,0],[-47.749788390221966,-24.662616970579904,0],[-47.749776921167893,-24.662616359940273,0],[-47.749765606797212,-24.662614537014463,0],[-47.749754601793313,-24.662611526084277,0],[-47.749744052745712,-24.66260736761916,0],[-47.749734292403559,-24.662602231590938,0],[-47.748374971627527,-24.661789276836942,0],[-47.748374783669306,-24.661789163522315,0],[-47.748365569215537,-24.661782894348335,0],[-47.748357212715177,-24.661775689879505,0],[-47.748349828381834,-24.661767648141733,0],[-47.748343515141073,-24.661758876154522,0],[-47.748338359327761,-24.661749494426942,0],[-47.748334430189686,-24.661739628864098,0],[-47.748331780786941,-24.661729413464911,0],[-47.748330447092371,-24.661718985825814,0],[-47.748330447092371,-24.661708488039608,0],[-47.748330706996455,-24.661705345808343,0],[-47.748372202614974,-24.66129911214756,0],[-47.748373275506196,-24.661291826739728,0],[-47.748375924908942,-24.661281610441279,0],[-47.748379854046902,-24.661271745777697,0],[-47.748385010759591,-24.661262364050117,0],[-47.748391323100975,-24.661253592062906,0],[-47.748398707434376,-24.661245550325134,0],[-47.748407063934735,-24.661238345856304,0],[-47.748416279287767,-24.661232075782948,0],[-47.748424678955644,-24.66122755399175,0],[-47.748960701874864,-24.660970632971612,0],[-47.748822342976666,-24.660734857710793,0],[-47.748496461942068,-24.660221486915418,0],[-47.747858263447995,-24.65994866408289,0],[-47.747855785815773,-24.659947566010601,0],[-47.747845836616023,-24.659942316667866,0],[-47.747836622162367,-24.659936047493886,0],[-47.74782997707166,-24.659930459106704,0],[-47.747251676123938,-24.65939753794936,0],[-47.747249965613321,-24.659395920968336,0],[-47.747242581280034,-24.659387879230565,0],[-47.747236268039217,-24.659379107243353,0],[-47.747231861361286,-24.659371272349631,0],[-47.746348849419746,-24.657592853110998,0],[-47.746016121846424,-24.65701387587302,0],[-47.74601287349526,-24.657007657061058,0],[-47.746008944357186,-24.656997791498213,0],[-47.746006294954441,-24.656987576099141,0],[-47.746004961259928,-24.65697714845993,0],[-47.746004961259928,-24.656966650673724,0],[-47.746006294954441,-24.656956223034626,0],[-47.746008944357186,-24.656946007635497,0],[-47.746012002951545,-24.656938045937352,0],[-47.746599788149638,-24.655610083621866,0],[-47.746565844138331,-24.653294610841101,0],[-47.745227459579496,-24.652776967366606,0],[-47.745221625677402,-24.652774504123556,0],[-47.745211677376915,-24.652769254780708,0],[-47.74520246292326,-24.652762984707465,0],[-47.745194107322163,-24.652755780238522,0],[-47.745186723888139,-24.65274773850075,0],[-47.745180410647379,-24.652738966513539,0],[-47.745175255733443,-24.652729584785959,0],[-47.745174196332073,-24.652727252843874,0],[-47.745032244642289,-24.652401755819767,0],[-47.745029374905641,-24.652394223098383,0],[-47.745026725502953,-24.652384006799934,0],[-47.745025391808269,-24.6523735800601,0],[-47.745025391808269,-24.652363081374517,0],[-47.745026725502953,-24.65235265373542,0],[-47.745028516952402,-24.652345216342155,0],[-47.74515519455656,-24.65190810176091,0],[-47.745156052509799,-24.651905323755159,0],[-47.74515998074844,-24.651895458192314,0],[-47.745165136561695,-24.651886076464734,0],[-47.745171448903193,-24.651877304477409,0],[-47.745178833236537,-24.651869262739751,0],[-47.745187188837633,-24.651862058270808,0],[-47.745196402392025,-24.651855789096828,0],[-47.745206351591776,-24.651850539754093,0],[-47.745216898840795,-24.651846381288863,0],[-47.745218199260421,-24.651845957708247,0],[-47.746184452450393,-24.651538456118374,0],[-47.746718319694651,-24.651384667551838,0],[-47.746640602981415,-24.650899707239148,0],[-47.746639727941044,-24.650891874144179,0],[-47.746639727941044,-24.650881375458596,0],[-47.746640066985378,-24.650877495783277,0],[-47.746718181199071,-24.650175068608007,0],[-47.746265685512867,-24.649927948399636,0],[-47.746262074734886,-24.649925879059538,0],[-47.746252860281174,-24.649919609885558,0],[-47.746244504680078,-24.649912405416728,0],[-47.746237121246111,-24.64990436277958,0],[-47.746230808904613,-24.649895591691745,0],[-47.746225653091358,-24.649886209064789,0],[-47.746222423625909,-24.649878388560296,0],[-47.745799030001137,-24.648689301353727,0],[-47.745798331227945,-24.648687257194752,0],[-47.7457956818252,-24.648677040896246,0],[-47.745794349029893,-24.648666614156525,0],[-47.745794349029893,-24.648656115470885,0],[-47.745794838261133,-24.648650969550204,0],[-47.745871395748225,-24.648047339196864,0],[-47.745879694692064,-24.647617510023622,0],[-47.745879846677497,-24.647613853380221,0],[-47.745881179472804,-24.647603425741011,0],[-47.745883828875549,-24.647593210341995,0],[-47.745887758013566,-24.64758334477915,0],[-47.745892912927559,-24.647573963051457,0],[-47.745899225268943,-24.647565191963622,0],[-47.74590660870291,-24.647557149326587,0],[-47.74591496430412,-24.647549944857644,0],[-47.745924177858456,-24.647543675683664,0],[-47.745934126158943,-24.647538426340816,0],[-47.745944673407905,-24.647534267875699,0],[-47.745953506548972,-24.647531751572615,0],[-47.74644767052348,-24.647413843257766,0],[-47.746992870124814,-24.646608972509682,0],[-47.746408266728054,-24.645871535626497,0],[-47.746402711615815,-24.645863706128694,0],[-47.746397556701766,-24.645854324401171,0],[-47.746393627563805,-24.645844458838269,0],[-47.746390979060322,-24.645834243439197,0],[-47.746389645365753,-24.6458238158001,0],[-47.746389645365753,-24.645813317114516,0],[-47.74639068228413,-24.645804510953042,0],[-47.74659729792694,-24.644606375667365,0],[-47.746391156226821,-24.643447001161803,0],[-47.745997894387244,-24.642149421542229,0],[-47.74599580975871,-24.642140998491982,0],[-47.745994476963517,-24.642130570852885,0],[-47.745994476963517,-24.642120072167302,0],[-47.74599494551029,-24.642115094419751,0],[-47.746123179840822,-24.641087110865158,0],[-47.745328567659158,-24.640180463841091,0],[-47.745326429071383,-24.640177933148834,0],[-47.745320116729886,-24.640169161161566,0],[-47.745316672326453,-24.640163204951648,0],[-47.744766807941744,-24.639119998572767,0],[-47.744099078409647,-24.638664063879219,0],[-47.744094702308644,-24.638660896466945,0],[-47.744086347606753,-24.638653691998115,0],[-47.744078965072163,-24.638645649360967,0],[-47.744072652730665,-24.638636878273019,0],[-47.744069063536415,-24.638630645071942,0],[-47.743470089872687,-24.63748429814558,0],[-47.743467270498058,-24.637478366217408,0],[-47.743095992585893,-24.636613436045025,0],[-47.742200936923609,-24.636070982073932,0],[-47.74219203093736,-24.636064898160328,0],[-47.742190435540124,-24.6360636472034,0],[-47.741629879115578,-24.635614791073579,0],[-47.740907468105149,-24.635861298843622,0],[-47.740906705480029,-24.635861556049804,0],[-47.740895702274713,-24.635864566979933,0],[-47.740884390602048,-24.635866389905743,0],[-47.740874094263972,-24.635866994250136,0],[-47.740232614143736,-24.635873940613635,0],[-47.740231444125811,-24.635873946908873,0],[-47.740219977769641,-24.635873336269242,0],[-47.740208666096976,-24.635871513343432,0],[-47.740197662891717,-24.635868502413189,0],[-47.740187116542131,-24.635864343948128,0],[-47.740180044273586,-24.63586075925042,0],[-47.739288891668991,-24.635364351467501,0],[-47.739286016536312,-24.635362687721738,0],[-47.739276803881353,-24.635356418547758,0],[-47.739268449179519,-24.635349214078815,0],[-47.739261065745552,-24.63534117144178,0],[-47.739254754303431,-24.635332400353889,0],[-47.739249599389439,-24.635323018626252,0],[-47.739245671150741,-24.635313153063294,0],[-47.739245334804309,-24.635312101755972,0],[-47.738963609582868,-24.634412356129189,0],[-47.737657307438724,-24.634731967989808,0]]]},"properties":{"FID":130}},{"type":"Feature","id":131,"geometry":{"type":"Polygon","coordinates":[[[-48.508896208291333,-24.310760641767558,0],[-48.508923115695723,-24.311285185493432,0],[-48.508582495952112,-24.312035148250118,0],[-48.508466723662764,-24.313259408947658,0],[-48.50888756783462,-24.314516921401378,0],[-48.509034265420553,-24.314867443386618,0],[-48.509242586611322,-24.315193705883246,0],[-48.509461158403838,-24.315439814231638,0],[-48.509577613046019,-24.315596952295891,0],[-48.509369101553489,-24.315715944131057,0],[-48.50907268374533,-24.315357470474225,0],[-48.508855998887611,-24.31517981774374,0],[-48.508593914062487,-24.315163048190186,0],[-48.508343336631242,-24.315111761989101,0],[-48.508070058715305,-24.315140917088002,0],[-48.507908204816999,-24.315144661048748,0],[-48.50771371369683,-24.315320409679089,0],[-48.507599461127938,-24.315243135655976,0],[-48.507577898016109,-24.314912551133943,0],[-48.507469811805549,-24.314606801042999,0],[-48.507426805219154,-24.314402295704269,0],[-48.507245589664933,-24.314155319970894,0],[-48.507142846142358,-24.314043529309288,0],[-48.507062606545333,-24.314296551578025,0],[-48.507001875355513,-24.314340767937495,0],[-48.507134103460146,-24.314517278818869,0],[-48.507218178477217,-24.314961263322516,0],[-48.507217581289865,-24.315176759508063,0],[-48.507293400000549,-24.315558085803218,0],[-48.507544083605524,-24.315648057847397,0],[-48.507745532119316,-24.315610477476866,0],[-48.507856336009354,-24.315601928873775,0],[-48.508163182180965,-24.315478111313155,0],[-48.508559912170256,-24.315534774963737,0],[-48.508688894614977,-24.316067503332533,0],[-48.508182411297128,-24.316294703204562,0],[-48.507755182887763,-24.316316557267328,0],[-48.507431995408126,-24.316677184152013,0],[-48.507029125547547,-24.316872055914246,0],[-48.5068209307492,-24.317020525546013,0],[-48.506690253320812,-24.317493418830168,0],[-48.506936729808388,-24.318023432022358,0],[-48.506539888559303,-24.318200206618656,0],[-48.506238560869292,-24.318880557013244,0],[-48.506629206370746,-24.318715897512675,0],[-48.507265793697513,-24.318587448149174,0],[-48.508071472837173,-24.318550854292653,0],[-48.50860379407726,-24.318786941245321,0],[-48.509013013126548,-24.318822364118432,0],[-48.509440578934743,-24.318812469168563,0],[-48.509527732131573,-24.319130682198875,0],[-48.510053612663228,-24.319369905434144,0],[-48.509967568959894,-24.319802860928576,0],[-48.509537893968627,-24.320447281056374,0],[-48.509206709534453,-24.321110370522376,0],[-48.508905274843926,-24.321075447351291,0],[-48.508029290079719,-24.321287256536834,0],[-48.507910731959498,-24.321607237110697,0],[-48.507842300898062,-24.322324101350489,0],[-48.507359102439864,-24.322449006517047,0],[-48.507046605168227,-24.322249731270631,0],[-48.506491752541535,-24.322026132260305,0],[-48.504813608351014,-24.321810543721369,0],[-48.50430492084547,-24.321484113281713,0],[-48.503704956160846,-24.321282495598098,0],[-48.502751170975444,-24.32068501894372,0],[-48.502105634900659,-24.319182570160535,0],[-48.502255831843343,-24.318706235567447,0],[-48.502591326557308,-24.318554831145946,0],[-48.50273227732356,-24.31833609233297,0],[-48.502779947107854,-24.31805067334443,0],[-48.50242383222627,-24.317571069245105,0],[-48.502591909088494,-24.317151185154046,0],[-48.501732869228078,-24.31643479016094,0],[-48.501373329305522,-24.316305422122582,0],[-48.500786595535885,-24.315633611234261,0],[-48.500841619356834,-24.315377950971538,0],[-48.501042223339084,-24.315190757712969,0],[-48.501204919819031,-24.31516904469953,0],[-48.501419539436199,-24.314897728390633,0],[-48.501669206382076,-24.314832107390714,0],[-48.50186437557835,-24.314803658283097,0],[-48.502083598806166,-24.314699832923054,0],[-48.502312586793153,-24.31447606891777,0],[-48.50250836053533,-24.314232121969098,0],[-48.502518369051131,-24.314477302139551,0],[-48.502545410442679,-24.314629311475358,0],[-48.502550483830248,-24.314695036360604,0],[-48.502676096889047,-24.31486871162582,0],[-48.502765864245077,-24.314926494700671,0],[-48.503094957471887,-24.315017656306679,0],[-48.503392560637451,-24.315203519129398,0],[-48.503448502486663,-24.315261604308489,0],[-48.503585136307095,-24.315365710372248,0],[-48.503749697367766,-24.315421285976072,0],[-48.503944168991382,-24.315424454411129,0],[-48.504178152343911,-24.315344347284736,0],[-48.50456231995372,-24.315253107654144,0],[-48.504700745567732,-24.315422294896223,0],[-48.504917933270804,-24.315643292920925,0],[-48.505132636087239,-24.315721770287553,0],[-48.505185268430068,-24.315735517848168,0],[-48.505281012803323,-24.31553577904657,0],[-48.505667586560776,-24.315104856473567,0],[-48.505967682775747,-24.314735788617384,0],[-48.50621251211868,-24.314696611268289,0],[-48.506486539384071,-24.314720799949328,0],[-48.50674999848593,-24.314681787220991,0],[-48.506881177388038,-24.314582983915955,0],[-48.506923328685332,-24.314453318307756,0],[-48.506871459436354,-24.31423005685798,0],[-48.50697410897385,-24.313925409222861,0],[-48.507187642753252,-24.313615204547148,0],[-48.507398704649631,-24.313215272496905,0],[-48.507405469183027,-24.31286794999744,0],[-48.507284537461487,-24.312508616492153,0],[-48.507472525644118,-24.311863807571967,0],[-48.508198131744905,-24.310937211364546,0],[-48.508896208291333,-24.310760641767558,0]]]},"properties":{"FID":131}}]}